window_idx,pred_command,confidence
0,24,0.2346
1,24,0.4364
2,24,0.2225
3,8,0.3746
4,8,0.2717
5,19,0.1410
6,22,0.1913
7,8,0.2128
8,24,0.3073
9,8,0.3212
10,8,0.5106
11,24,0.1613
12,8,0.2460
13,19,0.1027
14,21,0.1068
15,8,0.1741
17,24,0.1322
18,24,0.1621
19,21,0.1498
20,24,0.1832
21,24,0.2790
22,8,0.4377
23,20,0.2737
24,24,0.1843
25,24,0.1252
26,8,0.2261
27,8,0.1543
28,9,0.1580
29,8,0.3571
30,8,0.6730
31,8,0.5942
32,24,0.1860
33,21,0.1943
34,8,0.2522
35,30,0.1921
36,24,0.4966
37,23,0.2273
38,16,0.2348
39,24,0.4932
40,24,0.3051
41,22,0.5057
42,24,0.2238
43,24,0.1559
44,22,0.2989
45,8,0.3122
46,19,0.1082
47,24,0.1819
48,24,0.3622
49,22,0.1698
51,24,0.1515
52,8,0.2873
53,8,0.5299
54,8,0.5755
55,8,0.5170
56,8,0.4861
57,8,0.6015
58,8,0.4303
59,8,0.3965
60,8,0.6667
61,8,0.5687
62,8,0.6727
63,8,0.5651
64,19,0.1955
65,8,0.1552
66,0,0.1384
67,8,0.4628
68,24,0.2642
69,8,0.1864
70,8,0.6688
71,8,0.2620
72,8,0.3045
73,8,0.6202
74,8,0.4767
75,8,0.3523
76,9,0.3380
77,8,0.2063
78,24,0.1504
79,24,0.2186
80,8,0.2832
81,24,0.2797
82,24,0.2792
83,8,0.5884
84,8,0.4458
85,8,0.5555
86,8,0.5862
87,8,0.4248
88,8,0.2622
89,24,0.3138
90,24,0.4244
91,24,0.1598
93,19,0.1308
96,24,0.1781
97,24,0.2206
98,24,0.1915
99,24,0.1977
100,24,0.1428
101,24,0.1614
102,24,0.3614
103,24,0.3066
104,24,0.2188
105,22,0.1343
106,8,0.6338
107,8,0.5437
108,8,0.3261
109,8,0.2645
110,19,0.2219
111,7,0.1462
112,7,0.1537
115,24,0.2541
116,30,0.1344
117,15,0.1880
118,18,0.2791
119,13,0.1967
120,8,0.5746
121,8,0.5134
123,7,0.1321
124,7,0.2555
125,14,0.1195
126,28,0.2581
127,5,0.2706
128,5,0.1516
129,21,0.1846
131,8,0.3126
132,12,0.3505
133,5,0.2173
135,7,0.1862
136,27,0.1460
137,28,0.2264
138,5,0.2753
139,5,0.1375
140,21,0.1501
141,24,0.3992
142,22,0.1663
143,28,0.2720
144,5,0.1307
145,5,0.2100
146,5,0.2465
147,24,0.1448
148,7,0.1275
149,8,0.3853
150,28,0.1640
151,5,0.2747
152,7,0.1178
153,21,0.1273
154,8,0.1603
155,28,0.1903
156,9,0.3080
157,5,0.1143
158,24,0.1273
159,19,0.1061
160,28,0.1498
162,5,0.1509
165,28,0.1056
166,28,0.1829
167,21,0.1217
170,28,0.1697
171,6,0.1107
172,28,0.1371
173,2,0.1158
174,12,0.2588
175,5,0.2027
176,7,0.1246
177,24,0.1328
179,19,0.1217
180,5,0.3076
181,21,0.1193
182,7,0.1372
183,18,0.1451
184,19,0.1431
185,5,0.3467
186,5,0.1165
187,16,0.1438
188,8,0.5703
189,8,0.4830
190,5,0.3765
194,12,0.2808
195,7,0.1124
197,8,0.6418
198,8,0.7001
199,8,0.2297
200,8,0.2676
201,8,0.3614
202,16,0.2290
205,21,0.1449
206,21,0.1612
207,24,0.1762
208,21,0.1628
209,7,0.1063
210,7,0.1153
211,0,0.1510
212,4,0.1645
214,21,0.1479
215,21,0.1371
216,8,0.1688
217,8,0.2088
218,12,0.1109
219,1,0.1215
220,8,0.1249
222,5,0.1597
223,21,0.1420
224,21,0.1031
226,5,0.1138
227,24,0.2021
228,24,0.1963
229,24,0.1396
230,7,0.1207
231,8,0.1134
232,19,0.1101
233,21,0.1502
234,21,0.1172
236,8,0.2475
237,8,0.1412
238,5,0.1395
240,8,0.1083
241,6,0.1110
242,7,0.1281
244,19,0.1947
245,7,0.1992
246,19,0.1343
250,21,0.1199
251,7,0.1224
252,21,0.1500
253,8,0.1758
254,8,0.3027
256,8,0.1464
257,8,0.1139
258,5,0.1340
259,9,0.1159
260,5,0.1843
262,8,0.1239
263,19,0.1282
264,7,0.1711
265,8,0.1637
266,6,0.1245
267,19,0.1546
268,23,0.1306
269,19,0.1070
270,21,0.1632
271,19,0.1711
272,19,0.1404
273,5,0.1222
275,8,0.1782
276,1,0.1671
277,1,0.2256
278,5,0.1104
279,7,0.1458
280,8,0.5909
281,8,0.3420
282,19,0.1218
283,8,0.1782
284,8,0.1651
285,7,0.1277
286,21,0.1034
288,8,0.1880
289,24,0.2050
290,7,0.2010
291,21,0.1738
292,7,0.1229
293,24,0.1490
294,24,0.1152
295,8,0.1848
296,8,0.1226
297,8,0.2862
298,8,0.1441
299,7,0.2157
300,24,0.1705
301,19,0.1199
303,21,0.1270
304,19,0.1451
305,21,0.1415
306,21,0.1427
307,8,0.1272
310,8,0.2305
312,24,0.1713
313,8,0.2257
314,8,0.2450
315,24,0.1740
316,24,0.1677
319,21,0.1448
321,8,0.1448
322,24,0.1204
325,19,0.1818
326,8,0.1812
327,7,0.1120
328,19,0.1375
329,8,0.1483
330,19,0.1489
331,23,0.1338
332,21,0.1221
334,8,0.1779
335,7,0.1366
336,7,0.1277
337,8,0.7879
338,8,0.4376
340,8,0.7016
341,8,0.1424
343,8,0.6379
345,8,0.1834
346,8,0.6556
347,21,0.1333
348,24,0.2639
349,8,0.4294
350,16,0.1937
351,7,0.1661
352,8,0.1237
353,21,0.1359
354,21,0.1860
355,21,0.1582
356,22,0.1776
357,8,0.2216
358,24,0.1259
359,24,0.2103
360,21,0.1425
362,24,0.1229
363,21,0.1133
364,8,0.8770
365,8,0.7460
366,24,0.1689
367,8,0.1820
368,8,0.2224
369,24,0.1712
370,24,0.3113
371,24,0.2181
372,8,0.3384
373,7,0.1055
374,19,0.1536
375,8,0.4547
376,8,0.3571
377,24,0.1498
378,15,0.1655
379,19,0.1424
380,21,0.1237
381,21,0.1871
382,19,0.1459
383,22,0.1762
384,24,0.4493
385,24,0.2208
386,0,0.1205
387,11,0.2201
388,7,0.1075
389,21,0.1244
390,22,0.1316
391,24,0.1204
392,21,0.1156
393,19,0.1629
394,24,0.1553
395,19,0.1525
396,19,0.1748
397,24,0.2393
398,24,0.1737
399,24,0.3050
400,24,0.2911
401,24,0.2286
402,24,0.2565
403,24,0.4692
404,24,0.2290
405,24,0.1715
406,24,0.1177
407,19,0.1358
409,7,0.1175
410,21,0.1347
411,21,0.1840
412,7,0.1199
413,24,0.2303
414,19,0.2330
415,24,0.2085
416,7,0.1683
417,24,0.3361
418,24,0.4929
419,24,0.3641
420,24,0.2099
421,19,0.1346
422,21,0.1756
423,7,0.1764
424,7,0.1796
425,22,0.1646
426,16,0.2881
427,21,0.1481
428,21,0.1552
429,0,0.1856
430,0,0.1189
431,21,0.1632
432,19,0.1388
434,21,0.1692
435,21,0.2471
436,0,0.1774
437,11,0.1848
438,22,0.1100
439,19,0.2010
440,23,0.1040
441,24,0.1325
442,24,0.3115
444,7,0.1527
445,32,0.1045
447,7,0.1942
448,7,0.2853
449,21,0.1035
450,0,0.1115
451,5,0.1037
452,21,0.1498
453,21,0.1715
454,5,0.1817
455,16,0.2582
456,16,0.4296
457,2,0.1503
458,5,0.1063
459,24,0.2012
460,28,0.1162
461,2,0.1532
462,2,0.2157
463,2,0.2623
465,16,0.1372
466,33,0.1506
469,5,0.1242
470,19,0.1185
472,12,0.1366
473,2,0.1482
474,12,0.1243
477,5,0.1108
478,4,0.1255
480,21,0.1311
481,5,0.1299
482,7,0.1394
484,28,0.1116
485,4,0.2743
486,2,0.2141
489,4,0.3607
491,21,0.1141
492,21,0.1139
493,24,0.1678
496,32,0.1182
497,7,0.1600
498,7,0.1622
502,7,0.1511
503,21,0.1477
506,24,0.1412
507,24,0.1882
508,5,0.1127
509,5,0.1920
510,5,0.1483
511,5,0.1804
512,21,0.2006
516,7,0.1139
517,19,0.1698
518,12,0.1386
519,25,0.1619
520,2,0.1398
521,15,0.2375
522,0,0.1818
523,1,0.1478
524,2,0.1439
525,12,0.2121
526,15,0.1385
527,29,0.1143
529,12,0.1215
530,31,0.1671
532,29,0.1179
533,2,0.1157
535,21,0.1167
536,7,0.1506
537,24,0.2870
538,24,0.3579
539,24,0.3672
541,32,0.1296
542,0,0.4343
543,11,0.2426
544,24,0.2889
545,30,0.1784
546,0,0.2111
547,7,0.1659
548,21,0.1230
549,8,0.1378
550,7,0.1198
551,8,0.1406
552,8,0.2835
553,0,0.3291
555,21,0.1369
556,21,0.1132
558,24,0.1451
559,21,0.1412
560,24,0.2855
561,8,0.1319
562,24,0.1530
563,24,0.1829
564,21,0.1179
565,21,0.1249
566,7,0.1372
567,8,0.1308
568,8,0.1456
569,7,0.1474
570,21,0.1070
571,21,0.1164
572,24,0.1225
573,24,0.1273
574,21,0.1546
575,24,0.1175
576,8,0.1401
577,8,0.1387
578,6,0.1030
579,30,0.1600
580,24,0.2266
581,21,0.1343
582,8,0.3431
583,8,0.1604
584,21,0.1219
585,21,0.1696
586,8,0.1123
587,8,0.2058
588,8,0.3517
589,8,0.1413
591,8,0.1067
592,7,0.1282
593,8,0.1766
594,8,0.2374
595,8,0.4059
596,7,0.1454
598,8,0.2475
599,24,0.4087
600,24,0.2845
601,8,0.2435
602,24,0.1186
603,19,0.1403
604,8,0.1532
605,8,0.1174
606,8,0.1200
607,19,0.1838
608,8,0.1499
609,8,0.1260
610,8,0.1280
611,24,0.2225
612,21,0.1268
613,8,0.3658
614,30,0.1088
615,24,0.2235
616,8,0.2316
617,8,0.1861
618,21,0.1625
619,24,0.1602
620,8,0.3215
621,8,0.2865
622,24,0.3074
623,24,0.6466
624,19,0.1667
625,19,0.1613
626,24,0.1521
627,8,0.1216
628,19,0.1085
629,7,0.1073
630,8,0.4221
631,8,0.1131
632,21,0.2064
633,24,0.1820
634,8,0.1314
636,24,0.3184
637,8,0.2262
638,11,0.1595
639,21,0.1474
640,8,0.3917
641,8,0.2767
642,21,0.1516
643,8,0.1500
644,7,0.1356
645,7,0.1837
646,8,0.1794
647,8,0.3516
648,24,0.2930
649,21,0.1672
650,8,0.3238
651,11,0.1459
653,8,0.1475
654,21,0.1835
655,11,0.1226
656,11,0.1094
657,19,0.1208
658,8,0.1481
659,24,0.1626
661,11,0.1031
662,24,0.2113
663,8,0.1779
664,24,0.1585
665,24,0.1094
666,21,0.1350
667,24,0.1613
668,19,0.1214
669,8,0.2772
670,19,0.2598
671,24,0.3810
672,24,0.2618
673,10,0.2353
674,24,0.2526
675,19,0.1842
676,16,0.2748
677,8,0.2850
678,8,0.2420
679,19,0.2165
680,8,0.5636
681,8,0.6207
682,8,0.2310
683,19,0.1230
684,19,0.2525
685,7,0.2300
686,7,0.2021
687,7,0.2220
688,19,0.1348
689,19,0.1805
690,19,0.1411
691,21,0.1252
692,7,0.1576
693,21,0.1095
694,21,0.1454
696,16,0.3433
697,8,0.5266
702,8,0.4269
703,8,0.3636
704,7,0.1780
705,5,0.1204
708,8,0.8354
709,8,0.2606
710,8,0.1153
711,8,0.2337
712,8,0.1560
713,8,0.4164
714,19,0.1536
715,8,0.1936
716,8,0.1723
717,8,0.5968
718,20,0.1539
719,8,0.4803
720,8,0.1234
721,8,0.1337
722,8,0.5956
723,8,0.5623
724,21,0.1401
725,8,0.3909
726,8,0.3793
727,5,0.2028
728,8,0.3152
729,8,0.7032
730,8,0.4762
731,8,0.8365
732,8,0.8394
733,8,0.2682
734,8,0.7159
735,8,0.2741
736,7,0.1219
737,19,0.2072
738,8,0.7930
739,8,0.3034
740,8,0.2513
741,8,0.6220
742,16,0.2204
744,8,0.3869
745,16,0.1834
747,24,0.1635
748,16,0.1465
749,16,0.1185
750,5,0.1112
751,24,0.2324
752,19,0.1312
753,21,0.1079
754,7,0.1084
755,8,0.2016
756,6,0.1028
757,8,0.2168
758,30,0.2806
759,19,0.1485
760,5,0.3509
761,8,0.3050
762,8,0.3641
763,21,0.1349
764,21,0.1143
765,7,0.1303
766,19,0.1797
767,10,0.2169
768,7,0.2552
769,5,0.1325
770,7,0.1324
771,7,0.2635
772,24,0.2351
773,21,0.1772
774,7,0.1159
775,8,0.1316
776,10,0.2160
777,24,0.2758
778,24,0.1695
779,21,0.2032
780,21,0.2573
781,8,0.2236
782,9,0.1813
783,7,0.1353
784,19,0.2362
785,19,0.1156
786,21,0.1129
787,19,0.1454
788,19,0.1950
789,21,0.1368
790,7,0.1550
791,24,0.1721
792,7,0.1668
793,8,0.1535
794,7,0.1343
795,21,0.1788
796,23,0.1103
797,8,0.1868
798,8,0.3259
799,21,0.1312
800,19,0.1225
801,10,0.1198
802,24,0.1701
803,8,0.1427
804,24,0.1180
805,8,0.2830
806,8,0.2315
807,8,0.5258
808,8,0.3176
809,24,0.2084
810,21,0.2445
811,19,0.1741
812,8,0.5994
813,8,0.2114
814,24,0.2380
815,24,0.2093
816,8,0.1720
817,7,0.1068
818,8,0.1641
819,10,0.1664
820,8,0.3964
821,8,0.3510
822,8,0.4638
823,8,0.5558
824,19,0.1369
825,22,0.1940
826,16,0.2146
827,16,0.3353
828,8,0.4944
829,8,0.1335
830,0,0.1774
831,0,0.7953
832,0,0.5625
833,2,0.1955
834,33,0.2108
835,33,0.3150
836,33,0.5285
837,33,0.6206
838,4,0.4606
839,1,0.1191
840,24,0.1619
843,21,0.1035
846,24,0.1415
847,7,0.1377
848,24,0.1675
849,24,0.1764
850,24,0.1378
851,10,0.1435
852,8,0.1144
854,5,0.1454
855,8,0.1121
856,10,0.1165
857,5,0.1680
860,2,0.2625
862,24,0.1370
864,8,0.4130
866,4,0.2045
867,4,0.1469
868,19,0.1862
869,24,0.1761
870,24,0.1749
871,19,0.1217
873,23,0.1112
874,19,0.1424
875,5,0.1025
876,5,0.3010
877,5,0.1939
878,7,0.1172
880,7,0.1039
881,24,0.1070
882,24,0.1027
883,24,0.1089
884,24,0.1233
885,24,0.1140
887,7,0.1404
888,19,0.1964
889,6,0.1597
890,8,0.1413
891,8,0.2054
892,19,0.1880
893,7,0.1598
894,7,0.1403
895,24,0.1398
896,7,0.1045
898,24,0.1074
899,24,0.1048
901,13,0.1055
902,13,0.1085
903,24,0.1164
904,24,0.1439
905,24,0.1112
906,24,0.2050
907,8,0.5727
908,9,0.1782
909,24,0.1868
910,19,0.1729
911,8,0.4637
912,8,0.3041
913,23,0.1457
914,19,0.2086
915,19,0.1219
917,5,0.2383
918,7,0.1916
919,7,0.1236
920,5,0.2091
921,5,0.1235
922,5,0.1929
923,7,0.1286
924,21,0.1514
925,0,0.1142
926,12,0.1035
927,4,0.5667
928,4,0.9480
930,19,0.1537
931,6,0.1267
932,4,0.1853
934,25,0.1061
935,19,0.1647
936,24,0.2403
938,18,0.1267
939,7,0.1211
940,23,0.1502
941,23,0.1551
942,12,0.2551
943,12,0.2241
944,23,0.1435
945,4,0.1395
946,4,0.4029
949,8,0.1286
950,7,0.1450
951,7,0.1986
952,21,0.2034
953,19,0.1327
954,15,0.1092
955,15,0.1654
956,15,0.1031
957,24,0.2146
958,7,0.2749
959,7,0.2106
960,19,0.1826
961,16,0.2046
962,23,0.1542
963,16,0.2646
964,8,0.8314
965,8,0.6575
966,15,0.1733
967,7,0.3200
968,7,0.1436
969,5,0.1224
971,5,0.1582
972,7,0.1682
973,21,0.1287
976,30,0.1532
979,7,0.1128
980,7,0.1383
981,7,0.1587
982,16,0.1392
983,0,0.1117
985,21,0.1050
986,29,0.1059
988,30,0.1363
989,24,0.1268
991,29,0.1200
993,21,0.1091
994,19,0.1071
995,24,0.2458
996,24,0.2303
997,19,0.1619
999,19,0.1137
1000,19,0.1477
1001,21,0.1603
1002,24,0.1448
1004,24,0.1232
1005,24,0.2373
1006,24,0.2270
1007,24,0.1320
1008,21,0.1737
1009,7,0.1438
1011,16,0.1389
1012,0,0.1272
1013,5,0.1059
1014,8,0.2420
1016,8,0.2902
1017,8,0.3261
1018,15,0.1172
1019,29,0.1223
1021,8,0.2814
1022,31,0.1337
1023,5,0.1204
1024,8,0.3006
1025,8,0.2663
1026,7,0.2802
1027,7,0.1145
1028,30,0.1802
1029,7,0.1857
1030,7,0.1272
1031,24,0.1129
1032,15,0.1177
1033,5,0.2001
1035,24,0.3290
1036,19,0.1456
1037,32,0.1175
1038,31,0.1028
1039,30,0.1400
1040,7,0.1505
1041,21,0.1644
1042,21,0.2919
1043,5,0.1560
1045,21,0.1418
1046,7,0.1186
1047,13,0.1178
1049,21,0.1063
1050,21,0.1445
1051,23,0.2272
1053,24,0.1029
1055,19,0.1433
1056,7,0.1413
1057,21,0.1125
1058,24,0.1317
1059,19,0.1182
1060,23,0.1679
1061,23,0.1418
1062,1,0.1148
1063,19,0.1526
1064,19,0.1403
1065,19,0.1305
1066,7,0.1317
1067,21,0.1368
1068,8,0.1555
1069,8,0.2456
1070,5,0.1137
1072,28,0.1090
1073,28,0.1318
1074,21,0.1165
1075,7,0.1072
1076,23,0.1944
1077,23,0.1621
1078,7,0.1136
1079,0,0.1177
1080,8,0.6130
1082,8,0.1671
1083,8,0.8627
1084,8,0.2238
1085,7,0.1207
1086,8,0.1673
1087,28,0.1267
1089,21,0.1283
1090,8,0.3873
1091,8,0.6681
1094,8,0.1391
1095,8,0.2904
1097,7,0.1161
1099,23,0.1184
1100,19,0.2827
1101,7,0.1956
1102,21,0.1430
1103,8,0.1631
1104,16,0.2186
1105,23,0.1704
1107,8,0.1346
1108,23,0.1303
1109,19,0.1135
1110,21,0.1446
1111,21,0.1461
1112,21,0.1543
1113,23,0.1597
1114,19,0.2775
1115,7,0.1587
1116,24,0.1329
1117,21,0.1084
1118,7,0.1963
1119,7,0.1810
1120,7,0.2128
1121,7,0.2524
1122,7,0.1722
1123,7,0.1905
1124,7,0.1760
1125,24,0.1791
1126,7,0.1509
1127,21,0.1453
1128,21,0.1330
1131,24,0.1235
1133,7,0.1067
1134,24,0.1155
1137,5,0.1122
1138,9,0.1348
1139,9,0.1265
1141,5,0.1233
1142,7,0.1555
1143,7,0.1558
1144,24,0.3954
1146,24,0.1101
1147,7,0.1357
1149,4,0.3304
1152,4,0.3546
1153,4,0.2672
1154,7,0.1080
1155,24,0.1676
1157,4,0.4314
1158,25,0.1110
1159,7,0.1044
1160,7,0.1202
1161,33,0.1494
1162,0,0.1057
1165,25,0.1237
1166,25,0.1871
1167,25,0.1265
1169,13,0.1407
1170,0,0.1288
1171,25,0.1805
1172,7,0.1182
1177,24,0.1037
1178,21,0.1223
1179,7,0.1038
1180,5,0.1732
1181,19,0.1057
1183,5,0.1662
1184,5,0.1826
1187,9,0.1600
1191,5,0.1971
1192,5,0.1905
1193,7,0.1299
1194,7,0.1525
1196,8,0.6340
1197,8,0.6429
1200,19,0.1457
1201,7,0.1147
1202,5,0.1268
1203,5,0.1244
1207,7,0.1043
1209,31,0.1285
1210,11,0.1193
1211,21,0.1298
1212,21,0.1882
1213,20,0.1184
1214,20,0.1451
1215,22,0.1195
1216,8,0.2009
1217,20,0.1467
1218,30,0.1220
1219,21,0.1858
1220,7,0.1752
1221,21,0.2452
1222,21,0.2137
1223,24,0.3892
1225,4,0.1031
1226,21,0.1139
1227,19,0.1845
1228,15,0.2538
1229,15,0.1714
1232,32,0.1728
1233,19,0.1678
1234,19,0.1948
1235,9,0.1717
1236,19,0.1468
1237,8,0.1479
1238,7,0.1596
1239,19,0.1893
1240,19,0.1922
1241,19,0.1382
1243,5,0.1559
1244,21,0.1883
1245,9,0.2312
1246,5,0.2381
1247,9,0.1416
1248,9,0.2446
1249,9,0.2160
1250,9,0.3413
1251,9,0.4281
1252,16,0.3252
1253,19,0.1907
1254,9,0.1351
1255,5,0.1308
1256,8,0.2299
1257,16,0.5676
1258,16,0.1714
1259,11,0.1916
1260,11,0.2379
1261,16,0.1735
1262,16,0.2529
1263,9,0.2259
1264,7,0.1940
1265,19,0.1791
1266,19,0.3239
1267,19,0.2615
1268,7,0.1456
1269,7,0.1484
1270,21,0.1306
1271,19,0.2158
1272,21,0.3265
1273,19,0.1683
1274,19,0.1974
1275,5,0.1741
1276,7,0.1460
1277,19,0.1441
1278,21,0.1245
1279,21,0.1873
1280,19,0.1166
1281,19,0.2698
1282,16,0.1703
1283,5,0.1192
1284,19,0.2424
1285,16,0.4015
1286,19,0.1441
1287,19,0.1088
1289,19,0.2032
1290,19,0.1888
1291,5,0.1970
1292,5,0.1834
1293,19,0.1437
1294,9,0.1988
1295,5,0.1218
1296,21,0.1209
1297,7,0.1176
1298,16,0.1151
1299,9,0.2317
1300,8,0.1707
1301,5,0.1127
1302,7,0.1085
1303,19,0.1430
1304,19,0.2313
1305,9,0.3305
1306,8,0.3526
1307,9,0.2187
1308,5,0.1211
1309,16,0.1623
1310,16,0.6144
1311,16,0.2300
1312,5,0.2119
1313,9,0.2732
1314,8,0.5678
1315,5,0.1792
1316,5,0.1720
1317,15,0.1845
1318,24,0.3177
1319,24,0.2793
1320,21,0.2112
1321,8,0.1464
1322,24,0.1502
1323,24,0.1543
1325,7,0.1411
1326,15,0.1087
1327,16,0.1505
1328,21,0.3529
1329,24,0.3196
1330,24,0.2545
1331,24,0.1542
1332,7,0.1206
1333,9,0.1199
1334,21,0.1320
1335,8,0.1588
1336,8,0.2169
1337,8,0.1330
1338,7,0.1071
1339,7,0.2031
1340,5,0.1798
1341,15,0.1816
1342,21,0.1670
1343,19,0.1516
1344,5,0.1280
1345,15,0.1332
1346,19,0.1565
1347,8,0.2449
1348,21,0.1507
1349,5,0.1478
1350,19,0.1456
1351,8,0.2925
1352,21,0.1898
1353,19,0.1048
1355,19,0.1628
1356,19,0.1858
1357,8,0.1414
1358,8,0.3358
1359,21,0.1608
1360,7,0.1567
1361,7,0.1231
1362,7,0.1192
1363,7,0.1337
1365,15,0.2368
1366,21,0.2812
1367,19,0.2210
1368,7,0.1094
1369,21,0.1117
1370,16,0.2303
1371,21,0.1829
1372,15,0.1294
1373,21,0.1465
1374,8,0.5813
1375,8,0.1537
1376,19,0.1466
1377,21,0.1325
1378,9,0.3095
1379,23,0.2195
1380,19,0.1905
1381,24,0.1913
1382,5,0.1280
1383,23,0.1619
1384,20,0.1545
1385,7,0.1188
1388,19,0.1493
1389,23,0.1542
1390,7,0.2124
1391,7,0.1808
1392,21,0.1277
1393,21,0.1593
1394,7,0.1721
1395,21,0.2700
1396,8,0.2053
1398,21,0.2137
1399,8,0.3469
1400,24,0.1271
1401,24,0.1493
1402,24,0.1861
1403,24,0.1337
1404,24,0.2474
1405,24,0.1585
1406,5,0.1415
1407,16,0.2150
1408,19,0.1279
1409,19,0.1862
1410,8,0.1835
1411,8,0.1381
1412,8,0.1442
1413,21,0.1645
1414,7,0.1258
1415,5,0.3008
1416,5,0.1850
1417,8,0.2378
1418,19,0.1588
1419,19,0.1675
1420,19,0.1804
1421,8,0.4052
1422,9,0.3897
1423,9,0.4371
1424,9,0.5333
1425,9,0.5275
1426,8,0.5327
1427,9,0.6887
1428,8,0.4940
1429,8,0.4474
1430,8,0.3472
1431,9,0.5452
1432,9,0.3661
1433,8,0.5695
1434,8,0.6923
1435,8,0.5256
1436,9,0.4471
1437,9,0.3251
1438,8,0.4909
1439,19,0.1780
1440,24,0.1651
1441,5,0.1969
1442,5,0.1579
1443,24,0.1229
1444,8,0.4449
1445,8,0.5998
1446,19,0.1659
1447,5,0.1693
1448,7,0.1280
1449,8,0.1551
1450,8,0.5216
1451,8,0.6561
1452,9,0.3678
1453,9,0.1174
1454,7,0.1409
1455,19,0.1309
1456,16,0.3814
1457,19,0.2238
1458,9,0.1745
1459,8,0.1616
1460,19,0.1406
1461,8,0.4172
1462,16,0.1968
1463,19,0.1598
1464,24,0.1482
1465,24,0.1091
1466,19,0.1789
1467,19,0.1481
1468,16,0.5068
1469,8,0.3961
1470,19,0.1782
1471,7,0.2117
1472,7,0.1207
1473,9,0.1467
1474,19,0.2879
1475,19,0.2191
1477,5,0.1920
1478,7,0.1242
1479,5,0.1167
1480,19,0.1084
1481,21,0.1512
1482,21,0.1557
1483,5,0.1562
1484,9,0.1335
1485,24,0.1689
1486,19,0.1675
1487,19,0.1434
1488,7,0.1534
1489,7,0.1136
1490,7,0.1079
1491,16,0.1975
1492,8,0.5841
1493,0,0.1458
1494,5,0.1196
1495,7,0.1157
1496,8,0.1323
1497,8,0.7228
1498,28,0.1727
1501,21,0.1078
1503,22,0.1496
1504,28,0.1296
1505,12,0.1790
1506,8,0.5671
1507,8,0.7618
1508,8,0.7162
1509,8,0.1719
1510,8,0.1491
1511,8,0.3222
1512,8,0.5615
1513,8,0.6965
1514,8,0.1608
1515,8,0.1241
1516,8,0.3034
1517,8,0.6535
1518,8,0.2464
1519,7,0.1458
1520,7,0.1666
1521,24,0.1916
1522,30,0.1503
1524,16,0.4632
1525,16,0.4272
1526,8,0.4436
1527,8,0.4129
1528,8,0.2370
1529,7,0.1923
1530,7,0.1539
1531,7,0.1239
1532,5,0.1626
1533,8,0.4197
1534,8,0.8054
1535,8,0.6711
1536,8,0.1910
1538,7,0.1361
1539,5,0.3055
1540,7,0.1642
1541,24,0.1584
1542,24,0.1872
1543,8,0.2860
1544,8,0.5342
1545,8,0.4354
1547,5,0.2095
1548,5,0.1818
1549,21,0.1238
1550,7,0.1319
1551,7,0.1363
1552,19,0.1323
1553,16,0.3243
1554,9,0.2423
1555,5,0.1879
1556,5,0.1336
1557,7,0.1511
1558,7,0.1538
1559,7,0.1077
1560,9,0.1392
1561,9,0.1851
1562,8,0.2083
1563,8,0.7603
1564,8,0.6376
1565,8,0.2436
1566,7,0.1287
1567,19,0.1141
1568,21,0.1275
1569,8,0.7289
1570,8,0.1040
1571,9,0.1231
1572,16,0.2889
1573,16,0.4467
1574,8,0.4902
1575,9,0.1736
1576,16,0.2088
1577,8,0.6272
1578,16,0.3881
1579,8,0.1185
1580,8,0.8402
1581,8,0.7963
1582,19,0.1851
1583,21,0.1423
1584,21,0.1223
1585,19,0.1414
1586,7,0.1816
1587,7,0.1150
1588,7,0.1190
1590,21,0.1150
1591,5,0.1267
1592,5,0.1052
1593,19,0.1037
1596,14,0.1132
1597,5,0.1778
1598,6,0.1242
1599,6,0.1304
1600,19,0.1723
1601,8,0.1532
1602,25,0.1154
1603,25,0.1920
1606,19,0.1639
1607,19,0.1448
1608,19,0.1173
1610,19,0.1324
1611,19,0.1412
1612,19,0.1085
1614,7,0.1936
1615,7,0.1488
1616,7,0.1277
1618,28,0.1150
1619,19,0.1427
1622,5,0.1302
1625,5,0.1778
1626,5,0.1616
1627,19,0.1154
1629,7,0.1190
1632,5,0.2055
1633,5,0.1066
1634,12,0.1075
1636,19,0.1414
1639,23,0.1039
1641,28,0.1089
1642,6,0.1488
1643,28,0.1572
1644,23,0.1527
1646,12,0.1029
1647,28,0.1138
1648,9,0.1135
1649,23,0.1700
1650,23,0.1518
1651,19,0.1303
1652,13,0.1278
1654,16,0.1236
1655,1,0.1267
1656,9,0.2466
1657,6,0.1117
1658,1,0.1365
1659,4,0.2771
1662,22,0.1759
1663,8,0.7506
1664,8,0.5582
1665,8,0.5810
1666,16,0.5793
1667,12,0.2736
1669,21,0.1962
1670,8,0.1671
1671,19,0.1274
1672,8,0.5112
1673,8,0.6440
1674,7,0.1300
1675,24,0.1601
1676,19,0.1535
1677,8,0.7389
1678,8,0.3929
1679,7,0.1531
1680,19,0.2579
1681,16,0.2257
1682,8,0.2361
1683,21,0.2871
1684,7,0.2455
1685,11,0.1529
1686,24,0.1865
1687,23,0.1463
1688,19,0.1766
1689,19,0.1386
1690,7,0.1183
1691,8,0.2032
1692,19,0.1088
1693,8,0.2516
1694,8,0.4050
1695,8,0.2333
1696,10,0.1720
1697,24,0.1618
1698,21,0.1824
1699,19,0.1792
1702,21,0.1738
1703,24,0.2099
1704,8,0.5085
1705,8,0.3054
1706,7,0.1598
1707,21,0.1954
1708,7,0.1947
1709,7,0.1459
1710,8,0.3361
1711,8,0.7686
1712,21,0.1213
1713,24,0.1128
1714,7,0.1290
1715,7,0.1833
1716,8,0.6648
1717,8,0.4095
1719,7,0.1380
1720,7,0.1266
1721,9,0.1697
1722,8,0.6356
1723,16,0.2762
1725,7,0.1290
1726,7,0.1431
1727,9,0.1031
1728,8,0.3503
1729,8,0.7967
1730,21,0.1841
1731,21,0.1209
1732,7,0.1142
1734,8,0.1627
1735,8,0.5772
1736,8,0.3994
1737,7,0.1312
1738,7,0.1296
1739,7,0.1149
1740,21,0.1267
1741,8,0.2908
1742,8,0.1460
1743,7,0.1149
1744,7,0.1184
1745,7,0.1142
1746,8,0.1401
1747,8,0.5945
1748,8,0.3335
1750,24,0.1049
1751,7,0.1388
1752,21,0.1934
1753,16,0.1037
1754,11,0.1219
1755,7,0.1659
1756,7,0.1591
1757,7,0.1294
1758,8,0.4399
1759,8,0.2478
1760,11,0.1686
1761,21,0.2151
1762,21,0.1704
1763,21,0.2817
1764,16,0.2655
1765,0,0.2165
1766,11,0.2130
1767,21,0.1652
1768,8,0.4040
1769,8,0.5019
1770,7,0.1331
1771,7,0.1419
1772,7,0.1078
1773,8,0.1592
1774,8,0.2571
1775,21,0.1033
1776,7,0.1166
1777,8,0.1098
1778,23,0.1295
1779,8,0.1550
1781,7,0.1407
1782,7,0.1073
1783,24,0.1238
1784,0,0.2562
1785,0,0.1105
1786,24,0.1716
1787,0,0.1990
1788,28,0.1029
1789,24,0.1622
1790,24,0.2513
1791,7,0.1771
1792,24,0.1682
1793,19,0.1551
1794,19,0.1622
1795,5,0.1467
1796,8,0.2133
1797,0,0.1060
1798,21,0.1211
1799,24,0.1429
1802,24,0.1835
1803,24,0.3291
1804,24,0.3331
1805,24,0.2215
1806,5,0.1625
1808,29,0.1025
1809,21,0.1166
1810,21,0.1397
1812,24,0.2719
1813,24,0.3038
1814,22,0.1983
1816,18,0.1703
1817,16,0.2128
1818,8,0.4514
1819,8,0.1107
1821,24,0.1157
1822,19,0.1712
1823,7,0.2034
1824,5,0.1710
1825,18,0.1134
1826,7,0.1435
1828,8,0.8832
1829,8,0.8652
1830,7,0.2417
1831,7,0.1747
1832,19,0.1843
1833,8,0.1840
1834,8,0.2654
1835,7,0.1405
1836,21,0.1041
1837,21,0.1605
1838,24,0.2680
1841,24,0.2144
1842,24,0.1740
1843,19,0.1230
1844,19,0.1161
1845,8,0.8182
1846,8,0.6452
1847,24,0.1326
1848,24,0.3618
1849,24,0.1701
1850,7,0.1148
1854,13,0.1061
1856,7,0.1119
1857,7,0.1809
1858,21,0.1641
1859,24,0.1259
1860,7,0.1880
1861,7,0.2438
1862,11,0.1228
1863,24,0.2546
1864,24,0.4328
1865,7,0.2168
1866,19,0.1053
1867,24,0.2937
1868,24,0.1722
1869,24,0.1847
1870,7,0.1859
1871,24,0.2386
1872,24,0.3018
1873,21,0.2015
1874,19,0.1159
1875,21,0.1426
1876,7,0.2280
1877,8,0.1528
1878,24,0.2391
1879,24,0.2293
1880,24,0.1306
1881,24,0.1641
1882,7,0.3025
1883,7,0.2030
1884,7,0.2177
1885,7,0.2797
1886,7,0.1990
1887,24,0.2525
1888,24,0.2270
1889,21,0.1900
1891,7,0.2018
1892,21,0.2166
1893,21,0.1384
1894,7,0.2191
1895,21,0.1428
1896,21,0.1385
1897,24,0.2139
1898,24,0.1402
1899,24,0.3926
1900,21,0.1936
1901,7,0.1398
1902,7,0.2790
1903,7,0.2682
1904,21,0.2485
1905,19,0.1279
1906,21,0.1508
1907,24,0.2494
1908,19,0.1453
1909,23,0.1148
1910,23,0.1205
1911,24,0.2269
1912,24,0.2164
1913,23,0.1085
1914,23,0.1892
1915,19,0.1517
1916,21,0.1942
1917,24,0.1730
1918,7,0.1491
1919,24,0.2844
1920,21,0.1821
1921,21,0.1333
1922,8,0.1602
1923,19,0.1213
1924,19,0.1347
1925,21,0.2743
1926,23,0.1265
1929,24,0.3419
1930,24,0.7007
1931,21,0.1233
1933,21,0.1080
1934,21,0.1681
1935,19,0.1745
1936,5,0.1750
1940,5,0.1986
1941,5,0.2056
1942,7,0.1167
1943,19,0.1071
1944,7,0.1819
1945,5,0.1688
1946,5,0.2008
1947,5,0.1497
1948,5,0.2460
1949,5,0.2644
1951,7,0.1509
1952,7,0.1919
1953,5,0.2240
1954,1,0.1191
1955,1,0.1854
1956,7,0.2076
1957,19,0.1932
1958,21,0.1199
1959,19,0.1343
1960,19,0.1175
1961,19,0.1313
1962,5,0.1907
1963,5,0.1469
1964,7,0.1251
1965,24,0.2075
1966,24,0.3384
1967,24,0.3310
1968,21,0.1283
1969,19,0.1563
1970,7,0.1479
1971,7,0.1155
1972,15,0.2216
1973,24,0.2215
1974,5,0.1964
1975,5,0.2685
1976,19,0.1736
1977,11,0.2136
1978,7,0.2356
1979,7,0.2313
1980,23,0.1585
1984,5,0.2068
1985,5,0.1765
1986,5,0.1052
1987,19,0.1074
1988,7,0.1318
1989,7,0.1263
1990,24,0.1796
1991,23,0.1246
1992,23,0.1197
1993,5,0.1403
1994,7,0.1320
1995,21,0.1357
1996,0,0.2678
1997,1,0.4515
1998,24,0.2452
1999,24,0.1273
2000,7,0.1257
2001,7,0.1455
2002,5,0.1491
2003,5,0.1413
2004,5,0.1784
2005,7,0.1191
2006,7,0.1616
2007,7,0.1462
2008,7,0.1561
2009,24,0.1098
2010,7,0.1589
2011,23,0.1329
2013,11,0.3058
2014,11,0.3200
2015,30,0.2562
2017,19,0.1591
2018,19,0.1639
2019,5,0.2207
2020,19,0.1378
2021,7,0.2147
2022,7,0.1852
2023,19,0.1300
2024,24,0.1434
2025,24,0.1618
2026,25,0.1214
2027,19,0.1993
2028,8,0.1133
2029,8,0.1124
2030,5,0.1351
2031,19,0.2628
2032,23,0.1898
2033,21,0.1780
2034,9,0.1940
2035,21,0.2014
2036,19,0.1537
2037,5,0.2207
2038,19,0.2429
2039,19,0.1188
2040,19,0.2950
2041,19,0.2479
2042,19,0.2394
2043,21,0.1642
2044,19,0.1569
2045,1,0.1544
2046,24,0.2536
2048,7,0.1938
2049,19,0.1614
2050,21,0.1610
2051,8,0.1404
2052,7,0.1154
2053,24,0.1596
2054,21,0.1673
2055,7,0.1352
2056,24,0.1978
2057,7,0.1824
2058,21,0.1835
2059,24,0.1803
2060,7,0.1375
2061,7,0.1426
2062,7,0.1582
2063,7,0.1460
2064,24,0.1484
2065,24,0.1439
2066,7,0.1335
2067,24,0.1373
2068,24,0.1367
2069,24,0.2083
2070,9,0.2153
2071,8,0.7823
2072,8,0.5092
2073,8,0.1504
2074,8,0.2329
2075,8,0.7742
2076,8,0.3665
2077,19,0.1124
2078,19,0.1338
2079,19,0.1585
2080,5,0.1751
2081,5,0.2802
2082,23,0.1042
2083,8,0.1655
2084,19,0.1295
2085,0,0.1948
2086,11,0.1997
2087,1,0.2257
2088,11,0.1663
2089,24,0.1796
2090,7,0.1810
2091,11,0.1768
2092,11,0.2362
2093,7,0.1558
2094,7,0.1705
2095,7,0.2295
2096,7,0.1724
2097,7,0.2127
2098,7,0.1996
2099,24,0.1348
2100,24,0.2233
2101,24,0.1325
2102,19,0.1190
2103,24,0.1943
2104,7,0.1767
2105,19,0.1044
2106,21,0.1076
2107,5,0.1487
2108,7,0.1165
2109,24,0.2185
2110,32,0.1088
2111,7,0.1027
2112,5,0.1548
2114,7,0.1482
2115,7,0.2468
2116,24,0.2472
2118,24,0.2673
2119,24,0.3373
2120,24,0.3524
2122,18,0.1471
2123,6,0.1482
2125,0,0.2317
2126,4,0.4209
2127,4,0.2737
2128,1,0.1045
2129,32,0.1394
2131,19,0.1074
2132,21,0.1040
2133,21,0.1557
2134,15,0.1431
2135,15,0.1941
2136,7,0.1331
2137,15,0.1183
2138,19,0.1576
2139,5,0.2053
2140,19,0.1932
2141,8,0.3181
2142,16,0.1938
2143,5,0.2227
2144,19,0.2577
2145,7,0.2031
2146,8,0.1464
2147,20,0.1496
2148,1,0.2196
2149,11,0.1851
2150,11,0.3094
2151,0,0.1840
2152,7,0.1583
2153,7,0.1319
2154,7,0.1179
2155,7,0.1050
2156,7,0.1363
2157,7,0.1458
2158,7,0.1215
2159,23,0.1076
2160,30,0.1586
2161,19,0.1959
2162,5,0.1562
2163,7,0.1517
2164,19,0.1911
2165,19,0.2033
2166,19,0.1538
2167,19,0.1874
2168,19,0.1209
2170,19,0.1194
2171,11,0.1375
2172,7,0.1431
2173,7,0.1577
2174,7,0.1293
2175,24,0.1321
2176,19,0.1213
2177,7,0.1118
2178,5,0.1854
2179,5,0.1321
2180,5,0.1318
2181,5,0.1572
2182,5,0.1571
2183,7,0.1497
2184,5,0.1643
2185,7,0.1548
2186,7,0.1981
2187,7,0.1691
2188,19,0.1362
2189,5,0.2151
2190,5,0.1562
2191,5,0.1629
2192,5,0.1457
2193,5,0.1124
2194,32,0.1217
2195,24,0.2056
2196,19,0.1417
2197,19,0.1302
2198,8,0.2528
2199,8,0.4358
2200,7,0.1319
2201,19,0.1050
2202,5,0.1826
2203,5,0.2449
2204,5,0.2085
2205,7,0.1673
2206,5,0.1111
2207,5,0.2269
2208,7,0.1664
2209,19,0.1874
2210,19,0.2741
2211,19,0.2046
2212,6,0.1265
2213,24,0.1273
2214,5,0.1033
2216,5,0.1910
2217,5,0.2108
2218,5,0.1561
2219,5,0.1080
2220,7,0.1448
2222,24,0.1313
2223,24,0.2032
2224,19,0.1147
2225,8,0.3052
2226,8,0.3772
2227,8,0.2314
2228,8,0.6217
2229,8,0.2885
2230,19,0.1527
2231,19,0.1263
2232,23,0.1588
2233,19,0.1655
2234,19,0.2162
2235,19,0.2075
2236,19,0.2130
2237,5,0.2048
2238,8,0.3518
2239,9,0.2610
2240,19,0.2809
2241,19,0.1324
2242,11,0.2530
2243,0,0.1354
2244,28,0.1531
2245,8,0.1646
2247,19,0.1489
2248,19,0.1377
2249,19,0.1215
2250,2,0.1638
2251,12,0.1403
2252,9,0.1919
2253,19,0.1883
2254,7,0.1273
2255,10,0.1491
2256,21,0.2061
2257,0,0.1066
2258,21,0.1136
2259,21,0.2175
2260,19,0.1794
2261,19,0.3240
2262,21,0.2188
2263,8,0.2853
2264,8,0.5781
2265,19,0.1955
2266,7,0.1677
2267,24,0.2050
2268,24,0.4720
2269,24,0.3147
2270,5,0.1113
2271,12,0.2224
2272,5,0.1529
2273,24,0.1660
2274,9,0.1037
2275,19,0.1513
2276,5,0.2189
2277,21,0.1777
2278,24,0.1728
2279,21,0.1573
2280,9,0.1322
2281,6,0.1069
2282,24,0.1608
2283,24,0.2011
2286,21,0.1285
2287,24,0.1297
2288,19,0.1439
2289,9,0.1976
2290,19,0.1642
2291,8,0.8947
2292,8,0.5106
2293,8,0.3941
2294,8,0.7169
2295,8,0.4437
2296,8,0.1937
2297,19,0.1933
2298,19,0.1974
2299,8,0.3360
2300,8,0.2167
2301,8,0.2658
2302,11,0.2973
2303,8,0.3825
2304,8,0.1688
2305,8,0.2152
2306,8,0.3314
2307,8,0.4757
2308,8,0.3829
2309,8,0.2794
2310,8,0.5803
2311,8,0.1117
2312,21,0.1801
2313,19,0.1941
2314,19,0.2089
2315,19,0.1779
2316,8,0.2621
2317,19,0.1386
2318,8,0.2236
2319,8,0.2041
2320,19,0.2233
2321,19,0.1788
2323,19,0.1888
2324,24,0.1675
2325,21,0.1378
2326,8,0.2237
2327,24,0.3064
2328,19,0.1658
2329,19,0.1940
2330,9,0.1884
2331,8,0.4615
2332,8,0.3835
2333,11,0.1938
2334,9,0.1289
2335,9,0.1550
2336,8,0.2494
2337,21,0.1544
2338,7,0.1648
2339,5,0.1598
2340,19,0.1296
2341,24,0.1673
2342,11,0.1654
2343,8,0.2586
2344,8,0.2020
2345,1,0.2601
2346,8,0.4088
2347,8,0.1355
2348,22,0.1114
2349,6,0.1184
2350,24,0.1715
2351,21,0.1540
2352,7,0.1087
2353,21,0.1448
2354,7,0.2340
2355,21,0.2724
2356,21,0.1423
2357,19,0.1599
2358,8,0.8341
2359,8,0.6656
2360,24,0.1779
2361,21,0.1758
2363,24,0.2426
2364,24,0.3856
2365,24,0.1352
2367,5,0.1312
2368,7,0.1108
2369,24,0.2050
2370,30,0.1513
2371,20,0.1555
2372,19,0.1931
2373,8,0.8835
2374,8,0.8778
2375,8,0.5057
2376,8,0.2914
2377,8,0.7555
2378,8,0.6839
2379,8,0.3839
2380,8,0.4556
2381,8,0.5214
2382,8,0.5697
2383,8,0.5593
2384,8,0.5636
2385,8,0.8492
2386,8,0.2086
2387,21,0.1751
2388,24,0.2672
2389,8,0.2895
2390,16,0.2444
2391,16,0.3625
2392,0,0.3456
2393,0,0.3173
2394,4,0.7924
2395,0,0.1923
2398,19,0.1054
2399,7,0.2092
2400,8,0.2439
2401,8,0.4119
2402,19,0.1213
2404,5,0.2102
2405,8,0.1906
2406,0,0.3183
2407,0,0.4086
2408,0,0.1374
2409,11,0.3172
2410,11,0.1645
2411,6,0.1102
2413,21,0.1955
2414,7,0.1537
2415,19,0.1347
2417,5,0.1229
2418,5,0.1391
2419,5,0.1200
2420,5,0.1850
2421,5,0.2578
2422,19,0.1246
2423,4,0.6283
2424,8,0.5044
2425,4,0.5278
2426,6,0.1680
2427,19,0.1816
2428,19,0.1898
2429,8,0.2944
2430,19,0.1046
2431,21,0.1727
2432,0,0.2283
2433,1,0.1811
2434,21,0.2273
2435,21,0.1686
2436,5,0.2583
2437,5,0.2225
2438,5,0.1623
2439,7,0.1505
2440,7,0.2457
2441,7,0.1697
2442,19,0.1935
2443,19,0.1860
2444,7,0.1740
2445,21,0.1693
2446,4,0.3243
2447,4,0.3366
2448,19,0.1322
2449,24,0.2035
2450,7,0.1739
2451,8,0.4644
2452,8,0.3572
2453,8,0.4188
2454,8,0.4188
2455,8,0.7025
2456,8,0.7176
2457,8,0.1520
2458,8,0.2894
2459,8,0.7719
2460,8,0.6503
2461,19,0.1233
2462,8,0.2744
2463,8,0.7657
2464,8,0.4179
2465,23,0.1738
2466,19,0.1965
2467,19,0.1763
2468,10,0.1243
2469,9,0.1668
2470,5,0.3255
2471,5,0.3162
2472,7,0.1879
2473,7,0.1647
2474,11,0.2095
2475,11,0.1974
2476,19,0.1364
2477,11,0.1894
2478,21,0.1935
2479,7,0.1418
2480,19,0.1300
2481,5,0.1202
2482,5,0.1726
2483,32,0.1099
2484,7,0.1292
2485,5,0.2095
2486,5,0.2124
2487,5,0.1554
2488,5,0.1272
2489,7,0.1408
2490,19,0.1576
2491,7,0.1957
2492,21,0.1502
2493,24,0.2470
2494,24,0.3368
2495,21,0.1635
2496,19,0.2071
2497,7,0.1582
2498,19,0.1277
2499,24,0.2038
2500,19,0.1569
2502,19,0.1122
2505,5,0.1816
2506,7,0.1994
2507,15,0.1177
2508,5,0.2309
2509,24,0.2104
2510,1,0.2691
2511,0,0.3754
2512,8,0.9028
2513,8,0.3126
2514,19,0.1746
2515,16,0.2150
2516,8,0.6692
2517,8,0.7045
2518,8,0.2331
2519,8,0.4142
2520,8,0.6498
2521,8,0.6485
2522,8,0.3488
2523,24,0.1489
2524,24,0.5735
2525,24,0.4207
2526,24,0.3776
2527,5,0.1484
2528,5,0.1067
2529,24,0.1105
2530,24,0.2978
2531,24,0.1903
2532,19,0.1245
2533,5,0.2311
2534,7,0.1522
2535,7,0.1804
2536,24,0.1211
2538,4,0.1829
2541,5,0.1131
2542,7,0.1547
2543,21,0.1337
2544,21,0.1296
2546,20,0.1625
2548,7,0.1772
2549,24,0.1215
2550,21,0.1028
2551,11,0.1050
2552,24,0.1890
2553,8,0.8188
2554,8,0.4105
2555,21,0.1303
2556,8,0.1040
2557,24,0.1532
2558,8,0.6096
2559,8,0.5192
2560,24,0.1272
2562,24,0.1127
2563,21,0.1731
2564,7,0.1735
2565,7,0.1375
2566,21,0.1210
2567,23,0.1419
2568,19,0.1978
2569,19,0.2790
2570,19,0.2029
2571,7,0.2015
2572,5,0.2247
2573,19,0.1671
2574,19,0.1795
2575,23,0.1212
2576,19,0.1799
2577,19,0.1912
2578,19,0.1890
2579,7,0.1621
2580,19,0.2825
2581,19,0.1571
2582,19,0.1927
2583,19,0.2149
2584,8,0.1693
2585,19,0.1783
2586,19,0.1618
2587,7,0.2112
2588,7,0.2145
2589,7,0.2032
2591,19,0.1241
2592,7,0.1134
2593,1,0.1204
2594,24,0.1960
2595,24,0.1164
2596,19,0.1417
2598,19,0.1319
2599,19,0.1579
2600,7,0.1698
2601,7,0.1652
2602,23,0.1085
2603,19,0.1393
2604,19,0.2235
2605,9,0.1964
2606,19,0.1417
2607,7,0.1372
2608,1,0.3231
2609,11,0.2196
2610,11,0.1998
2611,11,0.2296
2612,19,0.1136
2613,19,0.2540
2614,5,0.1893
2615,19,0.1299
2616,19,0.1340
2617,5,0.2794
2618,5,0.1865
2619,19,0.1568
2620,5,0.1623
2621,5,0.1614
2623,5,0.1592
2625,19,0.1556
2626,7,0.2227
2627,7,0.2402
2628,24,0.1699
2629,24,0.3795
2630,7,0.1767
2631,21,0.1660
2632,21,0.1382
2633,7,0.1752
2634,7,0.1211
2635,21,0.1437
2636,7,0.1356
2637,21,0.1205
2638,19,0.1222
2639,7,0.2041
2640,7,0.1618
2641,5,0.2031
2642,5,0.2389
2643,7,0.1851
2644,0,0.1902
2645,11,0.2821
2646,19,0.1519
2647,15,0.1743
2648,7,0.1858
2649,19,0.1289
2651,5,0.1958
2652,5,0.1615
2653,13,0.1060
2654,21,0.1549
2655,11,0.4172
2656,11,0.3510
2657,11,0.2580
2658,11,0.1217
2659,19,0.2028
2660,7,0.1586
2661,7,0.1901
2662,5,0.2308
2663,7,0.1587
2664,7,0.1565
2665,7,0.1455
2666,24,0.2527
2667,24,0.2083
2668,30,0.1245
2669,8,0.2899
2670,8,0.3798
2671,19,0.1555
2672,19,0.1667
2673,5,0.2253
2674,12,0.1817
2676,5,0.2095
2677,19,0.2002
2678,19,0.3397
2679,7,0.4201
2680,7,0.1577
2681,32,0.1275
2682,0,0.1323
2683,21,0.2100
2684,19,0.2233
2685,19,0.2288
2686,24,0.2239
2687,0,0.2739
2688,0,0.1944
2689,21,0.3261
2690,19,0.2773
2691,19,0.2289
2692,19,0.2073
2693,8,0.7045
2694,8,0.6729
2695,8,0.2477
2696,8,0.5172
2697,8,0.3767
2698,8,0.2218
2699,8,0.2618
2700,24,0.3795
2701,7,0.2557
2702,7,0.1716
2703,21,0.1799
2704,19,0.2148
2705,21,0.2041
2706,21,0.1033
2707,0,0.1047
2708,0,0.1046
2709,7,0.1661
2710,7,0.1234
2711,21,0.1634
2712,21,0.1397
2713,21,0.1581
2714,24,0.1626
2715,19,0.1599
2716,19,0.1655
2717,5,0.1480
2718,5,0.1517
2719,21,0.1209
2720,24,0.2175
2721,19,0.1146
2722,24,0.2439
2723,21,0.1933
2724,21,0.2020
2725,21,0.2855
2726,19,0.1523
2728,7,0.1604
2729,21,0.2375
2730,7,0.1815
2731,21,0.1345
2732,21,0.1295
2733,21,0.1450
2734,24,0.1450
2735,7,0.1671
2738,7,0.1500
2739,21,0.1905
2740,21,0.1522
2741,7,0.1084
2744,7,0.1683
2745,7,0.2267
2746,0,0.2990
2747,11,0.2844
2748,21,0.2136
2749,24,0.2109
2750,21,0.2237
2751,0,0.1330
2752,0,0.1698
2753,19,0.2507
2754,19,0.2367
2755,24,0.2958
2756,24,0.1880
2757,21,0.1776
2758,7,0.2077
2759,19,0.1824
2760,24,0.3027
2761,24,0.2822
2762,11,0.1686
2763,21,0.1192
2764,19,0.1448
2765,7,0.1587
2766,5,0.1102
2767,11,0.3904
2768,7,0.2327
2769,21,0.1322
2770,21,0.1940
2771,19,0.2414
2772,19,0.1711
2773,24,0.2033
2774,24,0.1670
2775,21,0.1945
2776,21,0.1840
2777,24,0.2007
2778,19,0.2324
2779,7,0.1338
2780,21,0.1081
2781,7,0.1193
2783,0,0.3747
2784,11,0.3566
2785,11,0.1249
2786,24,0.1309
2787,32,0.1212
2789,24,0.2035
2790,21,0.1861
2791,7,0.1733
2792,21,0.1228
2793,21,0.1652
2794,6,0.1297
2795,5,0.1414
2796,19,0.1200
2797,19,0.2018
2799,5,0.1274
2800,0,0.2539
2801,0,0.2661
2803,19,0.2425
2804,24,0.2302
2805,19,0.2105
2806,19,0.2725
2807,19,0.1911
2808,7,0.2081
2809,7,0.2112
2810,24,0.1141
2812,24,0.1287
2813,21,0.1431
2814,21,0.1821
2815,1,0.2812
2816,7,0.1451
2817,21,0.2273
2818,24,0.2379
2819,24,0.1736
2820,19,0.1535
2821,21,0.1316
2822,21,0.1556
2823,24,0.2500
2824,24,0.4434
2826,8,0.5323
2827,8,0.9232
2828,8,0.2903
2829,8,0.6991
2831,16,0.1757
2832,8,0.7636
2833,16,0.3182
2834,8,0.8210
2835,8,0.5238
2836,0,0.8908
2837,0,0.6919
2838,18,0.1525
2839,8,0.5724
2840,7,0.1839
2842,7,0.1152
2843,29,0.1101
2844,8,0.6688
2845,7,0.2629
2846,21,0.1491
2847,24,0.1559
2848,8,0.2594
2849,19,0.1711
2850,24,0.2021
2851,24,0.1776
2852,19,0.2771
2853,19,0.1958
2854,24,0.1505
2855,7,0.1617
2856,7,0.1919
2857,11,0.2298
2858,7,0.1962
2859,7,0.1738
2860,21,0.2196
2861,11,0.2203
2862,11,0.2278
2863,0,0.3293
2864,0,0.3634
2865,11,0.1241
2866,7,0.2090
2867,21,0.1440
2868,7,0.1562
2869,7,0.1237
2870,21,0.1519
2871,21,0.1972
2872,19,0.1234
2873,21,0.1797
2874,21,0.1289
2875,21,0.1578
2876,21,0.1378
2877,21,0.1694
2878,24,0.1813
2879,0,0.1936
2880,8,0.1772
2881,21,0.1156
2882,7,0.2199
2883,23,0.1992
2884,10,0.1665
2885,24,0.2656
2886,24,0.2863
2887,21,0.1833
2888,24,0.1580
2889,24,0.3172
2890,24,0.2665
2891,22,0.1372
2892,11,0.2772
2893,7,0.2803
2894,7,0.2450
2895,11,0.3995
2896,11,0.3422
2897,0,0.4023
2898,30,0.2619
2899,21,0.1326
2900,21,0.1872
2901,21,0.1861
2902,21,0.2130
2903,24,0.2267
2904,21,0.1322
2905,11,0.3047
2906,0,0.2493
2907,8,0.1938
2908,23,0.1970
2909,23,0.1156
2910,24,0.1303
2911,24,0.1405
2912,19,0.2279
2913,7,0.2161
2914,19,0.2134
2915,19,0.1331
2916,12,0.1087
2917,19,0.1735
2918,8,0.2427
2919,21,0.2502
2920,21,0.2257
2921,21,0.1419
2922,24,0.2800
2923,24,0.3393
2924,21,0.1761
2925,24,0.1652
2926,24,0.2187
2927,21,0.2160
2928,7,0.2580
2929,21,0.1758
2930,21,0.2323
2931,21,0.2049
2932,0,0.1198
2933,19,0.1224
2934,21,0.1545
2935,21,0.1493
2936,24,0.1689
2937,23,0.1087
2938,19,0.1141
2939,19,0.2448
2940,7,0.1852
2941,11,0.2085
2942,21,0.2173
2943,7,0.2307
2944,24,0.1896
2945,7,0.2046
2946,24,0.2020
2947,19,0.1657
2948,0,0.1598
2949,7,0.1909
2950,19,0.1367
2951,24,0.1684
2952,24,0.1802
2953,24,0.1454
2954,21,0.1502
2955,7,0.1500
2956,21,0.1263
2957,8,0.1143
2958,24,0.2603
2959,24,0.2505
2960,7,0.1874
2961,16,0.1383
2963,7,0.1188
2964,11,0.1554
2965,21,0.2282
2966,19,0.2027
2967,0,0.1281
2968,28,0.1606
2969,19,0.1863
2970,19,0.2398
2971,24,0.1737
2972,7,0.1607
2973,21,0.1380
2974,24,0.3943
2975,24,0.1847
2976,7,0.1456
2977,7,0.1472
2979,19,0.1419
2980,6,0.1369
2981,21,0.1197
2982,21,0.1916
2983,21,0.1949
2984,7,0.1688
2985,0,0.1718
2986,11,0.1310
2987,7,0.1685
2988,7,0.2337
2989,24,0.2201
2990,7,0.2114
2991,7,0.2886
2992,19,0.1579
2993,8,0.1191
2994,21,0.1461
2995,21,0.2994
2996,21,0.2753
2997,21,0.1161
2998,0,0.1307
2999,11,0.1504
3001,15,0.1210
3002,7,0.2408
3003,21,0.1395
3004,24,0.2251
3005,24,0.1883
3006,24,0.1627
3007,19,0.1703
3008,19,0.1597
3009,24,0.2587
3010,21,0.2188
3011,24,0.1698
3012,11,0.1971
3013,0,0.3465
3014,0,0.3802
3015,11,0.2223
3016,21,0.1780
3017,0,0.2371
3018,8,0.3635
3019,8,0.4937
3020,24,0.1878
3021,7,0.1642
3022,24,0.4576
3023,24,0.3094
3024,21,0.1570
3025,30,0.1576
3026,30,0.1755
3027,19,0.1188
3028,5,0.1681
3029,0,0.1483
3030,24,0.1986
3031,7,0.1639
3032,19,0.1414
3034,31,0.1119
3035,15,0.1695
3038,21,0.1821
3039,24,0.1612
3041,5,0.1474
3042,24,0.1062
3046,21,0.1231
3047,24,0.2820
3048,5,0.1117
3049,12,0.1372
3050,2,0.3269
3055,21,0.1059
3058,21,0.1043
3062,8,0.1733
3063,8,0.1078
3066,8,0.1033
3067,21,0.1057
3069,21,0.1741
3070,7,0.1611
3071,24,0.1404
3072,21,0.1626
3073,24,0.1474
3074,8,0.3346
3075,11,0.1538
3076,30,0.2047
3077,30,0.1977
3078,0,0.1841
3079,0,0.4196
3080,0,0.2605
3081,0,0.3629
3082,0,0.2193
3083,16,0.1290
3084,21,0.1357
3085,21,0.1690
3086,21,0.1177
3087,21,0.1478
3090,19,0.1150
3091,5,0.1359
3092,5,0.1861
3093,7,0.1292
3095,12,0.1061
3096,5,0.1428
3098,12,0.1321
3099,5,0.1126
3101,0,0.1265
3103,5,0.1266
3104,24,0.1398
3106,5,0.1577
3107,5,0.1446
3110,31,0.1689
3112,7,0.1224
3113,7,0.1331
3115,9,0.1610
3116,19,0.1759
3117,24,0.1376
3118,7,0.1151
3119,24,0.1617
3120,8,0.1538
3121,8,0.5786
3122,30,0.1055
3123,24,0.1138
3124,21,0.1570
3126,8,0.1814
3127,1,0.1822
3128,30,0.1116
3131,5,0.1259
3133,24,0.1365
3134,24,0.3663
3135,21,0.1461
3136,1,0.3599
3137,1,0.4639
3138,8,0.3014
3139,24,0.2142
3140,7,0.1891
3141,5,0.1217
3142,19,0.1885
3143,19,0.1577
3144,28,0.1719
3146,7,0.1530
3147,24,0.1179
3148,24,0.1043
3149,7,0.1831
3152,23,0.1155
3153,8,0.6832
3154,8,0.5068
3155,8,0.5792
3156,8,0.7795
3157,8,0.1604
3158,21,0.1025
3159,20,0.1097
3160,8,0.2856
3161,8,0.6212
3162,8,0.1177
3163,21,0.1493
3164,24,0.1203
3165,8,0.1448
3166,8,0.9792
3167,8,0.9579
3168,7,0.2010
3169,24,0.3609
3170,19,0.2231
3171,8,0.1809
3172,21,0.1116
3173,32,0.1303
3174,12,0.1543
3175,14,0.1225
3176,21,0.2066
3177,7,0.1472
3179,7,0.2011
3181,16,0.1056
3182,24,0.2194
3183,24,0.1573
3184,1,0.1420
3186,18,0.1339
3187,24,0.1658
3188,0,0.4772
3189,0,0.5068
3190,11,0.1773
3191,0,0.2480
3192,21,0.1996
3193,19,0.1907
3194,21,0.2143
3195,21,0.1642
3196,21,0.1419
3197,0,0.1360
3198,0,0.1173
3199,0,0.1228
3200,21,0.1254
3201,19,0.1132
3202,19,0.1303
3203,19,0.2483
3204,7,0.1141
3205,7,0.1655
3206,7,0.1693
3207,21,0.2218
3208,19,0.1981
3209,19,0.1313
3210,7,0.2777
3211,21,0.1839
3212,19,0.1461
3213,21,0.1976
3214,11,0.2992
3215,11,0.2984
3216,7,0.1342
3217,7,0.1319
3218,1,0.1278
3219,1,0.1357
3220,19,0.1635
3221,7,0.1705
3222,7,0.1470
3223,21,0.1363
3224,24,0.2709
3225,19,0.1997
3226,19,0.1410
3227,19,0.1493
3228,21,0.1639
3229,1,0.1087
3230,11,0.2830
3231,7,0.1642
3232,11,0.1631
3233,23,0.1357
3234,16,0.2585
3235,8,0.6303
3236,6,0.1051
3237,8,0.3032
3238,4,0.5080
3239,8,0.2132
3240,8,0.1775
3241,8,0.4352
3242,8,0.5363
3244,8,0.1274
3245,4,0.5420
3246,0,0.2788
3247,21,0.1177
3248,24,0.1758
3250,12,0.1156
3251,5,0.1111
3252,6,0.1116
3253,19,0.1229
3254,19,0.1932
3255,7,0.1978
3256,7,0.1797
3257,24,0.2226
3258,11,0.1667
3259,11,0.2771
3260,21,0.2327
3261,21,0.1820
3262,5,0.1818
3263,21,0.1718
3264,21,0.1490
3265,1,0.1191
3266,11,0.1943
3267,11,0.1671
3268,11,0.2433
3269,24,0.2172
3270,24,0.1478
3271,19,0.2475
3272,24,0.2255
3273,7,0.2410
3274,7,0.1298
3275,24,0.1580
3276,24,0.1334
3277,24,0.1887
3278,7,0.2228
3279,7,0.1945
3280,7,0.1572
3281,24,0.2430
3282,7,0.2029
3283,24,0.4009
3284,24,0.1819
3285,23,0.1428
3286,19,0.1379
3287,24,0.1320
3288,7,0.1415
3289,19,0.1157
3290,21,0.1062
3292,24,0.1657
3293,24,0.2375
3294,7,0.1843
3295,0,0.2501
3296,24,0.2654
3297,24,0.2812
3300,8,0.3623
3301,6,0.1246
3302,24,0.1721
3303,19,0.1170
3304,24,0.2157
3305,21,0.1530
3307,24,0.1440
3308,7,0.1067
3309,21,0.1178
3310,7,0.1635
3311,7,0.1326
3312,7,0.1183
3313,15,0.1355
3315,21,0.1314
3316,21,0.1310
3317,7,0.2077
3318,7,0.2522
3319,7,0.1657
3320,30,0.1055
3321,11,0.1132
3324,21,0.1194
3325,29,0.1122
3326,29,0.1233
3328,24,0.1947
3329,7,0.1198
3330,24,0.1058
3332,5,0.1053
3335,5,0.1421
3338,5,0.1176
3339,5,0.1660
3340,8,0.1711
3341,8,0.1950
3342,21,0.1042
3343,21,0.1703
3344,7,0.1554
3345,23,0.1034
3346,8,0.5654
3347,30,0.1169
3348,21,0.1987
3349,19,0.1499
3350,21,0.1429
3351,19,0.3118
3352,24,0.1850
3353,21,0.2523
3354,19,0.2092
3355,7,0.1538
3356,7,0.1868
3357,7,0.2041
3358,19,0.1828
3359,19,0.1600
3360,21,0.2232
3361,21,0.2245
3362,21,0.1873
3363,24,0.3319
3364,21,0.1740
3365,21,0.1911
3366,5,0.1912
3367,7,0.1740
3368,21,0.1919
3369,7,0.1579
3370,7,0.1713
3371,7,0.1615
3372,7,0.1796
3373,7,0.1342
3374,21,0.1425
3375,24,0.2787
3376,24,0.2122
3377,21,0.1248
3378,21,0.1398
3379,7,0.1894
3380,24,0.1805
3383,21,0.1186
3385,7,0.1224
3386,21,0.1329
3387,24,0.1899
3388,19,0.1518
3389,19,0.3040
3390,8,0.1369
3391,7,0.1947
3392,1,0.2698
3393,11,0.2976
3394,21,0.2361
3395,21,0.2671
3396,21,0.1930
3397,21,0.1259
3398,19,0.1516
3399,24,0.1621
3400,24,0.1848
3401,19,0.1386
3402,19,0.1726
3403,6,0.1164
3407,1,0.1699
3408,7,0.1744
3409,7,0.1908
3410,21,0.1849
3411,5,0.1351
3412,24,0.1660
3413,21,0.1774
3414,7,0.1429
3415,7,0.2019
3416,21,0.1667
3417,21,0.1578
3418,24,0.1703
3419,24,0.2304
3420,24,0.1221
3421,24,0.2021
3422,7,0.1848
3423,24,0.2127
3424,24,0.2734
3425,7,0.1945
3427,25,0.1355
3428,7,0.2065
3429,7,0.1940
3430,21,0.2573
3431,16,0.1081
3433,7,0.2330
3434,7,0.2557
3435,24,0.2604
3436,24,0.1443
3438,21,0.1559
3439,0,0.3945
3440,0,0.5382
3441,21,0.1640
3442,7,0.1403
3443,19,0.1109
3444,21,0.1060
3445,24,0.2739
3446,24,0.1380
3447,7,0.1771
3448,7,0.2189
3449,7,0.2031
3450,24,0.2129
3451,7,0.1923
3452,7,0.1884
3453,24,0.1191
3454,24,0.3125
3455,21,0.1584
3456,24,0.2048
3457,0,0.1402
3459,7,0.1834
3460,19,0.2137
3461,21,0.2111
3462,24,0.2778
3463,7,0.1944
3464,24,0.1803
3465,0,0.1333
3466,21,0.1475
3467,19,0.2103
3468,16,0.1665
3469,11,0.1912
3470,24,0.2307
3471,21,0.1471
3472,11,0.1725
3473,7,0.2272
3474,21,0.2152
3475,5,0.1162
3476,5,0.1521
3477,19,0.1841
3478,19,0.1436
3479,19,0.1565
3480,8,0.3466
3481,19,0.1233
3482,24,0.2015
3483,8,0.2841
3484,19,0.2102
3485,19,0.1753
3487,5,0.1138
3488,7,0.1634
3489,21,0.1608
3490,7,0.1506
3491,7,0.1424
3492,7,0.1576
3493,7,0.1598
3494,21,0.1551
3495,5,0.1281
3496,19,0.1438
3497,19,0.1524
3498,5,0.3466
3499,12,0.2066
3500,0,0.1128
3501,9,0.1816
3502,19,0.1442
3503,21,0.1571
3504,5,0.2060
3505,19,0.2404
3506,19,0.2186
3507,21,0.1575
3508,24,0.3891
3509,7,0.1625
3510,5,0.1899
3511,19,0.1652
3512,6,0.1436
3513,5,0.1872
3514,9,0.1818
3515,21,0.1774
3516,5,0.2318
3517,5,0.2624
3518,16,0.1951
3519,8,0.5505
3520,8,0.4667
3521,9,0.6871
3522,9,0.4644
3523,8,0.3545
3524,19,0.1577
3525,31,0.1032
3526,4,0.7993
3527,4,0.9475
3528,9,0.1636
3530,8,0.1378
3531,13,0.1441
3532,13,0.1125
3533,13,0.1719
3534,14,0.1345
3536,7,0.1316
3537,7,0.1536
3538,19,0.1035
3539,19,0.1539
3540,5,0.1582
3541,5,0.3452
3542,5,0.1325
3543,21,0.1455
3544,24,0.1980
3545,5,0.1161
3547,21,0.1737
3548,8,0.2464
3549,0,0.1967
3550,1,0.1036
3551,7,0.1061
3552,24,0.1906
3553,24,0.2882
3554,8,0.5674
3555,0,0.4470
3556,5,0.1285
3559,24,0.1749
3560,19,0.1757
3561,5,0.1774
3562,24,0.1117
3564,8,0.1667
3565,8,0.6523
3566,21,0.1571
3568,24,0.1145
3569,21,0.1163
3570,8,0.3010
3571,8,0.7513
3572,8,0.2620
3573,24,0.1714
3575,22,0.1225
3576,24,0.2638
3577,7,0.1859
3578,24,0.2773
3579,24,0.3112
3580,24,0.1794
3581,8,0.3178
3582,8,0.4384
3583,8,0.1468
3584,7,0.1596
3585,7,0.1456
3586,7,0.1121
3587,8,0.2520
3588,8,0.1526
3589,8,0.1443
3590,7,0.1353
3591,0,0.1157
3592,11,0.3710
3593,8,0.3787
3594,8,0.4446
3595,11,0.1673
3596,21,0.1193
3597,30,0.1035
3598,16,0.1528
3599,8,0.3361
3601,7,0.1108
3603,24,0.1398
3604,1,0.1302
3605,11,0.1175
3606,7,0.1195
3607,21,0.1383
3608,21,0.1985
3609,24,0.2483
3610,19,0.1191
3611,21,0.1480
3612,24,0.1976
3613,8,0.1885
3614,8,0.1991
3615,9,0.1840
3616,21,0.1689
3617,21,0.1233
3618,5,0.1886
3619,24,0.1669
3620,19,0.1543
3621,8,0.1709
3622,24,0.2736
3623,24,0.1615
3624,21,0.1165
3625,21,0.1416
3626,8,0.7514
3627,8,0.7814
3628,8,0.1486
3629,8,0.1779
3630,8,0.1744
3632,19,0.1389
3633,4,0.1819
3634,4,0.7061
3635,0,0.1149
3636,5,0.1165
3637,9,0.1562
3638,23,0.1851
3641,5,0.1393
3642,7,0.1330
3643,19,0.2075
3644,5,0.2193
3646,24,0.2048
3647,19,0.1315
3648,19,0.1052
3649,21,0.2092
3650,21,0.1561
3651,7,0.1516
3652,5,0.2639
3653,7,0.1601
3654,7,0.1441
3655,21,0.1262
3656,7,0.1067
3657,7,0.1066
3658,23,0.1052
3659,5,0.1113
3660,19,0.1484
3661,12,0.1591
3663,19,0.1833
3664,5,0.1625
3665,19,0.2582
3666,19,0.4518
3667,19,0.2842
3668,19,0.1404
3669,19,0.1811
3670,8,0.2048
3671,8,0.3349
3672,19,0.1849
3673,24,0.1942
3674,24,0.4122
3675,16,0.2584
3676,16,0.1661
3677,19,0.1815
3678,9,0.2366
3679,8,0.2180
3680,19,0.2831
3681,19,0.2026
3682,9,0.1605
3683,19,0.1828
3684,19,0.3144
3685,19,0.2482
3686,24,0.2076
3687,19,0.1946
3688,7,0.1585
3689,21,0.1051
3690,8,0.1976
3691,0,0.5127
3692,1,0.1980
3693,21,0.1463
3694,21,0.2373
3695,5,0.2814
3696,19,0.1937
3697,5,0.1498
3698,5,0.2356
3699,5,0.1282
3700,19,0.1781
3701,5,0.2262
3702,5,0.1915
3703,5,0.2368
3704,23,0.1090
3705,5,0.1343
3706,24,0.1402
3707,24,0.2869
3708,24,0.5533
3709,24,0.5630
3710,21,0.1274
3711,19,0.2963
3712,19,0.3430
3713,24,0.3273
3714,24,0.3162
3715,19,0.1582
3716,5,0.1755
3717,7,0.2085
3718,8,0.1408
3719,8,0.2729
3720,19,0.1974
3721,19,0.3180
3722,19,0.2125
3723,19,0.1585
3724,8,0.1957
3725,23,0.1902
3726,19,0.2611
3727,21,0.2252
3728,21,0.2497
3729,21,0.2166
3730,21,0.2170
3731,24,0.2668
3732,21,0.2359
3733,21,0.2457
3734,21,0.1865
3735,21,0.1846
3736,7,0.1207
3737,0,0.1128
3738,31,0.1490
3741,0,0.1907
3743,4,0.1427
3744,0,0.1713
3745,7,0.1511
3746,21,0.2429
3747,21,0.2159
3748,11,0.1839
3750,0,0.1039
3752,7,0.2075
3754,4,0.1310
3755,7,0.1305
3757,0,0.1072
3758,21,0.1127
3759,33,0.1927
3760,28,0.1612
3761,12,0.1816
3762,28,0.1362
3763,0,0.1397
3765,19,0.1624
3766,7,0.1846
3767,24,0.1250
3768,33,0.1525
3769,32,0.1763
3770,21,0.1144
3772,0,0.1816
3773,11,0.1918
3774,21,0.1445
3775,21,0.1168
3776,7,0.1114
3777,21,0.1124
3778,24,0.1289
3780,7,0.1496
3781,21,0.1361
3783,24,0.1205
3784,21,0.1075
3785,1,0.1160
3788,30,0.1547
3789,21,0.1665
3790,0,0.3635
3791,0,0.2848
3792,24,0.1077
3794,8,0.5329
3795,8,0.5284
3797,24,0.1066
3798,21,0.1176
3799,24,0.1187
3800,7,0.1804
3801,7,0.1385
3802,24,0.1201
3803,24,0.1251
3804,30,0.1134
3807,24,0.1066
3808,24,0.1058
3809,24,0.1150
3810,8,0.2517
3811,8,0.3170
3812,7,0.1110
3814,24,0.2118
3815,24,0.1596
3817,21,0.1197
3819,24,0.1042
3821,6,0.1033
3822,7,0.1617
3823,24,0.2028
3824,24,0.1347
3827,8,0.1208
3828,1,0.1193
3829,7,0.1466
3830,24,0.1054
3831,24,0.1421
3833,5,0.1273
3834,24,0.1776
3835,7,0.1641
3836,21,0.1347
3837,11,0.2250
3838,11,0.2493
3839,8,0.7404
3840,8,0.3146
3841,7,0.1575
3843,24,0.1171
3844,24,0.2031
3845,8,0.5440
3846,8,0.5547
3847,15,0.1257
3849,24,0.1863
3850,24,0.2484
3851,19,0.1734
3852,19,0.2234
3853,24,0.1649
3856,8,0.1824
3857,30,0.1118
3858,24,0.1293
3859,24,0.1215
3861,8,0.6087
3862,8,0.1085
3863,7,0.1637
3864,24,0.1067
3865,24,0.1165
3866,11,0.1717
3868,0,0.2587
3869,11,0.1906
3872,13,0.1780
3873,8,0.5755
3874,0,0.1575
3875,24,0.1918
3876,24,0.1511
3877,22,0.2017
3878,30,0.1028
3879,7,0.1090
3880,8,0.5223
3881,4,0.1908
3882,1,0.1479
3883,7,0.1206
3884,30,0.1340
3885,30,0.1067
3886,11,0.1815
3887,21,0.1792
3888,21,0.1803
3889,30,0.1562
3890,30,0.1919
3891,1,0.1156
3892,21,0.1889
3893,21,0.2324
3894,24,0.3994
3895,24,0.1598
3896,21,0.1858
3897,21,0.2379
3898,24,0.2264
3899,24,0.1917
3901,0,0.1032
3902,0,0.1076
3903,32,0.1439
3904,31,0.1029
3905,0,0.1156
3909,21,0.1651
3911,21,0.1080
3912,30,0.1045
3913,25,0.1280
3914,25,0.1421
3915,19,0.2246
3917,15,0.1277
3918,24,0.5437
3919,23,0.1206
3920,19,0.1192
3921,7,0.1410
3922,7,0.1759
3923,7,0.1895
3924,7,0.2017
3926,15,0.1057
3927,7,0.1611
3929,9,0.3086
3930,7,0.1839
3931,19,0.1205
3932,7,0.1367
3933,8,0.1959
3934,8,0.9835
3935,8,0.8753
3936,24,0.1792
3937,7,0.1852
3938,24,0.1224
3941,21,0.1095
3942,21,0.1188
3944,25,0.1179
3946,21,0.1165
3947,8,0.1837
3948,16,0.1597
3949,0,0.1056
3951,24,0.1677
3952,24,0.1152
3955,5,0.1338
3957,21,0.1224
3958,24,0.2045
3959,7,0.1083
3960,24,0.1481
3961,21,0.1526
3962,21,0.1214
3964,7,0.1327
3966,19,0.1168
3967,24,0.3283
3969,16,0.1858
3970,7,0.1229
3971,7,0.1284
3972,0,0.1188
3973,5,0.1148
3974,7,0.1157
3975,21,0.1356
3976,21,0.1752
3977,21,0.1333
3979,21,0.1342
3980,21,0.1378
3981,7,0.1363
3982,7,0.1319
3983,21,0.1426
3984,7,0.1696
3985,5,0.2020
3986,7,0.1648
3987,7,0.1467
3989,7,0.1468
3990,7,0.1453
3991,7,0.1239
3992,21,0.1302
3993,21,0.1089
3994,21,0.1129
3995,7,0.1394
3996,7,0.1499
3997,21,0.1505
3998,21,0.1346
3999,7,0.1437
4000,7,0.1652
4001,7,0.1480
4002,7,0.1370
4003,7,0.1523
4004,7,0.1049
4005,19,0.1204
4006,19,0.2053
4007,19,0.1810
4008,5,0.1610
4009,5,0.3204
4010,5,0.2068
4011,5,0.1742
4012,7,0.1240
4015,21,0.1032
4016,21,0.1184
4017,21,0.1297
4019,7,0.1203
4020,0,0.3499
4021,8,0.2950
4022,21,0.1177
4023,21,0.1105
4024,21,0.1270
4025,21,0.1282
4026,7,0.1211
4027,7,0.1491
4028,7,0.1248
4029,21,0.1423
4030,6,0.1134
4031,3,0.1563
4032,0,0.1312
4033,30,0.1138
4034,25,0.1500
4036,21,0.1360
4037,0,0.1297
4038,7,0.2825
4039,19,0.2317
4040,19,0.2454
4041,19,0.1569
4042,21,0.1325
4043,21,0.1161
4044,5,0.1169
4046,7,0.1156
4047,21,0.1154
4048,21,0.1326
4049,7,0.1108
4050,21,0.1313
4051,21,0.1254
4052,21,0.1228
4053,21,0.1359
4054,7,0.1262
4055,21,0.1276
4056,21,0.1148
4057,21,0.1210
4058,21,0.1229
4059,21,0.1164
4060,21,0.1164
4061,21,0.1379
4062,21,0.1224
4064,7,0.1142
4065,21,0.1070
4066,7,0.1283
4067,21,0.1217
4068,21,0.1065
4069,7,0.1229
4070,9,0.1329
4071,9,0.1440
4072,7,0.1253
4074,7,0.1388
4075,21,0.1585
4076,7,0.1549
4077,21,0.1119
4079,0,0.3960
4080,0,0.2380
4083,7,0.1030
4085,21,0.1051
4086,21,0.1210
4087,21,0.1352
4088,21,0.1270
4089,21,0.1457
4090,21,0.1275
4091,7,0.1275
4092,21,0.1313
4093,21,0.1380
4094,21,0.1563
4095,7,0.1327
4096,7,0.1169
4098,5,0.1508
4099,5,0.1231
4100,5,0.1175
4101,7,0.1440
4102,5,0.1455
4104,0,0.3824
4105,0,0.2922
4106,24,0.1513
4107,24,0.1426
4108,21,0.1399
4109,21,0.1418
4110,21,0.1593
4111,21,0.1301
4112,7,0.1135
4114,21,0.1211
4115,21,0.1122
4116,21,0.1317
4117,21,0.1279
4120,28,0.1772
4121,1,0.1101
4122,8,0.1347
4123,28,0.1825
4124,28,0.1555
4125,5,0.2046
4126,19,0.1370
4127,7,0.1418
4128,16,0.1686
4129,8,0.5815
4130,8,0.8603
4131,8,0.9364
4132,8,0.5165
4133,16,0.3546
4134,16,0.3049
4135,16,0.4820
4136,16,0.2217
4137,16,0.3099
4138,16,0.4080
4139,9,0.1824
4140,16,0.2726
4141,19,0.2355
4142,17,0.2166
4143,8,0.7186
4144,8,0.7917
4145,16,0.2625
4146,23,0.2147
4147,19,0.1832
4148,8,0.5157
4149,8,0.6914
4150,16,0.3563
4151,8,0.2775
4152,19,0.2210
4153,24,0.2065
4154,19,0.3310
4155,19,0.3246
4156,19,0.1835
4157,16,0.1490
4158,19,0.2074
4159,19,0.3384
4160,19,0.2027
4161,19,0.2300
4162,16,0.3385
4163,19,0.2026
4164,19,0.2287
4165,19,0.3250
4166,19,0.4972
4167,16,0.3073
4168,16,0.3421
4169,19,0.1912
4170,19,0.2784
4171,19,0.3470
4172,21,0.2506
4173,19,0.2908
4174,19,0.3242
4175,15,0.3702
4176,19,0.1992
4177,19,0.3853
4178,15,0.2541
4179,19,0.2892
4180,19,0.2300
4181,19,0.4423
4182,19,0.1911
4183,7,0.2064
4184,7,0.1670
4185,8,0.1338
4186,21,0.2300
4187,7,0.1956
4188,21,0.1781
4189,21,0.1308
4190,21,0.1773
4191,21,0.2376
4192,21,0.2585
4193,8,0.1862
4194,21,0.1566
4195,7,0.2067
4196,19,0.2060
4197,19,0.1767
4198,21,0.2533
4199,21,0.2301
4200,7,0.1990
4201,21,0.2780
4202,21,0.3560
4203,21,0.3478
4204,21,0.3127
4205,21,0.2182
4206,7,0.2451
4207,7,0.2551
4208,21,0.2514
4209,21,0.2104
4210,0,0.2140
4211,22,0.1359
4212,21,0.1409
4213,19,0.1714
4214,21,0.1221
4215,24,0.1946
4216,19,0.1078
4217,19,0.1288
4218,7,0.1776
4219,21,0.1797
4220,7,0.1634
4221,7,0.1790
4222,7,0.1268
4223,24,0.3113
4225,9,0.2337
4226,1,0.1492
4227,19,0.1779
4228,24,0.1948
4229,21,0.1170
4230,19,0.2228
4231,19,0.2318
4232,24,0.1439
4233,21,0.2233
4234,7,0.2388
4235,7,0.1372
4236,1,0.1878
4237,11,0.2730
4238,21,0.2062
4239,0,0.1084
4240,7,0.1346
4241,24,0.2463
4243,19,0.1122
4244,19,0.1075
4246,19,0.1080
4248,7,0.1471
4249,19,0.1189
4252,2,0.1087
4253,6,0.1404
4254,7,0.1320
4255,1,0.1110
4257,28,0.1797
4259,7,0.1061
4262,5,0.1188
4265,16,0.3332
4266,8,0.3399
4267,19,0.1444
4268,8,0.5797
4269,8,0.2308
4270,1,0.1450
4271,15,0.1461
4272,14,0.1530
4273,25,0.1365
4275,7,0.1281
4276,24,0.2975
4277,0,0.1109
4279,5,0.1264
4280,7,0.1258
4281,7,0.1429
4282,21,0.1194
4283,7,0.1119
4286,24,0.1092
4287,21,0.1487
4290,21,0.1945
4291,7,0.1696
4292,7,0.2185
4293,1,0.1846
4294,1,0.1137
4296,30,0.1681
4297,21,0.1308
4298,7,0.1548
4299,5,0.1870
4300,7,0.1051
4301,7,0.1122
4302,0,0.3034
4303,0,0.3488
4305,0,0.1366
4306,11,0.1965
4307,11,0.1370
4308,7,0.1565
4309,19,0.1070
4310,19,0.1849
4311,7,0.1666
4312,21,0.1627
4313,21,0.2299
4314,7,0.1332
4315,21,0.1154
4316,24,0.1307
4319,8,0.3165
4320,24,0.1728
4321,7,0.3123
4322,15,0.2048
4323,12,0.1949
4324,19,0.1562
4325,16,0.2166
4326,16,0.2140
4328,7,0.1604
4330,8,0.1299
4331,7,0.1703
4333,25,0.1121
4334,24,0.1041
4335,30,0.1127
4336,24,0.1566
4337,19,0.1838
4338,7,0.1524
4339,24,0.1575
4340,8,0.4234
4341,8,0.2587
4342,7,0.1588
4344,8,0.3439
4345,8,0.2682
4346,21,0.1556
4349,16,0.2564
4350,8,0.3997
4351,7,0.1648
4352,7,0.1512
4353,9,0.1461
4354,21,0.2457
4355,21,0.2059
4356,11,0.1541
4357,16,0.2494
4358,8,0.3626
4359,7,0.1186
4360,5,0.1026
4363,7,0.2063
4364,7,0.2016
4365,7,0.1646
4366,7,0.1126
4367,24,0.1989
4368,21,0.1856
4369,21,0.1440
4370,21,0.1664
4371,7,0.1268
4372,7,0.1219
4373,21,0.1162
4376,7,0.1100
4377,9,0.1223
4378,5,0.1430
4379,5,0.2624
4380,5,0.1332
4384,19,0.1059
4385,21,0.1417
4386,21,0.1242
4387,19,0.1406
4388,21,0.2775
4389,21,0.2464
4390,19,0.1877
4391,24,0.1188
4392,24,0.1436
4395,19,0.1403
4396,24,0.1461
4397,7,0.1669
4398,7,0.1931
4399,24,0.2460
4400,11,0.1319
4401,8,0.1331
4403,1,0.1598
4404,0,0.1720
4405,0,0.1189
4406,21,0.1211
4407,1,0.1493
4408,0,0.1676
4410,7,0.1369
4412,2,0.1077
4413,19,0.1583
4415,0,0.1076
4416,5,0.2160
4417,7,0.2303
4418,15,0.1085
4419,15,0.1346
4420,15,0.1178
4421,24,0.1717
4423,8,0.2661
4424,8,0.2011
4425,24,0.1109
4426,30,0.2075
4427,0,0.1993
4428,4,0.2722
4429,23,0.1210
4430,19,0.1379
4432,16,0.1458
4433,6,0.1084
4436,19,0.2170
4438,4,0.5994
4439,28,0.3804
4440,24,0.3904
4441,1,0.4920
4442,11,0.1865
4443,7,0.1478
4444,19,0.2031
4445,8,0.1530
4446,19,0.2143
4447,19,0.1668
4448,21,0.1409
4449,21,0.1049
4450,6,0.1301
4452,5,0.1060
4453,9,0.1043
4454,8,0.1672
4455,24,0.1904
4456,0,0.1456
4457,7,0.1498
4458,24,0.1092
4459,6,0.1227
4460,5,0.1466
4461,5,0.2360
4462,19,0.1874
4463,9,0.1694
4464,9,0.1474
4465,21,0.1326
4466,5,0.1568
4467,24,0.2024
4468,7,0.1738
4469,19,0.1429
4470,7,0.2103
4471,23,0.1464
4472,8,0.3040
4473,19,0.1534
4474,21,0.2287
4475,7,0.1891
4476,23,0.1327
4477,9,0.1646
4478,9,0.2485
4479,1,0.1591
4480,1,0.2272
4481,9,0.1872
4482,9,0.1810
4483,9,0.1593
4484,8,0.3875
4485,8,0.5096
4486,9,0.2974
4487,23,0.1566
4488,8,0.3156
4490,21,0.2154
4491,21,0.1258
4493,24,0.1160
4494,24,0.1832
4495,7,0.1228
4496,5,0.1634
4497,24,0.2019
4498,24,0.2066
4499,7,0.1298
4500,7,0.1697
4501,7,0.1621
4502,7,0.1350
4503,9,0.3279
4504,8,0.7182
4505,16,0.2437
4506,11,0.1404
4507,19,0.1104
4508,19,0.2079
4509,16,0.1405
4510,9,0.1617
4511,19,0.1420
4512,8,0.2209
4513,8,0.5695
4514,7,0.1107
4515,7,0.2086
4516,19,0.1205
4517,8,0.2037
4518,21,0.1403
4519,8,0.1804
4520,19,0.1847
4521,24,0.2556
4522,19,0.2335
4523,8,0.2547
4524,10,0.1379
4525,8,0.3074
4526,21,0.1334
4527,0,0.2362
4528,7,0.2170
4529,23,0.1668
4530,19,0.1435
4531,9,0.1110
4532,5,0.2725
4533,8,0.2929
4534,8,0.2099
4535,19,0.2118
4536,23,0.1856
4537,19,0.1914
4538,7,0.1693
4539,5,0.1460
4540,7,0.2302
4541,7,0.1912
4542,24,0.1260
4543,7,0.1440
4544,7,0.1926
4545,24,0.1379
4548,21,0.1346
4549,11,0.1075
4550,24,0.1196
4551,30,0.1042
4552,14,0.1659
4553,16,0.1967
4554,19,0.1503
4555,19,0.2709
4556,19,0.1579
4557,6,0.1118
4558,23,0.1462
4559,19,0.2123
4560,24,0.2271
4562,7,0.1850
4563,19,0.1914
4564,8,0.2414
4565,8,0.3012
4566,8,0.1920
4567,19,0.1309
4568,30,0.1405
4569,7,0.2287
4570,11,0.1561
4571,24,0.1531
4572,24,0.1663
4573,19,0.1488
4574,20,0.1423
4575,23,0.1526
4576,5,0.1589
4577,5,0.2597
4578,8,0.3077
4579,8,0.4992
4580,8,0.2863
4581,19,0.1996
4582,19,0.2103
4583,19,0.1562
4584,19,0.1339
4585,19,0.2046
4586,8,0.4842
4587,8,0.4792
4588,8,0.3204
4589,8,0.2309
4590,8,0.3432
4591,8,0.4073
4592,8,0.2562
4593,8,0.3986
4594,8,0.3718
4595,8,0.3817
4596,8,0.7297
4597,8,0.2574
4598,8,0.1433
4599,8,0.2294
4600,8,0.6520
4601,8,0.5073
4602,8,0.2346
4603,8,0.3006
4604,8,0.1560
4605,9,0.2292
4606,9,0.2406
4607,9,0.3491
4608,9,0.1412
4609,7,0.2090
4610,8,0.2078
4611,1,0.1192
4612,21,0.1570
4613,21,0.1527
4614,8,0.1382
4615,7,0.1360
4616,8,0.2704
4617,8,0.4701
4618,11,0.1667
4619,7,0.1397
4620,19,0.1539
4621,8,0.5783
4622,8,0.6885
4623,7,0.1440
4624,21,0.1608
4625,24,0.2058
4626,8,0.3664
4627,16,0.1308
4628,1,0.1393
4629,8,0.1432
4630,8,0.7557
4631,8,0.3917
4633,8,0.1076
4634,23,0.1643
4635,19,0.1045
4637,21,0.1190
4638,8,0.1429
4639,8,0.2014
4640,9,0.2090
4641,9,0.3225
4642,0,0.2633
4643,0,0.1939
4644,19,0.1515
4645,8,0.1998
4646,8,0.3072
4647,19,0.1116
4648,5,0.2011
4649,8,0.5285
4650,8,0.3834
4651,11,0.1249
4652,8,0.3643
4653,16,0.1859
4654,7,0.1360
4655,8,0.2145
4656,8,0.2016
4657,7,0.1736
4658,19,0.1157
4659,1,0.3044
4663,4,0.1071
4664,4,0.1770
4665,1,0.2271
4666,7,0.2065
4668,4,0.2585
4669,11,0.1475
4671,0,0.1529
4672,19,0.2154
4673,8,0.1540
4674,16,0.3949
4675,8,0.4541
4676,9,0.2432
4677,9,0.2211
4678,9,0.2509
4679,19,0.2099
4680,19,0.2767
4681,19,0.1612
4682,6,0.1128
4683,7,0.1870
4684,1,0.1822
4685,11,0.1814
4686,19,0.1340
4687,23,0.1271
4688,19,0.1269
4689,5,0.1210
4690,8,0.1382
4691,5,0.1583
4692,7,0.1243
4693,19,0.1270
4694,8,0.1341
4695,21,0.1544
4696,21,0.1047
4697,5,0.1555
4698,5,0.1502
4699,19,0.2639
4700,19,0.1678
4701,5,0.2642
4702,7,0.1711
4703,5,0.1319
4704,8,0.1268
4705,9,0.2751
4706,7,0.1733
4707,21,0.2031
4708,7,0.2432
4709,19,0.1475
4710,7,0.2114
4711,21,0.1889
4712,19,0.1274
4713,19,0.2903
4714,8,0.1892
4715,9,0.1699
4716,5,0.2015
4717,5,0.1919
4718,5,0.3244
4719,5,0.2236
4720,23,0.1400
4721,9,0.1532
4722,19,0.2057
4723,19,0.2050
4724,9,0.1466
4725,9,0.2363
4726,9,0.1519
4727,23,0.1617
4728,9,0.2127
4729,5,0.3117
4730,19,0.1609
4731,9,0.2125
4732,19,0.1704
4733,19,0.1727
4734,5,0.2015
4735,9,0.2118
4736,9,0.2809
4737,1,0.5936
4738,4,0.3644
4739,19,0.1435
4740,23,0.1628
4741,31,0.1188
4742,12,0.1104
4743,19,0.1556
4744,23,0.1453
4745,19,0.1564
4746,19,0.2009
4747,9,0.3581
4748,9,0.2107
4749,9,0.3410
4750,9,0.1872
4751,9,0.2261
4752,19,0.1566
4753,19,0.1552
4754,5,0.2003
4755,9,0.3127
4756,9,0.2735
4757,19,0.1828
4758,23,0.1526
4759,5,0.1517
4760,5,0.1935
4761,19,0.1761
4762,19,0.2184
4763,23,0.1506
4764,5,0.2075
4765,5,0.2246
4766,5,0.2372
4767,9,0.1577
4768,9,0.3888
4769,9,0.2007
4770,23,0.1611
4771,23,0.1450
4772,9,0.2801
4773,5,0.1648
4774,9,0.3082
4775,9,0.2276
4776,9,0.1166
4777,5,0.1188
4778,23,0.1220
4779,9,0.2959
4780,9,0.3145
4781,5,0.2837
4782,19,0.1351
4783,19,0.1840
4784,19,0.1822
4785,5,0.1393
4786,23,0.1591
4787,9,0.1831
4788,5,0.1951
4789,9,0.1983
4790,8,0.1302
4791,9,0.2289
4792,5,0.2701
4793,9,0.2363
4794,9,0.3662
4795,9,0.1846
4796,5,0.2588
4797,19,0.2273
4798,19,0.2398
4799,19,0.1314
4800,9,0.1720
4801,9,0.2145
4802,16,0.1556
4803,23,0.1396
4804,9,0.1669
4805,9,0.2458
4806,5,0.1976
4807,5,0.1137
4808,5,0.3691
4810,9,0.2504
4811,5,0.2217
4812,19,0.1559
4813,6,0.1432
4814,19,0.1720
4815,9,0.1326
4816,9,0.4100
4817,9,0.2880
4818,9,0.2362
4819,5,0.2062
4820,28,0.1063
4821,19,0.1431
4822,9,0.2021
4823,9,0.3259
4824,19,0.2001
4825,19,0.2070
4826,9,0.1983
4827,9,0.2682
4828,5,0.2760
4829,9,0.2538
4831,28,0.1865
4832,9,0.1832
4833,23,0.1170
4834,9,0.1595
4835,19,0.2030
4836,16,0.2102
4837,19,0.1150
4838,23,0.1885
4839,8,0.3169
4840,16,0.4126
4841,19,0.1836
4842,19,0.1817
4843,9,0.3775
4844,16,0.1391
4845,19,0.1384
4846,5,0.1364
4847,1,0.1856
4848,12,0.1948
4849,5,0.3126
4850,9,0.2213
4851,9,0.1496
4852,19,0.1899
4853,4,0.1154
4854,5,0.2431
4855,9,0.3056
4856,16,0.1546
4857,1,0.1861
4858,9,0.2339
4859,9,0.2847
4860,23,0.1806
4861,19,0.1512
4862,9,0.3275
4863,5,0.2513
4864,9,0.1460
4865,19,0.1805
4866,9,0.2550
4867,9,0.3464
4868,5,0.3306
4869,23,0.1660
4870,23,0.1585
4871,23,0.1799
4872,19,0.2165
4873,5,0.1891
4874,5,0.3034
4875,5,0.1683
4876,19,0.1592
4877,9,0.3016
4878,5,0.1808
4879,4,0.1568
4880,4,0.9107
4882,5,0.2025
4883,5,0.1867
4884,19,0.1826
4885,16,0.1643
4886,8,0.2212
4887,9,0.2377
4888,5,0.2508
4889,9,0.2225
4890,9,0.2033
4891,19,0.2013
4892,5,0.2094
4893,9,0.2191
4894,23,0.1636
4895,19,0.1884
4896,9,0.2259
4897,5,0.1513
4898,23,0.1762
4899,19,0.2122
4900,9,0.1208
4901,9,0.2593
4902,9,0.2618
4903,23,0.1711
4904,5,0.2196
4905,19,0.1698
4906,9,0.1482
4907,9,0.2138
4908,9,0.1871
4909,19,0.1189
4910,9,0.3064
4911,23,0.1527
4912,19,0.1550
4913,9,0.2883
4914,5,0.1375
4916,28,0.1608
4917,19,0.1298
4918,12,0.1330
4920,19,0.1832
4921,12,0.1374
4922,12,0.1381
4923,12,0.1820
4924,13,0.1078
4926,31,0.1521
4927,16,0.1096
4928,22,0.1238
4929,19,0.1741
4930,19,0.1777
4931,19,0.2855
4932,12,0.1259
4933,1,0.1607
4934,23,0.1543
4935,9,0.1650
4936,5,0.2272
4937,5,0.2277
4938,9,0.1337
4939,23,0.1273
4940,9,0.2398
4941,9,0.1812
4942,19,0.3289
4943,16,0.1622
4944,4,0.1849
4946,19,0.1570
4947,23,0.1172
4948,4,0.1086
4949,23,0.1153
4950,19,0.1789
4951,19,0.1711
4952,9,0.2308
4953,23,0.1420
4954,19,0.1891
4957,23,0.1556
4958,5,0.2407
4959,9,0.3086
4960,8,0.7190
4961,8,0.1868
4962,9,0.3084
4963,9,0.2035
4964,9,0.2151
4965,9,0.2001
4966,9,0.3562
4967,9,0.3278
4968,8,0.3216
4969,16,0.1773
4970,16,0.1794
4971,19,0.1976
4972,5,0.2757
4973,19,0.2041
4974,19,0.2113
4975,5,0.2005
4976,19,0.1565
4977,19,0.1028
4978,19,0.1746
4979,9,0.1343
4980,19,0.1780
4981,13,0.1112
4985,8,0.2700
4986,8,0.6159
4987,11,0.1173
4988,21,0.1282
4989,24,0.1467
4990,8,0.2281
4991,4,0.1447
4994,21,0.1083
4995,0,0.8036
4996,0,0.6120
4997,16,0.3047
4998,16,0.3422
4999,16,0.4707
5000,8,0.2292
5001,8,0.4116
5002,19,0.1459
5003,4,0.1538
5004,22,0.1944
5005,28,0.1582
5006,19,0.1484
5007,27,0.1338
5008,12,0.1359
5009,19,0.1244
5010,21,0.2080
5011,7,0.1816
5012,19,0.1533
5013,19,0.1510
5014,19,0.1436
5016,7,0.1131
5018,4,0.3698
5019,4,0.8272
5021,24,0.1771
5022,21,0.1270
5023,8,0.6208
5024,8,0.5182
5028,8,0.1971
5029,8,0.2210
5032,24,0.1106
5033,8,0.4272
5034,8,0.1937
5035,1,0.1194
5036,7,0.1435
5039,8,0.4712
5040,16,0.2936
5041,28,0.1235
5042,9,0.2072
5043,8,0.3069
5044,16,0.5585
5045,19,0.2335
5046,8,0.2059
5047,8,0.5697
5048,8,0.5280
5049,8,0.4544
5050,16,0.3239
5051,19,0.1242
5053,20,0.1309
5056,24,0.2461
5057,24,0.1420
5058,24,0.1591
5059,24,0.1039
5060,5,0.1538
5061,22,0.1539
5062,28,0.1078
5063,19,0.1270
5064,24,0.2623
5065,24,0.2613
5066,24,0.1465
5067,24,0.1579
5068,24,0.1863
5069,21,0.1292
5070,19,0.1560
5071,8,0.1934
5072,8,0.2080
5073,24,0.1726
5074,24,0.2543
5076,8,0.3040
5077,8,0.5409
5078,19,0.1376
5079,23,0.1480
5080,8,0.1227
5081,8,0.3319
5082,30,0.1628
5083,24,0.2471
5084,24,0.3470
5085,21,0.1474
5086,30,0.1251
5087,21,0.2277
5088,24,0.3089
5089,24,0.3953
5090,24,0.2872
5091,11,0.2127
5092,24,0.2768
5093,23,0.1326
5094,21,0.1069
5095,24,0.1542
5096,8,0.1351
5097,20,0.1679
5098,24,0.1779
5099,8,0.2121
5100,8,0.1858
5101,23,0.1105
5102,8,0.3632
5103,22,0.2256
5104,8,0.4585
5105,16,0.2248
5106,23,0.1603
5107,19,0.1790
5108,21,0.1910
5109,24,0.1882
5110,22,0.2121
5111,8,0.3822
5112,8,0.1574
5113,24,0.1149
5115,7,0.1425
5116,5,0.1457
5117,8,0.1051
5118,19,0.2080
5119,19,0.1678
5120,21,0.1494
5121,5,0.1328
5123,19,0.1794
5124,19,0.1691
5125,23,0.3031
5126,16,0.1926
5127,16,0.1427
5128,4,0.1084
5129,22,0.1158
5130,22,0.2960
5131,28,0.1451
5132,19,0.2220
5133,6,0.1381
5134,7,0.1256
5135,7,0.1250
5136,5,0.1333
5137,21,0.1429
5139,21,0.1280
5140,7,0.2151
5141,19,0.1104
5142,19,0.1813
5143,19,0.1363
5144,7,0.2222
5145,7,0.1116
5146,19,0.1392
5147,19,0.1056
5148,21,0.1883
5151,24,0.2459
5152,21,0.1713
5153,7,0.2263
5154,7,0.2002
5155,24,0.1632
5156,21,0.1678
5157,24,0.1564
5158,24,0.1971
5159,24,0.2119
5160,24,0.2128
5161,21,0.2057
5163,7,0.2027
5164,21,0.1819
5165,24,0.1768
5166,21,0.1816
5167,21,0.1738
5168,19,0.1318
5170,24,0.1149
5171,7,0.1528
5172,21,0.1134
5174,18,0.1322
5175,5,0.1268
5176,7,0.1424
5177,7,0.1928
5178,7,0.2722
5179,7,0.2027
5180,18,0.1290
5181,31,0.1435
5182,7,0.1894
5183,24,0.1330
5184,19,0.1718
5185,7,0.1623
5186,7,0.1296
5187,5,0.1252
5188,15,0.1118
5190,7,0.1542
5192,5,0.1746
5193,21,0.1823
5194,21,0.1856
5195,21,0.1849
5196,7,0.1691
5197,7,0.1916
5198,24,0.1723
5199,24,0.3210
5200,7,0.2161
5201,21,0.2746
5202,7,0.1793
5203,19,0.1615
5204,11,0.1594
5205,24,0.1886
5206,7,0.2168
5207,7,0.1644
5208,19,0.1404
5209,19,0.1501
5210,24,0.2125
5211,24,0.3355
5212,19,0.1326
5213,19,0.1106
5214,19,0.1501
5215,19,0.1455
5216,19,0.2071
5217,21,0.1925
5218,21,0.2328
5219,24,0.2899
5220,30,0.1804
5221,24,0.2434
5222,24,0.2782
5223,24,0.1973
5224,24,0.1603
5225,24,0.2284
5227,24,0.2347
5228,24,0.2416
5229,24,0.1716
5230,20,0.1681
5231,22,0.2049
5232,22,0.1399
5235,19,0.1748
5236,23,0.1348
5237,21,0.1789
5238,24,0.3175
5239,24,0.3222
5240,24,0.1734
5241,10,0.1406
5242,10,0.4235
5243,10,0.3610
5244,10,0.2887
5245,24,0.2309
5246,10,0.1431
5247,24,0.1138
5248,5,0.1119
5249,15,0.1036
5253,8,0.4572
5254,8,0.5550
5257,24,0.2277
5258,19,0.1929
5259,24,0.1628
5260,24,0.1353
5262,8,0.4603
5263,8,0.4312
5265,24,0.1027
5266,24,0.2788
5267,24,0.1820
5268,20,0.1079
5270,7,0.3161
5271,7,0.2932
5272,18,0.1387
5273,7,0.1467
5274,21,0.2148
5275,5,0.1598
5276,5,0.1345
5278,21,0.1587
5279,15,0.1211
5280,5,0.1617
5281,19,0.1309
5283,21,0.1863
5284,21,0.1369
5285,8,0.6189
5286,8,0.9218
5287,7,0.1291
5288,24,0.1043
5289,11,0.1375
5290,8,0.3060
5291,8,0.5983
5292,0,0.1243
5296,8,0.4077
5297,12,0.1925
5298,25,0.1161
5299,15,0.1040
5305,20,0.1250
5306,8,0.2403
5307,16,0.1200
5308,0,0.1257
5312,23,0.1485
5313,8,0.3512
5314,8,0.6492
5315,23,0.2402
5316,28,0.1726
5317,22,0.2025
5318,1,0.3054
5319,1,0.3466
5320,8,0.2062
5321,8,0.1634
5322,0,0.1093
5323,24,0.1599
5324,7,0.1307
5326,24,0.1078
5328,1,0.1350
5329,7,0.2019
5330,21,0.1509
5331,9,0.1494
5332,0,0.1474
5333,21,0.2259
5334,7,0.1431
5335,21,0.1041
5336,24,0.1037
5337,7,0.1196
5338,1,0.2578
5339,1,0.1395
5341,22,0.1509
5342,9,0.1385
5343,4,0.1885
5344,0,0.1259
5346,24,0.4141
5347,24,0.3116
5351,0,0.1650
5352,21,0.2093
5353,7,0.2286
5354,21,0.1539
5355,21,0.2649
5356,21,0.1271
5358,11,0.2552
5359,6,0.1029
5361,7,0.1168
5362,21,0.1396
5363,24,0.2562
5364,24,0.1093
5365,1,0.1350
5366,0,0.1119
5367,8,0.2783
5368,8,0.1545
5369,8,0.1280
5370,22,0.1585
5372,8,0.1270
5373,23,0.1313
5374,20,0.3324
5375,8,0.5656
5376,30,0.1038
5377,5,0.1886
5378,7,0.1376
5379,7,0.1293
5380,23,0.1691
5381,19,0.1121
5382,7,0.1280
5383,21,0.1468
5384,7,0.1663
5385,7,0.1639
5386,7,0.1320
5387,7,0.1146
5388,7,0.1406
5389,21,0.1334
5390,24,0.1920
5391,7,0.1457
5393,7,0.1078
5394,21,0.1661
5395,21,0.1054
5396,23,0.1294
5398,24,0.1427
5400,20,0.1679
5401,7,0.2480
5402,7,0.1837
5403,21,0.1781
5404,21,0.1406
5405,21,0.1267
5406,24,0.2459
5407,24,0.1463
5408,24,0.1042
5409,21,0.1103
5410,21,0.1802
5411,21,0.1364
5412,21,0.1995
5413,21,0.2677
5414,7,0.2275
5415,11,0.1197
5416,24,0.1331
5417,24,0.3160
5418,24,0.1660
5419,21,0.1422
5420,21,0.1581
5421,24,0.2210
5422,21,0.2101
5423,7,0.1681
5424,7,0.1388
5425,0,0.1957
5426,19,0.1166
5427,1,0.1519
5428,8,0.1586
5429,19,0.1291
5430,7,0.3275
5431,21,0.1201
5432,21,0.1697
5433,7,0.1939
5434,7,0.1868
5435,21,0.1607
5436,11,0.1331
5437,21,0.1652
5438,29,0.1395
5439,32,0.1165
5440,5,0.1441
5441,4,0.4420
5442,1,0.2859
5443,21,0.1807
5444,21,0.1752
5445,21,0.1386
5446,11,0.1511
5447,21,0.1980
5448,7,0.1515
5449,7,0.1734
5450,7,0.1346
5451,1,0.1729
5452,11,0.2039
5453,7,0.1548
5454,7,0.1369
5455,7,0.1475
5456,21,0.1824
5457,21,0.1763
5458,21,0.1345
5459,7,0.1585
5460,21,0.1767
5461,0,0.1934
5462,0,0.1541
5463,21,0.1784
5464,7,0.1277
5465,21,0.1465
5467,21,0.1775
5468,11,0.1781
5469,21,0.1462
5470,7,0.1456
5471,21,0.1358
5472,7,0.1607
5473,11,0.2409
5474,21,0.1140
5475,30,0.1591
5476,7,0.1234
5477,7,0.1804
5478,5,0.1205
5479,1,0.3025
5480,11,0.2981
5481,21,0.2310
5482,0,0.1717
5483,11,0.1629
5484,11,0.2796
5485,7,0.2030
5486,0,0.1693
5487,11,0.2126
5488,21,0.2109
5489,11,0.2502
5490,0,0.2516
5491,11,0.1517
5492,7,0.1754
5493,21,0.1605
5494,7,0.1795
5495,11,0.1948
5496,11,0.3319
5497,0,0.2347
5498,21,0.1938
5499,21,0.1619
5500,21,0.2136
5501,11,0.1901
5502,1,0.2687
5503,1,0.2449
5504,7,0.1612
5505,21,0.1394
5506,21,0.2002
5507,11,0.2012
5508,7,0.1693
5509,7,0.1534
5510,7,0.1148
5511,5,0.1166
5512,6,0.1263
5513,9,0.1671
5514,9,0.3781
5515,9,0.1357
5516,23,0.1480
5517,5,0.2838
5518,5,0.1293
5520,24,0.1093
5521,24,0.1115
5522,24,0.1091
5523,24,0.1922
5524,24,0.1721
5525,24,0.1909
5526,8,0.1679
5527,8,0.2901
5528,8,0.1436
5529,24,0.1758
5530,23,0.1075
5532,5,0.1105
5533,5,0.1227
5534,21,0.1273
5535,1,0.4084
5536,8,0.4721
5537,8,0.8249
5538,8,0.2555
5539,24,0.2274
5540,24,0.1438
5541,21,0.1446
5542,24,0.1601
5543,24,0.1437
5544,24,0.1750
5545,8,0.2166
5546,8,0.5821
5547,8,0.2133
5548,9,0.1284
5549,1,0.1930
5550,9,0.1396
5551,8,0.1753
5552,8,0.1026
5553,8,0.1136
5554,9,0.1783
5555,8,0.2919
5556,8,0.4606
5557,0,0.3472
5558,21,0.1456
5559,11,0.1810
5560,24,0.1877
5561,21,0.2364
5562,24,0.2936
5563,7,0.1705
5564,24,0.1460
5565,21,0.1483
5566,8,0.1803
5567,8,0.3636
5568,8,0.1270
5569,7,0.1254
5570,23,0.1137
5571,8,0.1196
5572,7,0.1653
5573,21,0.1124
5574,21,0.1150
5575,21,0.1189
5576,8,0.2648
5577,8,0.2902
5578,11,0.2033
5579,11,0.3222
5580,24,0.1907
5581,24,0.1574
5582,24,0.1148
5583,24,0.1767
5584,8,0.1372
5585,8,0.2732
5586,8,0.3537
5587,8,0.2503
5588,9,0.2297
5589,8,0.2755
5590,8,0.1567
5591,9,0.1387
5592,8,0.1362
5593,1,0.1958
5594,1,0.3196
5595,8,0.1972
5596,21,0.1545
5597,7,0.1139
5598,8,0.2030
5599,8,0.5555
5600,8,0.1657
5602,9,0.1405
5603,8,0.2230
5604,8,0.1521
5605,8,0.2664
5606,19,0.2183
5607,24,0.1476
5608,24,0.1615
5609,21,0.1684
5610,8,0.1610
5611,8,0.3147
5612,9,0.1325
5613,8,0.2371
5614,9,0.1967
5615,7,0.1535
5616,24,0.1909
5617,24,0.1314
5618,24,0.1288
5619,9,0.1376
5620,9,0.2301
5621,8,0.1355
5622,21,0.1769
5623,7,0.3025
5624,7,0.1223
5625,24,0.1741
5626,24,0.1682
5627,24,0.2510
5628,21,0.1510
5629,7,0.1186
5630,24,0.2114
5631,7,0.1249
5632,24,0.1511
5633,24,0.1359
5634,8,0.1309
5635,21,0.1347
5636,21,0.1300
5637,7,0.1058
5638,21,0.1436
5639,24,0.2020
5640,10,0.1628
5641,9,0.1605
5642,8,0.3651
5643,8,0.1376
5644,19,0.1918
5645,21,0.1616
5646,23,0.1273
5647,23,0.1522
5648,8,0.1513
5649,23,0.1273
5650,28,0.1044
5652,24,0.1509
5653,24,0.2980
5654,21,0.1816
5655,24,0.1917
5656,24,0.5153
5657,20,0.2945
5658,22,0.3093
5659,24,0.3439
5660,19,0.1586
5661,7,0.1400
5662,19,0.2175
5663,15,0.2459
5664,7,0.2016
5666,8,0.2875
5667,20,0.3555
5668,24,0.4259
5669,24,0.4351
5670,18,0.1398
5671,16,0.2654
5672,22,0.1777
5673,8,0.2184
5674,19,0.1486
5675,7,0.1102
5676,7,0.1271
5677,7,0.3653
5678,7,0.4257
5679,5,0.2415
5680,5,0.1962
5681,5,0.2844
5682,5,0.3242
5683,5,0.3123
5684,5,0.2488
5685,5,0.3883
5686,5,0.4596
5687,5,0.4679
5688,5,0.3118
5689,7,0.1893
5690,7,0.1293
5691,8,0.1671
5693,7,0.1789
5694,24,0.1663
5695,23,0.1527
5696,24,0.1393
5697,8,0.1568
5698,19,0.1191
5699,19,0.1182
5700,19,0.1082
5701,11,0.2480
5702,24,0.1737
5703,19,0.1646
5704,23,0.1873
5705,1,0.2165
5706,1,0.5982
5707,1,0.4014
5708,9,0.4247
5709,8,0.2242
5710,9,0.6478
5711,9,0.6525
5712,8,0.3631
5713,23,0.2055
5714,8,0.4338
5715,8,0.5526
5716,8,0.3974
5717,8,0.2769
5718,8,0.4396
5719,8,0.5892
5720,8,0.4185
5721,8,0.4852
5722,9,0.3196
5723,9,0.2540
5724,19,0.2077
5726,8,0.1555
5727,19,0.1736
5728,24,0.2288
5729,8,0.1981
5730,24,0.5080
5731,24,0.2757
5732,14,0.1144
5733,12,0.1143
5734,7,0.1180
5735,5,0.1038
5737,31,0.1404
5738,6,0.1086
5739,6,0.1449
5740,24,0.2521
5741,23,0.1528
5743,19,0.1680
5744,19,0.1912
5745,0,0.1703
5747,8,0.1957
5748,24,0.2862
5749,11,0.3849
5750,1,0.4852
5751,16,0.2793
5752,16,0.2216
5753,16,0.2318
5754,16,0.4344
5755,8,0.4132
5756,8,0.3692
5757,8,0.3286
5758,8,0.2109
5759,30,0.1336
5760,24,0.1713
5761,24,0.2708
5762,24,0.3830
5763,19,0.1972
5764,19,0.2156
5765,19,0.1296
5766,5,0.1224
5767,1,0.1378
5768,1,0.1637
5769,22,0.1743
5770,0,0.1247
5771,1,0.2895
5772,8,0.2218
5773,8,0.4583
5774,9,0.4479
5775,9,0.2355
5776,22,0.2251
5777,28,0.2965
5778,28,0.1203
5780,24,0.1341
5781,24,0.1435
5782,24,0.1316
5783,24,0.1368
5784,7,0.1100
5785,24,0.1033
5786,29,0.1147
5789,9,0.1492
5791,7,0.1214
5792,9,0.1317
5793,7,0.1218
5794,21,0.1187
5796,7,0.1133
5797,0,0.2308
5798,1,0.3993
5799,8,0.5294
5800,8,0.7061
5801,20,0.1506
5802,7,0.1148
5803,9,0.1303
5804,8,0.7467
5805,8,0.6234
5806,8,0.2447
5807,28,0.1194
5813,9,0.1237
5816,21,0.1249
5817,8,0.5029
5818,8,0.3227
5819,9,0.1498
5821,8,0.1493
5822,8,0.7975
5823,21,0.1580
5824,24,0.2508
5825,21,0.2150
5826,7,0.2000
5827,8,0.1117
5828,8,0.4189
5829,9,0.1161
5830,7,0.1212
5831,9,0.1183
5832,8,0.1791
5833,8,0.1443
5834,9,0.1185
5835,9,0.1867
5836,9,0.1187
5837,21,0.1284
5838,21,0.1092
5839,8,0.2274
5840,16,0.1303
5841,7,0.1537
5842,21,0.1288
5844,24,0.1108
5845,8,0.1131
5847,21,0.1244
5849,8,0.1188
5850,8,0.1235
5851,9,0.1417
5853,21,0.1193
5854,8,0.2030
5856,5,0.1735
5857,21,0.1153
5858,24,0.1422
5859,7,0.1543
5860,8,0.1254
5861,8,0.1197
5864,8,0.2538
5865,8,0.1125
5868,8,0.6212
5869,30,0.1567
5870,24,0.1968
5873,7,0.1689
5874,7,0.1177
5876,8,0.1635
5877,8,0.3341
5878,30,0.1248
5879,24,0.1792
5881,21,0.1104
5882,7,0.1328
5883,5,0.1102
5884,8,0.2888
5885,0,0.1670
5886,7,0.2106
5887,24,0.1423
5888,24,0.1602
5889,24,0.1263
5890,7,0.1569
5891,7,0.1476
5892,7,0.1199
5893,24,0.3046
5894,24,0.4080
5895,21,0.1399
5896,7,0.1187
5897,5,0.1344
5898,5,0.1088
5899,8,0.3258
5900,28,0.1598
5901,21,0.1473
5902,7,0.1399
5903,21,0.1473
5904,21,0.1402
5905,21,0.1115
5906,21,0.1326
5907,7,0.1376
5908,7,0.1067
5909,8,0.1379
5913,8,0.7641
5914,8,0.3595
5915,24,0.1401
5916,7,0.1431
5917,7,0.1791
5918,24,0.1825
5919,24,0.1829
5920,24,0.2322
5921,7,0.1607
5922,8,0.1840
5923,19,0.1211
5924,19,0.1438
5925,16,0.1048
5926,28,0.3338
5927,0,0.3437
5928,19,0.1269
5929,16,0.1675
5930,24,0.2227
5931,10,0.1672
5932,21,0.1505
5933,7,0.1979
5934,24,0.1387
5935,24,0.1647
5936,8,0.1704
5937,8,0.3996
5938,8,0.4340
5939,8,0.1440
5941,5,0.2766
5942,5,0.1684
5943,5,0.1388
5944,5,0.2012
5945,5,0.2135
5946,5,0.1890
5947,19,0.2035
5948,19,0.1411
5949,7,0.1846
5950,21,0.1464
5951,19,0.1082
5953,21,0.1215
5954,8,0.3579
5955,8,0.6102
5956,7,0.1377
5957,24,0.1657
5958,8,0.1870
5959,24,0.1649
5961,5,0.1066
5962,8,0.1930
5963,1,0.1769
5964,12,0.1190
5965,24,0.1248
5966,24,0.2545
5967,24,0.3925
5968,0,0.2896
5969,11,0.2017
5970,9,0.1040
5971,7,0.1119
5973,19,0.1181
5974,21,0.1179
5975,7,0.1433
5976,7,0.1435
5978,24,0.1125
5979,24,0.2535
5980,24,0.1872
5981,24,0.2155
5982,19,0.1370
5983,31,0.1815
5984,15,0.1863
5985,7,0.1341
5986,1,0.2723
5987,7,0.1765
5988,15,0.1872
5989,24,0.2229
5990,8,0.3398
5991,24,0.1354
5992,21,0.1108
5993,8,0.1264
5994,16,0.1899
5995,16,0.3196
5996,16,0.1299
5997,16,0.1560
5998,4,0.3538
5999,25,0.1774
6000,21,0.2251
6001,21,0.1978
6002,24,0.2374
6003,10,0.1116
6006,7,0.1549
6007,7,0.1497
6008,0,0.1377
6010,16,0.1751
6011,24,0.3056
6012,0,0.4123
6013,0,0.2876
6014,7,0.1509
6015,7,0.1450
6016,0,0.3285
6017,8,0.1821
6018,19,0.1828
6019,5,0.1213
6020,24,0.1278
6021,15,0.1491
6022,19,0.1418
6023,24,0.1463
6024,8,0.3519
6025,8,0.5516
6026,21,0.1716
6027,17,0.1597
6028,16,0.1316
6029,5,0.1345
6030,15,0.1520
6031,15,0.1572
6032,15,0.1974
6033,0,0.1983
6034,11,0.2682
6035,7,0.2138
6036,0,0.1297
6037,19,0.1923
6038,19,0.1082
6039,19,0.1409
6040,19,0.1227
6041,13,0.1437
6042,15,0.1265
6044,24,0.1126
6047,24,0.1446
6048,7,0.1329
6049,19,0.1461
6050,19,0.1290
6051,21,0.1624
6052,7,0.1515
6053,7,0.1612
6054,19,0.1656
6055,19,0.2261
6056,19,0.2457
6057,19,0.1771
6058,11,0.1291
6060,28,0.2743
6061,16,0.1145
6063,8,0.1735
6064,8,0.2220
6065,21,0.1033
6066,7,0.1659
6067,19,0.2352
6068,19,0.2100
6069,19,0.2024
6070,21,0.1873
6071,21,0.1277
6072,7,0.1568
6073,5,0.1448
6074,7,0.1083
6075,19,0.1741
6076,8,0.1796
6077,5,0.1177
6078,19,0.1926
6079,5,0.1800
6080,19,0.1315
6081,21,0.1122
6082,7,0.1639
6083,19,0.2811
6084,19,0.2209
6085,19,0.2649
6086,1,0.2329
6087,19,0.1705
6088,19,0.2149
6089,19,0.1754
6090,19,0.1781
6091,24,0.2340
6092,24,0.2220
6093,24,0.3720
6094,24,0.1273
6095,24,0.1165
6096,21,0.1030
6097,19,0.1654
6098,19,0.1271
6099,7,0.1516
6100,1,0.1305
6101,19,0.1522
6102,5,0.1612
6103,5,0.1628
6104,19,0.1266
6105,7,0.1756
6106,7,0.2308
6107,7,0.1983
6108,21,0.1677
6109,19,0.1251
6110,19,0.1162
6111,24,0.2444
6112,21,0.1297
6113,19,0.1396
6114,24,0.1026
6115,19,0.1163
6116,21,0.1565
6117,7,0.1379
6118,19,0.1322
6119,11,0.1566
6120,24,0.1879
6121,8,0.1668
6122,19,0.1240
6123,19,0.1849
6124,7,0.1785
6125,19,0.1184
6126,19,0.1350
6127,21,0.1047
6128,7,0.1309
6129,8,0.1596
6130,16,0.3031
6131,16,0.4937
6132,16,0.3832
6133,16,0.1797
6134,9,0.2507
6135,21,0.2642
6136,9,0.2378
6137,9,0.2775
6138,9,0.2950
6139,9,0.7421
6140,16,0.2811
6141,16,0.1874
6142,16,0.2103
6143,16,0.3004
6144,19,0.1062
6145,19,0.1733
6146,19,0.1590
6147,21,0.2163
6148,21,0.2907
6149,7,0.1864
6151,19,0.1233
6153,1,0.1328
6154,23,0.1089
6155,28,0.1337
6156,7,0.1458
6158,28,0.1120
6159,19,0.2113
6160,1,0.1790
6161,19,0.1117
6162,9,0.2974
6163,1,0.1565
6165,19,0.1445
6167,7,0.2165
6168,19,0.1108
6170,7,0.1045
6171,21,0.2063
6172,7,0.1716
6173,7,0.1329
6174,21,0.1410
6175,0,0.1127
6176,5,0.1203
6177,21,0.1482
6178,11,0.1593
6179,7,0.1485
6180,30,0.1371
6182,24,0.1124
6183,11,0.1876
6184,0,0.1558
6185,19,0.1851
6186,11,0.2296
6187,19,0.1260
6188,8,0.1170
6189,21,0.1827
6190,21,0.1490
6191,19,0.1495
6192,24,0.1231
6193,21,0.1332
6194,21,0.1974
6195,0,0.1257
6196,0,0.1353
6197,7,0.1954
6198,7,0.1717
6199,21,0.2315
6200,5,0.1316
6201,7,0.2074
6202,7,0.1917
6203,23,0.1374
6204,19,0.1034
6206,24,0.1414
6207,21,0.1497
6208,5,0.1503
6209,1,0.1503
6210,11,0.2028
6211,24,0.1879
6212,21,0.1197
6213,21,0.1790
6214,21,0.1597
6215,21,0.1292
6216,19,0.1728
6217,19,0.1444
6219,21,0.1644
6220,24,0.1975
6221,8,0.1715
6222,8,0.1411
6223,10,0.1632
6224,24,0.2143
6225,7,0.1444
6226,7,0.1388
6227,21,0.1132
6228,1,0.1315
6230,19,0.1608
6232,7,0.1528
6233,5,0.1997
6234,7,0.1444
6235,7,0.1775
6236,21,0.1661
6237,21,0.2190
6238,21,0.1827
6239,21,0.1672
6240,0,0.1611
6241,8,0.1903
6242,11,0.1507
6243,21,0.2057
6244,21,0.1507
6245,11,0.1582
6246,7,0.1784
6247,7,0.2486
6248,7,0.1257
6249,21,0.1717
6250,21,0.1875
6251,20,0.1508
6253,7,0.2040
6254,21,0.1340
6255,7,0.1390
6256,7,0.1759
6257,22,0.1385
6258,16,0.3355
6259,23,0.1327
6260,24,0.1532
6261,7,0.2952
6262,7,0.2823
6264,30,0.1680
6265,28,0.1864
6266,8,0.3019
6267,28,0.2560
6268,8,0.3167
6269,19,0.1576
6270,19,0.1491
6272,5,0.1095
6273,7,0.1202
6274,21,0.1336
6275,24,0.1327
6276,21,0.1945
6277,5,0.1850
6278,7,0.1604
6280,15,0.1092
6281,7,0.1565
6282,0,0.1576
6285,8,0.1433
6286,19,0.2241
6287,19,0.1939
6288,7,0.2042
6289,19,0.1361
6290,23,0.1300
6291,19,0.1685
6292,5,0.2391
6295,7,0.1870
6296,21,0.1525
6297,21,0.1310
6298,21,0.1772
6299,13,0.1134
6300,13,0.1071
6301,24,0.1378
6302,24,0.2007
6303,24,0.2718
6304,24,0.1500
6306,24,0.1727
6307,24,0.1186
6309,21,0.1428
6310,24,0.1878
6311,24,0.1607
6312,24,0.1543
6313,21,0.1882
6314,11,0.1418
6315,21,0.1183
6316,7,0.1785
6317,24,0.3083
6318,24,0.2890
6319,24,0.4474
6320,20,0.1482
6321,24,0.2138
6322,24,0.2436
6323,24,0.2768
6324,19,0.1321
6325,8,0.1786
6326,19,0.1832
6327,11,0.1310
6328,19,0.1278
6329,19,0.1124
6330,24,0.1801
6333,24,0.1565
6334,22,0.2159
6335,8,0.3995
6336,8,0.1504
6337,19,0.1670
6338,19,0.1470
6339,23,0.1319
6340,11,0.1696
6341,24,0.1962
6342,23,0.1062
6343,30,0.2099
6344,11,0.1854
6345,23,0.1476
6346,11,0.1879
6347,8,0.1868
6348,0,0.1475
6349,11,0.1678
6350,19,0.1360
6351,24,0.2234
6352,8,0.2175
6353,8,0.6301
6354,8,0.7578
6355,8,0.2786
6356,11,0.3179
6357,23,0.1246
6358,8,0.1389
6359,22,0.2891
6360,8,0.5508
6361,8,0.3757
6362,8,0.1699
6364,32,0.1738
6365,11,0.1252
6366,30,0.1622
6367,24,0.4084
6368,28,0.1299
6369,28,0.1338
6370,19,0.1354
6371,19,0.1510
6372,11,0.2046
6373,11,0.1326
6374,21,0.1107
6375,24,0.1250
6377,24,0.1083
6378,24,0.1574
6379,11,0.1148
6382,1,0.1306
6383,1,0.1106
6385,11,0.2483
6386,11,0.1611
6388,22,0.1386
6389,8,0.1215
6390,11,0.1372
6392,21,0.1869
6393,21,0.1113
6394,19,0.1442
6395,19,0.2008
6396,11,0.2077
6397,19,0.1658
6398,19,0.1360
6399,19,0.1414
6400,24,0.2689
6402,19,0.1665
6403,22,0.1411
6404,30,0.1421
6405,19,0.1445
6406,24,0.2194
6407,21,0.1886
6408,8,0.1536
6409,8,0.4710
6410,8,0.1626
6411,0,0.1389
6412,16,0.1638
6413,19,0.1795
6414,8,0.2009
6415,8,0.2178
6416,19,0.1586
6417,8,0.2832
6418,8,0.1300
6419,19,0.1702
6420,19,0.1687
6421,19,0.1367
6422,24,0.1313
6423,7,0.1610
6424,11,0.2029
6425,0,0.3190
6426,24,0.2018
6427,24,0.1957
6428,21,0.1835
6429,21,0.1054
6430,5,0.2282
6431,5,0.1236
6432,21,0.1236
6434,24,0.4131
6435,24,0.2226
6436,7,0.1235
6437,5,0.1060
6438,21,0.1088
6439,21,0.1244
6440,21,0.1240
6441,24,0.1296
6442,24,0.1030
6443,18,0.1055
6444,28,0.1447
6446,5,0.1231
6447,9,0.1137
6448,9,0.1324
6449,24,0.1353
6450,0,0.1810
6451,0,0.1812
6452,8,0.2847
6453,5,0.1768
6454,21,0.1220
6455,21,0.1290
6456,24,0.2674
6457,7,0.1886
6458,28,0.2484
6459,12,0.1724
6460,5,0.1465
6461,24,0.1262
6462,24,0.2104
6464,5,0.1071
6465,24,0.2138
6466,22,0.1768
6467,28,0.1477
6468,28,0.1520
6469,28,0.1491
6470,8,0.2098
6471,28,0.2490
6472,0,0.2192
6473,28,0.1603
6474,19,0.1216
6476,22,0.1307
6477,22,0.2060
6478,22,0.1914
6479,8,0.2741
6480,8,0.2680
6481,7,0.1122
6482,8,0.1940
6483,28,0.1388
6484,24,0.1591
6485,8,0.1786
6486,12,0.1084
6487,5,0.1545
6489,12,0.1045
6490,19,0.1107
6492,24,0.1856
6495,24,0.2448
6500,24,0.1148
6501,10,0.1648
6502,5,0.2004
6503,5,0.1662
6504,5,0.1316
6510,24,0.1144
6511,24,0.3909
6512,7,0.1624
6513,7,0.2482
6514,15,0.1955
6515,15,0.1596
6516,15,0.1264
6517,15,0.1337
6518,15,0.1464
6519,5,0.1227
6520,24,0.1428
6521,15,0.1678
6522,24,0.2358
6523,24,0.1079
6524,7,0.1270
6525,7,0.1545
6526,21,0.1255
6527,24,0.2855
6528,19,0.1353
6529,7,0.2066
6530,24,0.1730
6531,24,0.3228
6533,6,0.1146
6534,24,0.4716
6535,24,0.3279
6536,19,0.1250
6537,19,0.1398
6538,7,0.2623
6539,14,0.1633
6540,28,0.1343
6541,15,0.1655
6543,23,0.1569
6544,32,0.1167
6545,13,0.1051
6546,13,0.1066
6547,24,0.1412
6548,21,0.1140
6549,7,0.1313
6550,7,0.1449
6551,21,0.1321
6552,21,0.1764
6553,7,0.2444
6554,7,0.1770
6555,7,0.1180
6556,21,0.1280
6557,7,0.1337
6558,11,0.1604
6559,21,0.1436
6560,21,0.1243
6561,21,0.1226
6562,7,0.1546
6563,21,0.1899
6564,24,0.2109
6565,24,0.4081
6566,7,0.2046
6567,7,0.1772
6568,33,0.1952
6569,24,0.2009
6570,24,0.2528
6571,8,0.2010
6572,24,0.2901
6573,11,0.2469
6574,0,0.1232
6576,7,0.1077
6578,24,0.1680
6579,24,0.2405
6580,0,0.1040
6581,19,0.1368
6582,19,0.1816
6583,7,0.1198
6584,7,0.1520
6585,24,0.2271
6586,24,0.2158
6587,24,0.1538
6588,24,0.1501
6589,24,0.1214
6590,24,0.2454
6591,7,0.2352
6592,21,0.1767
6593,21,0.1556
6594,20,0.1208
6595,30,0.1412
6596,7,0.1459
6597,7,0.2182
6598,7,0.1830
6599,0,0.2590
6600,11,0.2303
6601,11,0.1598
6602,11,0.3748
6603,21,0.2514
6604,24,0.2584
6605,19,0.1593
6606,24,0.1629
6607,8,0.2160
6608,11,0.1615
6609,11,0.1454
6610,11,0.1871
6611,11,0.1680
6612,7,0.2287
6613,7,0.1899
6614,24,0.3022
6615,11,0.2088
6616,30,0.2717
6617,7,0.2037
6618,24,0.1459
6619,24,0.1440
6620,7,0.1582
6621,24,0.1274
6622,7,0.1260
6623,7,0.1540
6624,7,0.1272
6625,1,0.2162
6626,11,0.1919
6627,21,0.1784
6628,11,0.1865
6629,11,0.1971
6630,11,0.2017
6631,11,0.2249
6632,7,0.1438
6633,21,0.1481
6634,7,0.1476
6635,21,0.1112
6636,1,0.1518
6637,1,0.1049
6638,11,0.2053
6639,21,0.1457
6640,7,0.1095
6641,11,0.2052
6642,11,0.2864
6643,1,0.2102
6644,7,0.1828
6645,7,0.1540
6646,5,0.1256
6648,21,0.1055
6649,21,0.1351
6650,19,0.1468
6651,11,0.1623
6652,11,0.2154
6653,7,0.1326
6655,8,0.2006
6656,11,0.1305
6657,21,0.1565
6658,21,0.1582
6659,21,0.1475
6660,21,0.1830
6661,0,0.2178
6662,11,0.2948
6663,11,0.2862
6664,11,0.3529
6665,11,0.1595
6666,7,0.1583
6667,7,0.1772
6668,7,0.2017
6669,7,0.1359
6670,11,0.1572
6671,11,0.1513
6672,24,0.1398
6674,5,0.1415
6675,5,0.1503
6676,7,0.1094
6677,7,0.1793
6678,21,0.1040
6679,21,0.1617
6681,7,0.1227
6682,7,0.1201
6684,7,0.1384
6685,7,0.1556
6686,21,0.1516
6687,5,0.2068
6688,28,0.1224
6689,12,0.1160
6690,5,0.1122
6692,21,0.1330
6693,21,0.1207
6694,7,0.1578
6696,5,0.1669
6697,5,0.1406
6698,5,0.1052
6699,7,0.1187
6700,7,0.1375
6701,0,0.1639
6702,5,0.1147
6703,5,0.1534
6704,5,0.2305
6705,5,0.2449
6706,7,0.1451
6707,7,0.1086
6708,25,0.1260
6709,5,0.1412
6710,5,0.2049
6712,12,0.1108
6715,25,0.1221
6718,4,0.2223
6719,2,0.2138
6720,12,0.1948
6721,0,0.2269
6722,12,0.1453
6723,16,0.2447
6724,28,0.1197
6727,0,0.2277
6728,30,0.1467
6729,6,0.1518
6730,8,0.7481
6731,0,0.2783
6732,0,0.1314
6733,0,0.7209
6734,0,0.4985
6735,1,0.1160
6736,5,0.1353
6737,15,0.1279
6738,1,0.1395
6739,5,0.1137
6743,7,0.1392
6746,2,0.1156
6747,2,0.1409
6748,5,0.1088
6749,5,0.1197
6750,32,0.1564
6752,7,0.1153
6753,7,0.1570
6754,5,0.1108
6756,7,0.1295
6757,21,0.1597
6758,21,0.1394
6759,21,0.1581
6760,21,0.1171
6761,21,0.1356
6763,23,0.1162
6764,19,0.1081
6765,21,0.1430
6767,24,0.1156
6768,7,0.1280
6769,7,0.1567
6770,21,0.1975
6771,19,0.1415
6774,7,0.1300
6775,21,0.1494
6777,5,0.1216
6779,21,0.1190
6781,5,0.1215
6782,5,0.1198
6783,5,0.1510
6784,5,0.2305
6786,5,0.1822
6787,5,0.1247
6788,7,0.1159
6790,5,0.1106
6791,5,0.1837
6792,8,0.1725
6793,19,0.1298
6794,5,0.1347
6795,7,0.2290
6796,9,0.2365
6797,9,0.3739
6798,5,0.1939
6799,5,0.2405
6800,6,0.1085
6801,9,0.1179
6802,9,0.1475
6803,5,0.2134
6804,5,0.2515
6805,5,0.1588
6806,6,0.1038
6807,5,0.1565
6808,7,0.1394
6809,5,0.1551
6810,9,0.2416
6811,5,0.2187
6812,5,0.2632
6813,5,0.1675
6814,5,0.1261
6815,5,0.1250
6816,5,0.1320
6817,21,0.1151
6818,7,0.1349
6820,21,0.1382
6821,21,0.1395
6822,21,0.1316
6823,9,0.1838
6824,16,0.1560
6825,23,0.1818
6826,19,0.2694
6827,7,0.1841
6828,5,0.2042
6829,23,0.1230
6830,5,0.2867
6831,5,0.1994
6832,5,0.1608
6833,6,0.1057
6834,7,0.1923
6835,7,0.1770
6836,5,0.2251
6837,5,0.2076
6838,9,0.1096
6839,21,0.1229
6840,7,0.1460
6841,21,0.1534
6842,5,0.1802
6843,9,0.2386
6844,5,0.2317
6845,21,0.1550
6847,19,0.1322
6848,21,0.1183
6849,21,0.1611
6850,7,0.1651
6851,5,0.1326
6852,11,0.1225
6853,19,0.1900
6854,24,0.2957
6855,24,0.2975
6856,19,0.1269
6857,9,0.2061
6858,19,0.1302
6859,24,0.2932
6860,24,0.2684
6861,7,0.1811
6862,19,0.1679
6863,23,0.1341
6864,5,0.1871
6865,5,0.2389
6866,23,0.1357
6867,28,0.1058
6868,20,0.1461
6869,28,0.1456
6870,12,0.1092
6872,5,0.1181
6873,5,0.2120
6874,19,0.1288
6875,6,0.1109
6876,6,0.1073
6877,19,0.1390
6879,5,0.2126
6880,5,0.2193
6881,5,0.1154
6882,5,0.1496
6883,23,0.1555
6884,23,0.1804
6885,19,0.1187
6886,5,0.1296
6887,9,0.1067
6888,5,0.1526
6889,5,0.1598
6890,5,0.1711
6891,9,0.1448
6892,19,0.2412
6893,23,0.1987
6894,9,0.3572
6895,9,0.4969
6896,9,0.4299
6897,9,0.5498
6898,8,0.4709
6899,23,0.1430
6900,19,0.1749
6901,19,0.2844
6902,5,0.2624
6903,23,0.1834
6904,19,0.2335
6905,19,0.3078
6906,23,0.1548
6907,9,0.3675
6908,5,0.2261
6909,5,0.1905
6910,19,0.2571
6911,19,0.1779
6912,19,0.2582
6913,8,0.2589
6914,19,0.2568
6915,23,0.2241
6916,4,0.5158
6917,4,0.9659
6918,8,0.2953
6919,9,0.2497
6920,16,0.1414
6921,0,0.2031
6922,19,0.1735
6923,19,0.1581
6924,17,0.1190
6925,0,0.1138
6926,23,0.2035
6927,9,0.1771
6928,5,0.4474
6929,19,0.1225
6930,4,0.1266
6931,19,0.1818
6932,9,0.1940
6933,19,0.2051
6934,16,0.1215
6935,9,0.1496
6936,9,0.1690
6937,9,0.1689
6938,19,0.1409
6939,9,0.1398
6940,8,0.2193
6941,9,0.1687
6942,9,0.3158
6943,9,0.2829
6944,8,0.3698
6945,19,0.1643
6946,21,0.1876
6947,8,0.2896
6948,8,0.6196
6949,8,0.8392
6950,8,0.2881
6951,8,0.4240
6952,8,0.1811
6953,24,0.3141
6954,24,0.1376
6955,24,0.1497
6956,8,0.3143
6957,8,0.4664
6958,8,0.3824
6959,19,0.1376
6960,23,0.1176
6961,8,0.3633
6962,8,0.2630
6963,8,0.5842
6964,8,0.2717
6965,8,0.3112
6966,30,0.1505
6968,8,0.4237
6969,8,0.6510
6970,25,0.1782
6972,8,0.4483
6973,8,0.6558
6975,8,0.3389
6976,8,0.8186
6977,8,0.3988
6978,6,0.1422
6979,24,0.3233
6980,20,0.1758
6981,8,0.2184
6982,8,0.1521
6983,24,0.3231
6984,8,0.2486
6985,8,0.7970
6986,9,0.1962
6987,8,0.1870
6988,8,0.6886
6989,8,0.6925
6990,8,0.1622
6991,8,0.3496
6992,8,0.2581
6993,8,0.4028
6994,8,0.2170
6995,8,0.2882
6996,8,0.1279
6997,8,0.6394
6998,8,0.9213
6999,8,0.2133
7000,8,0.1720
7001,24,0.2599
7002,8,0.4069
7003,8,0.3838
7004,19,0.1249
7005,8,0.2912
7006,21,0.1880
7008,8,0.3510
7009,8,0.6616
7011,19,0.1138
7012,8,0.8903
7013,8,0.7262
7014,9,0.1981
7015,8,0.7251
7016,8,0.9024
7017,8,0.5083
7018,8,0.5463
7019,8,0.2180
7020,24,0.1702
7021,24,0.1780
7022,8,0.1604
7023,8,0.2270
7024,24,0.2582
7025,8,0.1183
7026,21,0.1563
7027,21,0.1906
7028,21,0.1286
7029,21,0.1147
7030,24,0.2175
7031,24,0.3340
7032,24,0.1056
7033,8,0.3895
7034,8,0.2733
7035,8,0.4666
7038,5,0.1839
7039,16,0.1392
7040,8,0.1527
7041,5,0.1473
7042,24,0.1097
7044,5,0.1121
7045,24,0.1776
7046,8,0.4132
7047,21,0.1324
7048,9,0.1410
7049,8,0.2484
7050,24,0.1551
7051,21,0.2134
7052,19,0.1097
7053,9,0.1260
7054,21,0.1130
7055,7,0.1103
7056,21,0.1149
7057,21,0.1479
7058,20,0.1530
7059,8,0.1199
7061,24,0.1328
7062,24,0.1180
7064,8,0.5440
7065,8,0.3447
7066,5,0.1735
7068,12,0.1995
7069,19,0.1892
7070,24,0.2031
7071,19,0.1933
7073,5,0.2093
7074,7,0.2116
7075,5,0.1158
7076,5,0.3411
7077,7,0.1078
7078,7,0.1768
7079,5,0.3023
7080,5,0.2561
7081,7,0.2085
7082,7,0.2099
7083,7,0.1552
7084,5,0.2035
7085,5,0.2677
7086,7,0.2198
7087,7,0.1625
7088,5,0.1756
7089,9,0.1900
7090,9,0.1231
7091,5,0.1843
7092,7,0.1307
7093,7,0.1581
7094,5,0.1276
7095,5,0.1161
7096,21,0.1057
7097,7,0.1552
7098,7,0.1746
7099,7,0.1968
7100,7,0.1682
7102,16,0.2405
7103,19,0.1106
7104,7,0.1892
7105,23,0.1219
7106,7,0.1485
7107,7,0.2952
7108,7,0.2752
7109,5,0.1149
7110,12,0.2532
7111,5,0.1775
7112,19,0.2082
7113,19,0.1473
7114,19,0.1194
7115,5,0.1498
7116,19,0.2171
7117,19,0.1591
7118,5,0.1700
7119,7,0.1855
7120,7,0.2859
7121,5,0.1043
7123,7,0.3375
7124,5,0.1718
7125,7,0.2067
7126,7,0.1178
7128,19,0.1687
7129,7,0.1474
7130,7,0.1729
7131,5,0.2119
7132,9,0.1540
7133,7,0.3305
7134,7,0.1870
7135,7,0.1785
7136,7,0.1644
7138,9,0.1775
7139,5,0.1255
7140,7,0.1176
7141,21,0.1560
7142,7,0.1317
7143,19,0.1844
7144,19,0.1946
7145,9,0.2342
7146,7,0.1512
7147,0,0.4104
7148,0,0.3320
7149,19,0.2011
7150,19,0.1945
7152,7,0.1890
7153,7,0.2038
7154,7,0.2244
7155,7,0.2480
7156,19,0.1312
7157,8,0.1219
7158,19,0.1722
7159,16,0.1747
7160,17,0.1947
7161,9,0.1657
7162,8,0.2029
7163,8,0.2347
7164,4,0.1314
7165,16,0.1202
7168,23,0.1245
7169,23,0.1950
7170,19,0.1670
7171,16,0.3151
7172,16,0.1803
7173,23,0.1130
7174,23,0.1458
7175,8,0.2628
7176,19,0.1811
7177,19,0.1281
7178,19,0.2599
7179,19,0.2321
7180,19,0.1227
7182,16,0.3554
7183,23,0.1611
7184,28,0.1225
7186,16,0.2146
7187,19,0.2968
7188,19,0.1682
7191,19,0.1960
7192,9,0.2124
7193,19,0.1233
7194,5,0.2175
7195,19,0.2928
7196,8,0.2049
7197,16,0.1395
7198,16,0.1611
7199,8,0.3414
7200,19,0.2475
7201,19,0.1653
7202,17,0.1726
7203,19,0.2221
7204,5,0.1333
7205,6,0.1052
7207,17,0.1554
7208,16,0.2935
7209,8,0.1992
7210,9,0.2528
7211,12,0.2557
7212,19,0.2390
7213,19,0.1593
7214,5,0.1815
7215,7,0.1634
7216,19,0.1686
7217,23,0.1596
7218,19,0.1135
7219,19,0.1476
7220,19,0.2091
7222,9,0.1705
7223,23,0.1524
7224,23,0.1061
7225,8,0.2125
7226,8,0.5032
7227,8,0.7745
7228,8,0.3289
7229,8,0.1799
7230,7,0.1028
7231,24,0.2170
7232,8,0.1349
7233,21,0.1459
7234,21,0.1148
7235,21,0.1042
7237,7,0.1807
7238,8,0.4524
7239,8,0.3736
7240,7,0.1560
7241,7,0.1055
7242,24,0.1620
7243,8,0.4740
7244,16,0.1439
7245,21,0.1852
7246,24,0.3304
7247,8,0.5660
7248,8,0.1453
7249,7,0.1262
7250,16,0.1340
7251,8,0.6465
7252,8,0.7039
7253,8,0.1666
7254,8,0.8659
7255,8,0.7150
7256,5,0.1354
7257,24,0.1793
7258,24,0.2332
7259,8,0.5113
7260,8,0.2079
7261,21,0.1205
7262,16,0.1681
7263,8,0.6691
7264,8,0.2730
7265,24,0.1323
7266,8,0.7170
7267,8,0.7777
7268,7,0.1308
7269,8,0.1516
7270,8,0.6710
7271,21,0.1919
7272,21,0.1526
7273,24,0.2245
7274,8,0.2012
7275,8,0.9438
7276,8,0.7835
7277,7,0.1424
7278,24,0.2479
7279,8,0.1969
7280,8,0.6863
7281,0,0.1735
7282,7,0.1141
7283,8,0.5508
7284,8,0.8066
7285,8,0.1540
7286,0,0.1220
7287,16,0.1543
7288,8,0.8001
7289,8,0.2376
7290,8,0.1159
7291,8,0.5237
7292,8,0.9410
7293,8,0.3017
7294,9,0.1344
7295,8,0.9026
7296,8,0.8639
7297,7,0.1109
7298,8,0.8514
7299,8,0.8625
7300,7,0.1123
7301,8,0.2372
7302,8,0.1501
7303,24,0.1229
7304,7,0.1366
7305,24,0.1581
7306,21,0.1581
7307,7,0.1102
7308,8,0.1476
7309,16,0.1143
7311,24,0.2334
7312,21,0.2405
7313,7,0.1497
7314,11,0.1343
7315,11,0.1231
7316,24,0.3047
7317,24,0.2212
7318,8,0.2996
7319,8,0.3105
7320,19,0.1134
7321,24,0.1157
7322,21,0.1285
7323,8,0.7343
7324,8,0.5930
7326,21,0.1063
7328,8,0.1174
7329,8,0.5598
7330,8,0.5324
7332,21,0.1144
7333,21,0.1252
7336,8,0.3531
7337,8,0.1164
7338,21,0.1315
7339,21,0.1123
7340,21,0.1098
7343,8,0.7961
7344,8,0.6638
7345,7,0.1592
7346,5,0.1287
7347,7,0.1139
7348,24,0.1311
7349,8,0.2548
7350,8,0.2101
7351,8,0.2277
7352,9,0.1773
7353,9,0.2003
7354,8,0.3153
7355,9,0.5505
7356,9,0.3352
7357,9,0.3231
7358,9,0.3670
7359,8,0.3785
7360,9,0.3316
7361,9,0.2171
7362,8,0.2615
7363,24,0.1327
7364,8,0.2545
7365,8,0.4748
7366,24,0.2842
7367,24,0.2337
7368,7,0.1174
7369,8,0.4210
7370,9,0.4901
7371,8,0.2577
7372,8,0.3114
7373,19,0.2023
7374,24,0.3889
7375,24,0.3259
7376,24,0.1938
7377,8,0.2403
7378,23,0.1231
7379,6,0.1479
7380,9,0.1477
7381,8,0.1674
7382,8,0.2134
7383,24,0.1201
7384,19,0.1245
7385,8,0.1506
7386,24,0.1699
7387,24,0.1858
7388,19,0.1027
7389,21,0.1628
7390,24,0.1231
7391,1,0.1050
7392,8,0.1956
7393,8,0.2260
7394,8,0.3331
7395,9,0.3793
7396,8,0.3651
7397,8,0.2744
7398,8,0.3052
7399,8,0.1604
7400,7,0.1545
7401,8,0.2298
7402,23,0.1231
7403,19,0.1597
7404,8,0.4355
7405,8,0.3823
7406,8,0.2559
7407,8,0.1213
7408,19,0.1483
7409,7,0.1658
7410,8,0.1157
7411,9,0.2042
7412,19,0.1154
7413,8,0.1159
7414,8,0.2012
7415,8,0.2572
7416,21,0.1488
7417,23,0.1069
7418,21,0.2371
7419,24,0.2198
7420,24,0.1185
7421,24,0.1251
7422,11,0.2000
7423,0,0.1761
7424,4,0.1381
7425,1,0.3536
7426,23,0.1573
7429,23,0.1089
7430,6,0.1256
7431,6,0.1037
7432,6,0.1257
7433,8,0.1146
7434,9,0.1227
7435,7,0.1574
7436,7,0.1379
7437,23,0.1172
7438,5,0.1452
7439,5,0.1971
7440,9,0.1771
7442,8,0.1421
7443,8,0.3389
7444,8,0.5156
7445,8,0.4802
7446,8,0.7200
7447,8,0.4189
7448,8,0.4589
7449,8,0.2974
7450,8,0.2673
7451,8,0.4132
7452,8,0.3950
7453,9,0.2259
7454,9,0.3440
7455,9,0.5400
7456,8,0.6665
7457,8,0.5802
7458,8,0.6108
7459,8,0.3336
7460,8,0.3657
7461,8,0.4616
7462,8,0.4920
7463,8,0.4805
7464,8,0.4526
7465,8,0.6835
7466,8,0.4482
7467,8,0.3169
7468,8,0.4124
7469,9,0.2150
7470,8,0.6968
7471,10,0.1495
7472,24,0.3545
7473,24,0.2722
7474,8,0.5429
7475,8,0.3893
7476,19,0.1561
7477,24,0.3577
7478,8,0.2640
7479,8,0.2684
7480,24,0.1222
7481,19,0.3011
7482,9,0.2670
7483,19,0.1305
7484,8,0.4392
7485,0,0.8712
7486,0,0.8798
7487,16,0.6513
7488,8,0.8591
7489,8,0.7937
7490,8,0.8601
7491,8,0.2580
7492,24,0.2712
7493,24,0.1741
7494,10,0.1953
7495,22,0.1113
7496,23,0.1967
7497,8,0.2865
7498,8,0.6814
7499,8,0.2589
7500,21,0.1242
7501,7,0.1096
7502,24,0.1792
7503,19,0.1819
7504,19,0.1299
7505,7,0.1147
7506,8,0.4014
7507,8,0.3643
7508,8,0.3914
7509,8,0.5950
7510,8,0.4560
7511,8,0.3879
7512,9,0.1520
7513,8,0.2566
7514,8,0.2473
7515,9,0.1982
7516,9,0.1639
7517,8,0.1888
7518,8,0.1679
7519,8,0.1243
7520,8,0.4898
7521,24,0.2788
7522,8,0.1389
7523,8,0.2707
7524,22,0.2364
7525,8,0.1680
7526,8,0.1586
7527,8,0.2267
7528,8,0.2877
7529,8,0.1794
7530,9,0.2190
7531,8,0.2974
7532,8,0.3065
7533,24,0.2194
7534,8,0.1797
7535,8,0.1309
7536,8,0.2138
7537,9,0.2355
7538,8,0.2375
7539,9,0.1307
7540,9,0.2592
7541,9,0.1944
7542,9,0.2071
7543,8,0.2497
7544,8,0.5028
7545,8,0.1822
7546,8,0.2394
7547,8,0.1474
7548,24,0.4097
7549,8,0.1290
7550,5,0.1271
7552,24,0.2386
7553,24,0.4501
7554,8,0.2433
7555,8,0.5210
7556,8,0.2805
7557,24,0.3081
7558,24,0.4030
7559,21,0.1517
7560,8,0.2359
7561,8,0.1949
7562,19,0.1273
7563,24,0.2338
7564,24,0.1784
7565,24,0.2641
7566,24,0.1322
7567,24,0.1953
7568,24,0.1297
7570,24,0.1232
7571,24,0.1476
7573,1,0.1750
7574,1,0.1720
7575,1,0.1038
7579,21,0.1421
7580,5,0.1304
7581,5,0.1031
7582,24,0.2119
7583,8,0.2584
7585,23,0.1330
7587,23,0.1323
7588,8,0.1877
7589,28,0.1208
7590,5,0.1120
7591,5,0.1311
7592,21,0.1088
7594,20,0.1652
7595,22,0.1590
7596,7,0.1211
7597,7,0.1386
7598,24,0.4268
7599,30,0.1301
7600,7,0.1047
7601,7,0.1167
7602,8,0.3270
7603,8,0.1160
7604,19,0.1101
7605,8,0.1642
7606,8,0.2201
7607,8,0.2909
7608,8,0.7225
7609,8,0.6916
7610,8,0.2864
7611,8,0.5693
7612,8,0.3865
7613,8,0.1883
7614,8,0.4474
7615,8,0.2951
7616,9,0.2726
7617,8,0.5838
7618,8,0.5177
7619,9,0.2127
7620,8,0.2131
7621,21,0.1909
7622,9,0.1887
7623,8,0.5648
7624,8,0.1818
7625,9,0.2065
7626,9,0.3994
7627,9,0.3570
7628,8,0.5405
7629,19,0.1480
7630,21,0.1326
7631,0,0.1679
7632,0,0.1314
7633,8,0.2052
7634,8,0.1812
7635,8,0.1848
7636,9,0.1668
7637,9,0.2881
7638,9,0.1506
7639,9,0.2249
7640,8,0.2742
7641,9,0.4660
7642,9,0.3698
7643,8,0.5232
7644,8,0.7508
7645,23,0.1804
7646,24,0.1709
7647,23,0.1156
7648,22,0.1139
7649,0,0.1081
7650,28,0.1577
7652,12,0.1325
7653,5,0.1540
7654,5,0.1218
7655,5,0.2446
7656,5,0.1202
7658,5,0.1295
7659,5,0.1365
7660,5,0.1342
7661,5,0.1326
7662,9,0.1750
7663,9,0.2933
7664,8,0.4750
7665,8,0.2967
7666,8,0.1602
7667,8,0.2241
7668,9,0.1187
7669,8,0.2471
7670,16,0.2466
7671,8,0.1387
7672,23,0.1180
7673,22,0.2387
7674,20,0.2603
7676,7,0.1040
7677,23,0.1308
7678,8,0.1312
7679,21,0.1040
7680,7,0.1445
7681,7,0.1209
7682,7,0.1113
7683,23,0.1174
7684,23,0.2103
7685,22,0.2083
7686,20,0.2926
7687,20,0.1461
7688,7,0.1474
7689,7,0.1127
7690,21,0.1259
7691,21,0.1103
7692,23,0.1363
7693,22,0.2340
7694,8,0.2673
7695,21,0.1553
7696,7,0.1098
7697,24,0.2534
7698,24,0.3540
7699,21,0.1536
7700,21,0.1778
7701,21,0.3418
7702,21,0.2036
7703,8,0.1421
7704,24,0.2111
7705,24,0.1539
7706,8,0.1424
7707,8,0.2056
7708,8,0.6764
7709,8,0.3659
7710,8,0.1546
7711,8,0.2461
7713,23,0.1065
7714,28,0.1952
7715,19,0.1083
7716,7,0.1259
7717,21,0.1197
7718,24,0.1253
7719,23,0.1941
7720,6,0.1372
7721,7,0.1393
7722,23,0.1256
7723,8,0.1594
7724,7,0.2006
7725,24,0.1784
7726,8,0.1926
7727,0,0.2198
7728,0,0.2550
7729,21,0.1770
7730,0,0.1883
7731,21,0.1745
7732,21,0.2343
7733,0,0.1728
7734,16,0.2019
7735,8,0.2342
7736,19,0.1423
7737,23,0.1259
7738,19,0.1533
7739,7,0.1300
7740,23,0.1156
7741,23,0.1025
7742,7,0.1358
7743,23,0.1589
7744,19,0.2311
7745,6,0.1075
7746,19,0.1096
7747,23,0.2785
7748,6,0.1748
7749,21,0.1125
7750,6,0.1242
7751,16,0.1240
7753,21,0.1323
7755,21,0.1514
7756,21,0.1482
7757,23,0.1253
7758,8,0.1031
7759,21,0.1518
7760,24,0.2375
7761,24,0.1524
7762,21,0.1380
7763,24,0.2233
7765,9,0.1201
7766,7,0.1611
7767,8,0.1060
7768,23,0.2565
7769,23,0.1783
7770,23,0.1945
7771,23,0.2098
7772,8,0.1926
7773,8,0.1725
7774,23,0.1610
7775,23,0.1836
7776,8,0.1627
7777,8,0.4384
7778,10,0.1246
7779,23,0.1791
7780,23,0.1092
7781,8,0.3219
7782,21,0.2692
7783,21,0.2452
7784,7,0.2246
7785,19,0.1493
7786,22,0.2717
7787,22,0.2923
7788,24,0.1788
7789,23,0.2368
7790,10,0.1714
7791,22,0.1835
7792,22,0.2069
7793,19,0.1475
7794,8,0.2819
7795,8,0.4410
7796,16,0.2886
7797,33,0.1305
7798,16,0.1670
7799,23,0.1945
7800,8,0.5636
7801,23,0.1740
7802,19,0.2151
7804,19,0.1252
7805,7,0.1512
7807,18,0.1234
7808,19,0.1453
7809,7,0.1382
7810,5,0.2503
7811,24,0.1575
7812,7,0.1800
7813,7,0.1526
7814,19,0.1505
7815,19,0.1763
7816,19,0.1332
7817,23,0.1025
7818,23,0.1746
7819,10,0.1760
7820,10,0.1481
7821,24,0.2164
7822,21,0.1575
7823,21,0.1823
7824,24,0.1661
7825,24,0.1750
7826,24,0.2072
7827,21,0.1267
7828,21,0.1418
7829,21,0.1405
7830,21,0.1390
7831,21,0.1573
7832,21,0.1930
7833,7,0.1129
7834,23,0.1172
7835,24,0.2399
7836,11,0.1475
7837,8,0.2475
7838,8,0.1855
7839,21,0.1245
7840,24,0.1900
7841,24,0.2362
7842,8,0.2138
7843,24,0.2505
7844,21,0.2694
7845,21,0.1706
7846,1,0.1967
7847,8,0.5101
7848,8,0.3040
7849,8,0.3645
7850,8,0.4489
7851,8,0.2039
7852,8,0.5112
7853,21,0.2048
7854,8,0.2880
7855,8,0.3443
7856,6,0.1235
7857,7,0.1188
7858,21,0.1158
7859,24,0.1854
7860,24,0.1551
7861,21,0.2421
7862,8,0.2548
7863,20,0.2135
7864,24,0.1073
7865,21,0.1137
7866,20,0.2124
7867,8,0.2177
7868,23,0.1631
7870,21,0.2643
7871,24,0.2212
7872,0,0.1802
7873,0,0.2082
7874,0,0.2413
7875,21,0.1548
7876,21,0.1990
7877,1,0.2427
7878,8,0.2645
7879,8,0.5201
7880,0,0.1465
7881,8,0.3260
7882,8,0.3664
7883,21,0.2204
7884,11,0.1567
7885,8,0.1853
7886,8,0.3702
7887,21,0.1092
7888,24,0.1912
7889,24,0.1342
7890,21,0.1242
7891,7,0.1527
7892,7,0.1518
7893,8,0.2641
7894,8,0.2053
7895,0,0.2878
7896,19,0.1843
7897,11,0.1368
7898,16,0.2135
7899,16,0.3836
7900,0,0.1039
7901,7,0.1493
7902,7,0.1222
7903,21,0.1189
7904,7,0.1108
7905,16,0.2885
7906,8,0.1348
7907,21,0.1433
7908,8,0.1371
7909,23,0.1362
7911,1,0.1593
7912,23,0.1197
7913,19,0.1186
7915,24,0.2274
7916,23,0.1133
7919,8,0.2610
7922,8,0.1965
7923,30,0.1119
7924,8,0.1032
7925,8,0.2772
7926,21,0.1353
7927,24,0.1718
7928,22,0.2494
7929,8,0.1909
7930,21,0.1222
7931,7,0.2120
7932,19,0.1224
7933,8,0.1872
7934,21,0.1179
7935,22,0.1437
7936,19,0.1585
7937,7,0.1579
7938,21,0.1267
7939,24,0.1423
7940,8,0.1857
7941,24,0.1481
7942,21,0.1568
7943,21,0.1110
7944,11,0.1467
7945,23,0.1656
7946,19,0.1295
7947,7,0.1156
7948,7,0.1109
7949,23,0.1264
7951,21,0.1174
7954,23,0.1169
7955,23,0.1910
7956,23,0.1864
7957,19,0.1313
7958,24,0.1699
7959,24,0.1577
7960,7,0.1789
7961,0,0.2239
7962,0,0.1772
7963,8,0.1170
7964,8,0.1356
7965,19,0.1947
7966,5,0.1354
7967,7,0.2038
7968,21,0.1805
7969,5,0.1429
7970,19,0.1326
7971,19,0.1115
7972,4,0.2170
7974,13,0.1085
7975,7,0.1200
7976,7,0.1431
7977,7,0.1224
7978,7,0.1753
7979,7,0.1660
7980,7,0.1555
7981,7,0.1891
7982,5,0.1426
7984,21,0.1216
7985,19,0.2515
7986,19,0.1892
7987,5,0.1776
7988,19,0.1677
7989,24,0.1192
7990,5,0.1428
7991,19,0.1640
7992,10,0.1628
7993,7,0.1583
7994,24,0.1635
7995,19,0.1676
7996,8,0.3008
7997,19,0.2696
7998,19,0.2028
7999,24,0.1796
8001,24,0.3519
8002,24,0.2283
8005,14,0.1045
8006,24,0.2052
8010,4,0.3082
8011,4,0.4810
8012,4,0.1637
8013,4,0.1778
8014,20,0.2545
8015,28,0.1744
8016,22,0.1991
8017,27,0.1729
8019,27,0.1464
8020,32,0.2292
8021,32,0.1530
8022,6,0.1159
8024,27,0.1956
8025,4,0.4196
8026,4,0.1603
8027,19,0.1282
8029,22,0.1099
8030,22,0.1250
8032,24,0.1364
8033,33,0.1032
8034,6,0.1034
8035,24,0.2129
8036,19,0.1097
8038,32,0.1354
8039,19,0.1963
8040,8,0.4907
8041,9,0.3780
8042,9,0.2945
8043,8,0.3850
8044,23,0.2116
8045,24,0.1824
8046,23,0.1808
8047,8,0.3065
8048,19,0.2533
8049,23,0.1436
8050,24,0.2100
8051,19,0.1421
8052,16,0.2598
8053,24,0.1892
8054,19,0.2906
8055,24,0.2386
8056,19,0.2455
8057,19,0.1949
8058,19,0.1962
8059,19,0.2124
8060,19,0.1905
8061,23,0.1799
8062,10,0.2156
8063,24,0.2716
8064,19,0.1955
8065,24,0.1680
8066,19,0.1818
8067,24,0.1182
8068,19,0.1957
8069,19,0.1461
8070,16,0.2925
8071,19,0.2029
8072,19,0.2050
8073,19,0.1493
8074,19,0.1985
8075,19,0.1601
8076,19,0.1580
8077,24,0.1444
8078,19,0.2101
8079,24,0.1670
8080,22,0.1729
8081,8,0.1791
8082,24,0.2082
8083,19,0.2953
8084,20,0.1205
8086,8,0.2400
8087,28,0.1324
8089,24,0.1217
8090,23,0.1027
8091,32,0.1113
8093,22,0.1564
8095,15,0.1386
8096,19,0.1658
8097,23,0.2130
8098,16,0.3306
8099,16,0.5699
8100,8,0.5915
8101,8,0.4754
8102,8,0.4305
8103,16,0.4302
8104,0,0.1669
8105,30,0.2781
8106,22,0.2145
8107,22,0.1704
8108,19,0.1050
8110,33,0.2254
8111,33,0.2076
8112,33,0.1465
8113,33,0.1919
8114,32,0.1293
8117,19,0.1295
8118,19,0.1722
8119,24,0.2007
8120,7,0.1617
8121,19,0.1311
8122,19,0.1638
8123,24,0.2231
8124,7,0.1662
8127,32,0.1398
8128,31,0.1081
8130,19,0.1680
8131,24,0.1789
8132,31,0.1474
8135,18,0.1114
8136,32,0.1372
8137,32,0.1044
8138,12,0.1285
8139,19,0.1363
8140,19,0.1754
8141,6,0.1331
8142,7,0.1829
8143,19,0.2316
8144,28,0.1238
8145,28,0.1732
8146,12,0.1615
8147,5,0.1709
8148,21,0.1265
8150,19,0.2255
8151,19,0.1535
8152,7,0.1829
8153,19,0.1703
8154,19,0.1856
8155,24,0.2167
8156,24,0.2017
8157,24,0.1158
8158,7,0.1223
8159,7,0.1218
8160,7,0.1488
8161,7,0.1510
8162,24,0.1055
8169,24,0.1144
8170,24,0.1341
8171,7,0.1336
8173,1,0.1061
8174,0,0.1417
8175,24,0.1059
8176,24,0.1039
8177,7,0.1126
8181,8,0.1605
8182,8,0.5961
8183,8,0.3354
8184,8,0.1986
8185,9,0.2462
8186,9,0.1909
8187,8,0.1565
8188,24,0.1541
8189,24,0.1293
8190,24,0.2755
8191,7,0.1539
8192,19,0.1418
8193,19,0.1765
8194,19,0.1833
8195,8,0.1644
8196,19,0.1613
8197,10,0.1427
8198,19,0.2078
8199,7,0.2169
8200,19,0.1696
8201,8,0.2593
8202,5,0.1720
8203,5,0.1840
8204,19,0.1559
8205,19,0.2405
8206,9,0.1806
8207,19,0.2271
8208,7,0.1540
8209,8,0.1985
8210,19,0.1926
8211,19,0.2076
8213,19,0.1638
8214,24,0.1152
8215,23,0.1867
8216,23,0.1301
8217,19,0.1715
8218,7,0.2120
8219,19,0.1802
8220,19,0.1556
8221,24,0.2177
8222,7,0.1935
8223,19,0.2008
8224,6,0.1386
8225,19,0.1914
8226,24,0.2518
8227,24,0.1192
8228,19,0.1582
8229,23,0.1552
8230,24,0.1631
8231,24,0.2142
8232,19,0.1605
8233,23,0.1146
8235,24,0.2448
8236,19,0.1515
8239,12,0.1756
8240,12,0.1161
8241,31,0.1124
8242,19,0.1560
8244,23,0.1761
8245,8,0.1687
8246,19,0.1396
8247,24,0.1783
8248,24,0.1925
8249,24,0.2875
8250,21,0.1670
8251,7,0.1289
8252,24,0.1995
8253,24,0.1637
8254,21,0.1494
8255,21,0.1465
8256,7,0.2292
8257,7,0.2287
8258,7,0.1454
8259,7,0.2302
8260,7,0.2270
8261,7,0.1457
8262,24,0.1537
8263,21,0.1349
8264,21,0.1312
8265,7,0.1443
8266,7,0.1700
8267,24,0.2053
8268,24,0.2659
8269,24,0.2581
8270,21,0.1213
8271,5,0.2211
8272,24,0.2436
8273,23,0.1261
8274,8,0.1533
8275,22,0.1187
8276,19,0.2172
8277,19,0.1337
8279,19,0.2103
8280,19,0.1581
8281,16,0.1101
8282,8,0.1822
8283,19,0.1138
8285,7,0.1402
8286,7,0.1568
8287,24,0.2628
8288,7,0.1809
8289,19,0.1352
8290,24,0.1912
8291,24,0.2459
8294,24,0.1078
8295,21,0.1103
8296,19,0.1404
8298,19,0.1682
8299,19,0.1507
8300,19,0.1053
8301,22,0.1174
8302,28,0.1212
8303,32,0.1234
8304,15,0.1150
8305,19,0.1389
8306,7,0.1764
8308,2,0.2233
8309,28,0.1404
8310,19,0.1152
8311,7,0.3070
8312,24,0.1570
8313,7,0.1558
8314,24,0.2314
8316,19,0.1634
8317,19,0.2083
8319,19,0.1064
8320,19,0.1613
8321,24,0.1786
8322,5,0.1761
8323,7,0.1587
8324,7,0.1391
8325,19,0.1883
8326,7,0.1556
8327,7,0.1395
8328,7,0.1745
8329,19,0.1605
8330,19,0.1883
8331,19,0.1694
8332,19,0.1578
8333,24,0.2698
8334,19,0.1354
8335,7,0.1302
8338,19,0.1064
8339,19,0.1257
8340,19,0.1298
8341,7,0.1716
8342,19,0.1096
8344,21,0.1434
8345,7,0.1359
8348,19,0.1263
8349,24,0.1711
8351,8,0.1138
8352,8,0.1881
8353,21,0.1468
8354,24,0.1728
8355,21,0.2280
8356,19,0.1315
8357,21,0.1690
8358,24,0.2156
8359,21,0.1460
8360,21,0.1958
8361,19,0.1222
8362,7,0.1251
8363,8,0.1252
8364,16,0.2137
8365,16,0.1775
8366,8,0.1549
8367,8,0.1674
8368,20,0.2320
8369,8,0.5573
8370,8,0.6116
8371,8,0.4860
8372,7,0.1487
8373,23,0.1815
8374,20,0.1772
8375,30,0.1695
8376,8,0.1377
8377,16,0.1493
8378,19,0.1208
8379,0,0.1208
8380,19,0.1319
8381,20,0.1849
8382,21,0.1546
8383,21,0.2108
8384,21,0.2561
8385,8,0.1787
8386,16,0.1034
8387,16,0.1740
8389,19,0.1117
8391,19,0.1206
8393,8,0.1368
8394,24,0.2071
8395,24,0.1841
8396,16,0.2061
8397,16,0.4644
8398,19,0.1388
8399,22,0.1780
8400,16,0.2363
8401,4,0.2904
8402,0,0.1683
8403,0,0.1889
8404,0,0.4399
8405,16,0.1315
8406,1,0.1327
8407,16,0.1711
8408,8,0.1521
8409,8,0.1922
8410,8,0.1529
8411,23,0.2747
8412,8,0.6046
8413,23,0.1265
8414,8,0.3777
8415,8,0.5276
8416,28,0.2286
8417,4,0.3008
8418,16,0.3262
8419,8,0.4846
8420,19,0.1526
8421,19,0.1527
8422,19,0.1641
8423,19,0.1797
8424,19,0.1352
8425,21,0.1772
8426,24,0.1733
8427,21,0.1679
8428,21,0.1452
8429,24,0.1688
8430,21,0.1916
8431,24,0.1657
8432,24,0.3329
8433,24,0.1733
8434,24,0.2604
8435,24,0.4096
8436,24,0.2078
8437,24,0.1696
8438,24,0.2348
8439,15,0.1445
8440,19,0.2186
8441,21,0.2021
8442,21,0.1628
8443,7,0.2280
8444,19,0.3055
8445,19,0.1836
8446,5,0.1542
8447,7,0.1959
8448,7,0.1743
8450,19,0.1378
8451,7,0.1489
8452,21,0.1726
8453,24,0.2101
8454,5,0.1194
8455,7,0.1730
8456,7,0.1531
8457,24,0.1903
8458,19,0.1509
8459,7,0.1275
8460,24,0.1137
8461,7,0.1521
8462,7,0.1429
8463,7,0.1380
8464,5,0.1429
8465,7,0.1440
8466,5,0.1277
8467,19,0.1548
8468,24,0.1938
8469,19,0.2009
8470,19,0.1573
8471,7,0.1772
8472,7,0.1921
8473,19,0.1330
8474,7,0.1500
8475,7,0.1452
8476,21,0.1266
8477,21,0.1735
8478,7,0.2073
8479,7,0.1973
8480,21,0.1781
8481,7,0.1947
8482,7,0.2514
8483,7,0.2063
8484,7,0.1618
8485,21,0.1753
8486,21,0.1491
8487,7,0.1714
8488,7,0.1516
8489,7,0.1883
8490,19,0.2180
8491,7,0.2292
8492,7,0.1746
8493,7,0.1661
8495,7,0.1457
8496,21,0.1233
8498,7,0.1182
8499,6,0.1096
8500,7,0.1551
8501,24,0.1602
8502,24,0.1744
8504,11,0.1099
8505,19,0.1731
8507,19,0.1999
8508,19,0.1580
8509,5,0.1384
8510,5,0.1243
8511,15,0.2047
8512,15,0.1154
8513,32,0.1125
8514,32,0.1063
8515,7,0.1279
8516,25,0.1252
8517,4,0.1245
8518,29,0.1103
8519,32,0.1288
8521,19,0.1872
8522,7,0.1872
8523,7,0.1380
8524,1,0.2465
8525,1,0.2734
8526,21,0.1671
8527,5,0.1749
8528,23,0.1711
8529,21,0.1042
8530,7,0.1031
8531,7,0.2270
8532,19,0.1486
8533,5,0.1647
8534,7,0.1288
8535,23,0.1029
8536,7,0.1719
8537,7,0.1818
8538,10,0.1549
8539,7,0.1372
8540,7,0.2111
8541,7,0.2702
8542,7,0.1740
8543,7,0.1786
8544,7,0.1827
8545,7,0.2284
8546,7,0.1763
8547,5,0.1500
8548,19,0.2377
8549,19,0.1494
8550,7,0.1732
8551,9,0.1644
8552,19,0.1802
8553,21,0.1401
8554,7,0.1677
8555,5,0.1831
8556,10,0.1483
8557,24,0.1669
8558,19,0.1910
8559,7,0.1786
8560,19,0.1560
8561,7,0.2342
8562,19,0.1363
8563,24,0.4148
8564,24,0.5482
8565,8,0.4973
8566,8,0.7137
8567,4,0.4913
8568,19,0.1781
8569,19,0.2235
8570,7,0.2563
8571,19,0.1996
8572,19,0.1287
8573,24,0.1654
8574,19,0.1892
8575,23,0.2086
8576,19,0.1025
8577,1,0.3951
8578,7,0.1913
8579,1,0.4049
8580,11,0.1965
8581,7,0.2172
8582,11,0.2609
8583,1,0.2128
8584,7,0.2274
8585,9,0.1343
8586,1,0.2315
8587,7,0.2462
8588,7,0.2362
8589,1,0.3222
8590,21,0.1731
8591,21,0.1639
8592,11,0.1816
8593,19,0.1178
8594,24,0.2601
8595,11,0.3488
8596,1,0.3045
8597,19,0.2192
8598,8,0.3493
8599,24,0.3316
8600,19,0.1868
8601,8,0.1385
8602,19,0.1902
8603,19,0.1694
8604,5,0.1804
8605,10,0.1347
8606,19,0.1509
8607,10,0.1545
8608,19,0.1690
8609,19,0.1249
8610,19,0.1392
8611,5,0.1709
8612,5,0.1585
8613,24,0.2646
8614,19,0.1513
8615,5,0.3056
8616,19,0.1870
8617,19,0.2627
8618,19,0.1974
8619,23,0.1522
8620,24,0.2187
8621,24,0.3015
8622,24,0.1918
8623,19,0.1846
8624,19,0.1674
8625,19,0.1661
8626,19,0.1329
8627,19,0.2186
8628,19,0.2155
8629,5,0.2660
8630,5,0.1544
8631,5,0.1843
8632,5,0.2174
8633,5,0.1768
8634,5,0.1909
8635,19,0.1889
8636,19,0.1299
8637,24,0.1464
8638,7,0.1914
8639,15,0.1414
8640,7,0.2104
8641,7,0.1649
8642,5,0.1355
8643,5,0.1872
8644,15,0.1345
8645,19,0.1424
8646,19,0.1744
8647,19,0.1429
8648,7,0.1933
8649,21,0.1440
8650,19,0.1403
8651,1,0.1852
8652,11,0.2714
8653,1,0.4336
8654,7,0.1158
8655,7,0.2153
8656,7,0.3091
8658,24,0.1319
8659,20,0.1708
8660,20,0.1923
8661,19,0.1948
8662,6,0.1862
8663,6,0.1136
8664,24,0.2045
8665,24,0.2786
8666,24,0.1999
8667,7,0.2360
8668,24,0.2421
8669,7,0.1624
8670,24,0.2487
8671,24,0.5425
8672,24,0.3091
8673,7,0.1797
8674,24,0.2620
8675,24,0.3131
8676,24,0.1717
8677,24,0.3352
8678,7,0.1913
8679,7,0.1512
8680,24,0.2374
8681,24,0.2365
8682,10,0.1556
8683,19,0.1415
8684,30,0.1055
8687,2,0.1292
8688,6,0.1863
8689,10,0.1950
8690,24,0.1761
8691,24,0.2166
8692,24,0.3011
8693,24,0.2579
8694,10,0.2125
8695,24,0.1358
8696,19,0.1674
8698,24,0.1216
8700,33,0.3306
8701,33,0.2579
8702,32,0.1643
8704,24,0.3142
8705,1,0.3502
8706,11,0.2700
8707,31,0.1072
8708,32,0.2795
8709,33,0.2259
8710,33,0.2155
8711,11,0.1526
8714,8,0.2482
8715,21,0.1803
8716,19,0.1447
8717,19,0.2022
8718,0,0.2763
8719,0,0.4519
8720,0,0.4750
8721,21,0.3558
8722,11,0.2027
8723,11,0.3370
8724,11,0.2083
8725,21,0.1715
8726,0,0.1107
8727,11,0.1370
8728,15,0.1633
8729,31,0.2007
8730,0,0.2481
8731,21,0.1806
8732,19,0.1621
8733,7,0.1743
8734,15,0.2010
8735,19,0.1780
8736,19,0.1752
8737,32,0.1383
8739,5,0.1172
8740,7,0.1359
8741,7,0.1273
8742,21,0.1387
8743,7,0.1265
8744,24,0.1464
8745,24,0.2355
8746,19,0.1689
8747,24,0.3043
8748,24,0.4729
8749,24,0.2180
8750,8,0.3630
8751,9,0.2599
8752,8,0.1678
8753,9,0.2977
8754,8,0.4701
8755,8,0.3370
8756,8,0.1573
8757,8,0.3630
8758,9,0.1796
8759,9,0.2621
8760,8,0.1832
8761,8,0.1901
8762,8,0.5486
8763,24,0.1933
8764,19,0.2149
8765,19,0.1340
8766,21,0.2146
8767,19,0.1877
8768,24,0.4771
8769,24,0.4851
8770,24,0.4291
8771,24,0.6003
8772,8,0.1578
8773,24,0.2252
8774,24,0.1531
8775,9,0.1443
8776,24,0.3646
8777,7,0.2629
8778,21,0.1597
8779,19,0.1592
8780,24,0.2669
8781,21,0.1273
8782,8,0.1780
8783,24,0.2482
8784,21,0.1681
8785,19,0.1335
8786,24,0.4498
8787,24,0.2070
8788,24,0.2183
8789,24,0.1528
8790,8,0.3652
8791,8,0.2694
8792,24,0.2903
8793,24,0.4958
8794,21,0.1184
8795,0,0.2449
8796,0,0.3421
8797,11,0.1550
8798,21,0.1985
8799,21,0.2093
8800,21,0.1824
8801,23,0.1654
8802,23,0.1692
8803,6,0.1185
8804,24,0.1531
8805,21,0.1415
8806,19,0.1439
8807,19,0.1700
8808,5,0.1732
8809,5,0.2508
8810,5,0.2296
8811,19,0.1316
8812,19,0.2085
8813,19,0.2454
8814,8,0.2736
8815,10,0.1708
8816,19,0.1385
8817,21,0.1496
8818,7,0.1125
8819,7,0.1389
8820,0,0.1442
8821,11,0.2484
8822,7,0.2275
8823,7,0.1542
8824,24,0.1091
8825,24,0.1247
8826,5,0.1723
8828,19,0.1034
8829,7,0.3251
8830,5,0.1171
8832,7,0.2017
8833,7,0.1930
8834,21,0.1640
8835,21,0.1756
8836,19,0.2279
8837,5,0.1036
8838,5,0.1113
8839,21,0.1409
8840,8,0.1439
8841,7,0.1413
8842,7,0.1735
8843,7,0.2144
8844,7,0.2313
8845,7,0.1718
8846,7,0.1493
8848,19,0.1522
8849,19,0.1618
8850,19,0.1706
8851,5,0.1068
8852,21,0.1389
8853,7,0.1561
8854,7,0.1613
8855,7,0.1297
8856,7,0.1608
8857,24,0.2182
8858,11,0.1654
8859,11,0.2608
8860,24,0.2533
8861,21,0.2378
8862,11,0.2328
8863,21,0.2211
8864,19,0.1173
8865,5,0.1432
8866,5,0.1247
8867,19,0.1425
8868,8,0.3025
8869,8,0.1480
8870,8,0.1534
8871,7,0.1477
8872,7,0.1873
8873,24,0.2012
8874,19,0.1508
8875,7,0.2250
8876,21,0.1797
8877,21,0.1791
8878,7,0.2773
8879,7,0.2755
8880,24,0.1469
8881,24,0.1727
8882,7,0.2095
8883,24,0.2157
8884,7,0.1604
8885,7,0.1577
8886,24,0.2132
8887,7,0.1736
8888,7,0.1535
8889,7,0.2239
8890,19,0.1473
8891,7,0.1303
8892,19,0.2044
8893,12,0.1165
8894,19,0.1489
8895,6,0.1038
8896,19,0.1098
8897,19,0.1412
8898,0,0.3176
8899,16,0.1040
8900,10,0.1793
8901,19,0.1219
8902,5,0.1619
8903,11,0.1442
8904,11,0.1509
8905,11,0.2548
8906,11,0.2868
8907,21,0.2115
8908,24,0.2055
8909,21,0.2345
8910,24,0.2415
8911,24,0.3151
8912,24,0.2334
8913,21,0.1624
8914,24,0.1469
8915,21,0.1676
8916,19,0.1287
8917,24,0.2114
8918,24,0.1661
8919,24,0.2712
8920,24,0.2880
8921,8,0.2076
8922,8,0.3638
8923,8,0.1583
8924,24,0.1708
8925,19,0.1365
8926,19,0.1573
8927,7,0.1737
8928,7,0.1691
8929,7,0.2274
8930,7,0.1639
8931,7,0.2181
8932,24,0.1883
8933,21,0.1905
8934,22,0.1129
8935,19,0.1333
8936,22,0.1128
8937,22,0.1076
8938,4,0.2290
8939,22,0.1119
8940,19,0.1472
8941,24,0.1921
8942,7,0.2566
8943,7,0.1692
8944,19,0.1311
8945,7,0.1849
8946,0,0.2235
8947,21,0.2423
8948,21,0.2242
8949,21,0.2121
8950,19,0.1260
8951,24,0.1614
8952,19,0.1689
8953,19,0.2210
8954,7,0.3489
8955,15,0.1776
8956,23,0.1543
8957,23,0.1733
8958,7,0.1576
8959,7,0.1575
8960,7,0.1181
8961,6,0.1124
8962,5,0.2084
8963,5,0.1408
8964,7,0.2339
8965,7,0.2146
8966,5,0.1402
8967,7,0.1437
8968,7,0.1461
8969,1,0.1255
8970,8,0.2525
8971,21,0.1592
8972,7,0.1316
8973,19,0.1028
8974,23,0.1199
8975,24,0.1403
8976,5,0.1728
8977,7,0.1845
8978,19,0.1352
8979,24,0.1528
8980,24,0.1514
8982,28,0.1150
8983,12,0.1743
8984,2,0.1727
8985,28,0.1085
8986,16,0.1237
8987,21,0.1590
8988,7,0.2085
8989,19,0.1543
8990,19,0.1742
8991,7,0.1459
8992,7,0.1425
8993,21,0.1176
8994,21,0.2066
8995,7,0.1590
8996,15,0.1537
8997,0,0.2031
8998,0,0.1788
8999,0,0.3333
9000,30,0.2297
9001,8,0.1830
9002,0,0.2264
9003,30,0.1312
9004,21,0.1431
9005,0,0.1919
9006,21,0.1294
9007,23,0.1514
9008,15,0.1702
9009,15,0.1708
9010,19,0.1674
9011,15,0.1610
9012,21,0.2839
9013,21,0.4066
9014,0,0.3176
9015,0,0.2533
9016,21,0.2115
9017,21,0.1855
9018,21,0.1687
9019,0,0.2749
9020,0,0.3936
9021,0,0.2703
9022,0,0.2007
9023,0,0.2266
9024,21,0.1969
9025,20,0.1474
9026,23,0.1085
9027,19,0.2501
9028,19,0.1347
9029,16,0.2854
9030,16,0.2696
9031,5,0.1748
9032,4,0.1356
9033,4,0.3669
9034,0,0.2046
9037,5,0.1166
9038,32,0.1118
9039,5,0.1456
9040,8,0.1534
9041,24,0.3102
9042,23,0.1972
9043,19,0.1365
9044,19,0.3525
9045,24,0.2172
9046,19,0.2057
9047,19,0.1688
9048,19,0.2330
9049,7,0.1854
9050,7,0.1689
9051,7,0.1943
9052,7,0.2182
9053,5,0.1847
9054,7,0.2607
9055,7,0.1838
9056,7,0.2124
9057,7,0.2384
9058,7,0.1736
9059,24,0.2345
9060,7,0.1379
9061,21,0.2258
9062,5,0.1537
9063,7,0.2632
9064,24,0.4695
9065,19,0.1697
9066,7,0.2517
9067,7,0.2073
9068,24,0.1710
9069,24,0.2239
9070,7,0.2369
9071,7,0.2606
9072,24,0.3608
9073,24,0.2290
9074,21,0.2133
9075,19,0.2131
9076,7,0.1666
9077,24,0.2181
9078,24,0.1955
9079,21,0.1285
9080,7,0.1471
9081,7,0.1868
9082,7,0.2000
9083,28,0.1220
9084,28,0.1522
9085,5,0.2256
9086,7,0.1716
9087,21,0.1407
9088,24,0.2649
9089,21,0.1486
9090,21,0.2223
9091,0,0.2417
9092,7,0.3175
9093,7,0.2059
9094,7,0.3599
9095,24,0.1717
9096,19,0.1691
9097,7,0.1734
9098,24,0.2240
9099,21,0.1398
9100,8,0.2508
9101,19,0.2758
9102,8,0.2789
9103,8,0.1882
9104,8,0.2007
9105,7,0.1905
9106,19,0.2024
9107,19,0.1706
9108,19,0.1908
9109,21,0.1795
9110,19,0.1573
9111,19,0.1828
9112,5,0.2055
9113,7,0.1471
9114,8,0.3516
9115,8,0.5150
9116,8,0.2906
9117,8,0.2931
9118,8,0.6798
9119,8,0.2620
9120,21,0.1070
9121,8,0.1839
9122,0,0.1697
9123,11,0.2543
9124,9,0.3311
9125,8,0.4785
9126,21,0.1739
9127,0,0.1358
9128,16,0.1094
9130,9,0.1827
9131,8,0.1345
9132,19,0.1705
9133,8,0.1867
9134,8,0.1706
9135,8,0.2454
9136,8,0.2695
9137,8,0.1504
9138,8,0.1781
9139,8,0.2450
9140,8,0.4979
9141,21,0.1585
9142,21,0.1215
9143,8,0.1780
9144,8,0.1318
9146,9,0.2285
9147,8,0.1272
9149,5,0.1802
9150,5,0.1657
9151,9,0.1509
9152,9,0.2565
9154,19,0.1200
9155,9,0.2164
9159,8,0.3810
9160,8,0.7204
9161,8,0.3673
9162,8,0.5037
9163,8,0.3300
9164,9,0.1173
9165,8,0.1161
9166,9,0.1426
9167,19,0.2343
9168,7,0.1906
9169,9,0.1491
9170,19,0.1922
9171,8,0.2648
9172,9,0.2909
9173,1,0.2303
9174,1,0.1087
9175,21,0.1090
9177,28,0.1691
9178,12,0.1693
9179,1,0.1500
9189,21,0.1286
9190,8,0.1256
9191,5,0.1693
9192,5,0.1233
9193,21,0.1451
9194,21,0.1246
9195,8,0.2841
9196,8,0.6873
9198,21,0.1173
9199,21,0.1269
9200,21,0.1213
9201,21,0.1087
9202,24,0.1085
9203,24,0.1092
9207,9,0.1170
9208,9,0.3493
9209,8,0.8231
9210,8,0.6216
9211,8,0.7232
9212,8,0.6743
9213,9,0.1824
9214,8,0.7261
9215,8,0.5114
9216,8,0.2291
9217,8,0.8451
9218,8,0.3102
9219,19,0.2404
9220,19,0.1664
9221,8,0.3156
9222,8,0.4588
9223,8,0.2446
9224,21,0.1949
9225,7,0.1177
9226,8,0.1296
9227,7,0.1307
9228,19,0.1710
9229,5,0.1488
9230,8,0.1098
9231,9,0.1278
9232,19,0.1168
9233,7,0.1403
9234,5,0.1428
9235,8,0.1630
9236,8,0.1892
9237,19,0.1296
9238,8,0.1356
9239,9,0.1132
9240,8,0.1912
9241,5,0.1553
9242,8,0.2025
9244,19,0.2427
9245,7,0.1874
9246,21,0.1059
9247,21,0.1351
9248,8,0.2015
9249,8,0.2319
9250,7,0.1470
9251,8,0.1864
9252,8,0.1671
9253,8,0.1626
9254,19,0.1218
9255,19,0.2350
9256,8,0.1813
9257,11,0.1553
9258,7,0.1352
9259,24,0.2440
9260,16,0.1564
9261,19,0.1561
9262,24,0.1473
9263,8,0.1615
9264,8,0.5064
9265,20,0.1227
9266,9,0.1811
9267,8,0.6335
9268,8,0.6015
9269,8,0.4319
9270,8,0.3500
9271,8,0.2317
9272,24,0.1173
9273,19,0.2052
9274,9,0.1330
9275,8,0.2418
9276,8,0.2743
9277,8,0.3524
9278,8,0.2964
9279,8,0.1679
9280,21,0.1090
9282,8,0.3500
9283,8,0.4368
9284,19,0.2154
9285,23,0.1272
9286,8,0.1543
9287,19,0.1211
9289,8,0.1776
9290,8,0.1066
9291,9,0.2515
9292,19,0.1324
9293,19,0.1238
9294,9,0.1783
9295,5,0.1357
9296,19,0.1228
9297,30,0.1534
9298,7,0.1944
9299,8,0.1284
9300,0,0.4629
9301,7,0.1227
9303,8,0.2743
9305,24,0.1352
9306,21,0.1865
9307,21,0.1490
9308,16,0.2804
9309,0,0.1707
9310,24,0.2890
9311,24,0.1688
9312,24,0.1709
9313,21,0.1360
9314,16,0.2263
9315,30,0.1189
9316,7,0.1570
9317,24,0.1263
9318,24,0.3284
9319,24,0.3257
9320,8,0.4296
9321,16,0.1627
9322,16,0.1676
9323,30,0.1512
9324,24,0.1918
9325,24,0.2687
9326,24,0.3391
9327,21,0.1713
9328,7,0.1349
9330,0,0.1706
9332,1,0.1405
9333,8,0.3371
9334,7,0.1037
9335,8,0.1119
9336,8,0.4004
9337,8,0.6170
9338,8,0.3024
9339,19,0.1305
9340,7,0.1456
9341,8,0.2169
9342,8,0.4211
9343,29,0.1126
9344,21,0.1378
9345,21,0.1312
9346,16,0.4075
9347,16,0.1157
9348,24,0.1808
9349,7,0.1372
9351,4,0.1702
9352,5,0.1132
9353,7,0.1217
9354,7,0.1452
9355,16,0.2517
9356,0,0.1293
9357,7,0.1421
9358,21,0.1432
9359,24,0.1486
9360,24,0.1283
9361,24,0.1247
9362,24,0.1693
9363,24,0.3421
9364,19,0.1375
9365,8,0.1894
9366,30,0.1263
9368,0,0.1052
9369,8,0.1050
9370,4,0.3836
9371,0,0.1446
9372,0,0.2130
9374,24,0.1184
9375,24,0.1189
9376,24,0.1212
9377,24,0.1175
9378,24,0.1220
9379,24,0.1225
9380,24,0.1106
9381,24,0.1172
9382,24,0.1103
9383,24,0.1334
9384,7,0.1299
9385,7,0.1145
9386,7,0.1186
9387,24,0.1178
9388,24,0.1140
9389,24,0.1264
9390,24,0.1801
9391,7,0.1747
9392,11,0.1197
9393,8,0.2475
9394,31,0.1342
9395,16,0.4353
9396,8,0.3085
9398,8,0.3361
9399,0,0.1692
9401,24,0.1124
9402,24,0.1233
9403,24,0.1484
9404,24,0.1188
9405,24,0.2563
9406,19,0.1457
9407,1,0.1556
9408,8,0.3272
9409,0,0.2122
9410,21,0.1429
9411,21,0.1290
9412,24,0.1079
9413,21,0.1340
9414,19,0.1833
9415,19,0.1352
9416,0,0.3033
9417,0,0.1488
9418,0,0.2167
9419,7,0.1194
9420,8,0.3471
9421,24,0.1231
9422,29,0.1082
9423,8,0.5144
9424,8,0.2705
9425,24,0.1373
9426,30,0.1514
9427,22,0.1351
9428,30,0.1533
9430,0,0.2433
9433,21,0.1470
9434,7,0.1203
9435,29,0.1131
9436,0,0.1287
9438,7,0.1240
9440,7,0.1058
9441,7,0.1078
9444,8,0.2555
9445,7,0.1057
9446,24,0.1058
9447,24,0.1071
9448,27,0.1066
9450,1,0.1077
9452,21,0.1480
9456,21,0.1313
9457,8,0.3401
9458,8,0.2299
9459,21,0.1236
9461,24,0.1637
9462,8,0.7742
9463,8,0.6642
9464,16,0.3061
9465,0,0.2631
9467,24,0.2140
9468,24,0.2162
9469,24,0.2117
9470,24,0.1404
9471,8,0.1726
9472,30,0.1303
9473,7,0.1030
9475,8,0.2049
9476,30,0.1442
9477,21,0.1345
9478,24,0.3098
9479,21,0.1710
9480,30,0.1949
9481,8,0.1557
9482,7,0.2020
9483,21,0.1718
9484,21,0.1382
9485,30,0.1635
9486,11,0.1806
9487,0,0.1046
9489,29,0.1101
9490,7,0.1472
9491,11,0.1434
9492,0,0.1048
9495,7,0.1109
9498,24,0.1124
9499,20,0.1208
9500,0,0.1155
9501,7,0.1060
9502,24,0.1160
9503,24,0.1349
9505,8,0.2007
9506,21,0.1285
9507,21,0.1187
9508,16,0.2022
9510,28,0.1028
9511,0,0.3635
9512,7,0.1198
9513,16,0.1135
9515,24,0.1152
9516,24,0.1039
9517,24,0.1235
9518,24,0.1212
9519,24,0.2066
9520,8,0.4574
9521,8,0.6054
9522,7,0.1771
9523,8,0.3087
9524,8,0.2935
9525,7,0.1586
9526,7,0.1535
9527,7,0.1479
9530,7,0.1717
9531,21,0.1162
9532,24,0.1088
9533,8,0.1089
9535,24,0.1318
9536,7,0.1235
9537,24,0.1173
9538,21,0.1373
9539,7,0.1673
9540,0,0.2412
9541,0,0.2759
9542,21,0.1457
9543,21,0.1118
9544,7,0.1356
9545,7,0.2332
9546,21,0.1142
9547,21,0.1194
9548,24,0.1570
9550,7,0.1316
9551,24,0.1858
9552,24,0.2146
9553,8,0.1524
9554,11,0.1145
9555,21,0.1842
9556,21,0.1804
9558,7,0.2071
9559,7,0.1725
9560,7,0.1034
9561,21,0.2194
9562,21,0.1728
9563,21,0.1764
9564,21,0.1326
9565,7,0.1356
9566,7,0.1510
9567,21,0.1224
9568,24,0.1798
9569,21,0.1746
9570,7,0.2086
9571,21,0.1678
9572,21,0.1522
9573,23,0.1362
9574,21,0.1976
9575,21,0.1368
9576,21,0.1353
9577,21,0.1131
9578,7,0.1417
9579,21,0.1331
9580,21,0.1347
9583,7,0.1418
9584,21,0.1289
9586,7,0.2085
9587,7,0.2613
9588,7,0.2339
9589,30,0.1086
9590,21,0.1643
9591,21,0.1910
9593,7,0.1860
9594,7,0.1785
9595,21,0.1164
9597,7,0.1075
9598,7,0.1393
9599,21,0.1339
9600,7,0.1801
9601,21,0.1476
9602,21,0.1773
9603,21,0.2017
9604,7,0.1197
9605,4,0.5433
9606,4,0.2423
9608,0,0.2769
9609,0,0.1546
9610,7,0.1114
9611,0,0.2062
9612,0,0.2865
9613,8,0.2599
9614,0,0.3064
9616,24,0.2019
9617,0,0.2236
9618,0,0.1538
9619,1,0.1192
9620,0,0.1624
9621,21,0.1932
9622,1,0.2434
9623,11,0.2864
9624,11,0.1862
9625,0,0.2768
9627,21,0.1531
9628,7,0.1542
9629,24,0.1907
9630,11,0.1648
9631,0,0.1855
9632,0,0.1917
9633,0,0.3112
9634,0,0.1528
9635,0,0.2179
9636,0,0.1409
9637,24,0.2137
9638,21,0.1742
9639,0,0.1607
9640,0,0.2608
9641,0,0.2010
9642,21,0.1169
9643,21,0.1350
9644,1,0.1971
9645,0,0.3264
9646,30,0.2539
9647,24,0.1939
9648,0,0.1748
9649,0,0.4187
9650,0,0.2066
9651,0,0.1404
9652,0,0.3094
9653,32,0.1696
9654,11,0.1139
9655,0,0.1350
9656,0,0.1079
9657,7,0.1480
9658,32,0.1323
9659,21,0.1394
9660,7,0.1560
9662,21,0.1745
9663,21,0.1433
9664,21,0.1468
9665,0,0.2781
9666,25,0.1380
9667,15,0.1213
9668,32,0.1768
9669,1,0.1184
9670,19,0.1108
9671,7,0.1614
9672,21,0.1328
9673,24,0.1571
9674,24,0.1310
9675,21,0.1171
9676,24,0.1462
9677,24,0.1563
9678,21,0.1500
9679,21,0.1516
9680,0,0.1419
9681,1,0.1302
9682,25,0.1126
9683,8,0.6647
9684,8,0.3101
9687,1,0.1328
9689,7,0.1056
9690,32,0.1784
9691,32,0.1371
9692,0,0.1046
9694,13,0.1324
9695,15,0.1204
9698,21,0.1516
9699,24,0.1355
9700,21,0.1426
9701,21,0.1428
9702,24,0.1151
9703,24,0.1170
9704,24,0.1475
9705,24,0.1445
9706,21,0.1197
9709,32,0.1303
9711,21,0.1161
9712,5,0.1030
9714,24,0.1537
9715,24,0.1858
9716,24,0.2452
9717,21,0.1072
9718,0,0.2092
9719,11,0.2199
9720,32,0.1115
9721,25,0.1391
9722,21,0.1544
9723,21,0.2058
9724,24,0.1491
9725,21,0.1509
9726,21,0.1696
9727,16,0.1046
9729,7,0.1541
9730,7,0.1309
9732,18,0.1470
9733,7,0.1451
9735,18,0.1640
9736,18,0.1803
9738,7,0.2475
9739,7,0.1402
9741,7,0.1281
9742,15,0.1571
9744,24,0.1140
9746,5,0.1728
9747,7,0.1456
9748,24,0.1156
9749,24,0.1235
9751,15,0.1520
9752,18,0.2214
9753,18,0.2020
9754,13,0.1027
9755,15,0.1383
9756,15,0.1683
9757,18,0.1776
9758,24,0.1198
9759,7,0.1448
9761,7,0.1201
9762,8,0.1993
9763,8,0.1133
9764,24,0.1994
9765,25,0.1303
9766,7,0.1637
9767,7,0.1132
9768,24,0.2282
9769,7,0.2557
9770,15,0.1198
9771,15,0.1727
9772,5,0.1795
9773,7,0.1157
9774,7,0.1798
9775,7,0.2941
9776,7,0.2231
9777,7,0.1278
9779,24,0.1696
9780,22,0.1333
9781,8,0.7736
9782,7,0.1526
9783,7,0.1530
9784,7,0.1395
9785,30,0.1198
9786,24,0.1288
9787,8,0.2353
9788,7,0.2581
9789,7,0.1752
9790,12,0.1305
9791,4,0.2196
9793,7,0.1532
9794,13,0.2079
9795,7,0.1136
9796,21,0.1269
9798,31,0.1443
9799,3,0.1373
9801,7,0.1281
9802,5,0.1369
9803,18,0.1834
9805,24,0.2237
9806,7,0.1834
9807,7,0.1724
9808,5,0.1485
9809,5,0.1707
9810,18,0.1293
9812,21,0.1749
9813,24,0.4339
9814,24,0.1379
9815,7,0.1759
9816,15,0.1859
9817,15,0.1223
9818,18,0.1904
9819,15,0.1224
9820,18,0.1111
9821,18,0.1119
9822,24,0.1098
9823,24,0.1043
9824,15,0.1855
9825,13,0.2218
9826,16,0.2377
9827,19,0.1223
9828,23,0.1087
9830,5,0.1865
9831,9,0.1531
9833,32,0.1795
9834,4,0.3807
9835,4,0.7194
9836,4,0.2529
9838,9,0.1576
9839,5,0.1655
9840,5,0.1505
9841,19,0.1167
9843,7,0.1283
9844,4,0.2362
9845,4,0.2913
9846,32,0.1279
9847,1,0.1968
9848,1,0.1824
9849,33,0.1420
9850,4,0.2358
9851,4,0.4115
9852,4,0.6307
9853,0,0.2119
9854,8,0.4187
9855,4,0.4016
9856,4,0.5759
9857,9,0.1096
9858,4,0.1284
9859,4,0.4065
9861,16,0.1348
9862,4,0.5372
9863,4,0.4773
9864,5,0.1519
9867,7,0.1114
9868,5,0.1722
9869,5,0.1669
9870,7,0.1338
9872,9,0.1438
9873,9,0.1951
9874,7,0.1886
9875,5,0.2099
9876,19,0.1349
9877,19,0.1143
9878,9,0.1133
9879,6,0.1057
9880,6,0.1333
9882,4,0.1907
9883,7,0.1034
9884,19,0.1641
9885,5,0.1344
9886,9,0.1308
9887,8,0.2038
9888,23,0.1136
9889,31,0.2218
9890,5,0.1149
9891,5,0.2610
9892,5,0.2108
9893,1,0.1294
9897,23,0.1127
9898,23,0.1464
9899,23,0.1368
9900,19,0.1443
9901,19,0.1899
9902,28,0.1248
9903,28,0.1373
9906,19,0.1333
9907,23,0.1687
9909,19,0.1855
9910,22,0.1068
9911,19,0.1315
9912,23,0.1801
9913,6,0.1338
9914,6,0.1501
9915,6,0.1211
9916,19,0.1489
9917,19,0.2095
9918,7,0.2116
9919,32,0.2287
9920,6,0.1206
9922,23,0.1274
9923,5,0.1953
9924,5,0.1216
9925,1,0.1146
9926,23,0.1115
9928,1,0.1028
9929,32,0.1545
9931,7,0.1384
9932,19,0.1475
9934,1,0.2120
9935,33,0.1453
9936,33,0.1622
9938,3,0.1223
9939,6,0.1247
9940,3,0.1834
9941,33,0.1599
9944,4,0.1884
9945,1,0.2137
9948,4,0.1166
9949,1,0.1461
9950,1,0.1498
9952,23,0.1224
9953,4,0.1076
9954,33,0.1349
9955,4,0.1198
9956,33,0.3184
9957,4,0.2148
9958,19,0.1599
9959,1,0.1576
9960,32,0.3288
9961,26,0.1525
9962,2,0.2224
9963,33,0.1682
9964,3,0.1923
9965,33,0.3958
9966,32,0.1762
9967,27,0.1121
9968,33,0.4248
9969,31,0.1404
9970,33,0.1820
9971,32,0.1411
9972,1,0.1222
9973,1,0.2277
9974,33,0.1294
9975,33,0.4052
9976,3,0.2185
9977,32,0.1298
9978,7,0.1208
9979,1,0.3242
9980,1,0.4077
9981,33,0.1925
9982,2,0.1620
9983,33,0.1680
9984,33,0.3782
9985,2,0.1886
9986,2,0.1900
9987,32,0.1050
9988,1,0.1678
9989,32,0.1749
9990,32,0.1357
9991,3,0.1064
9992,33,0.2174
9993,33,0.1842
9994,2,0.2336
9995,33,0.2128
9996,1,0.1111
9997,32,0.1062
9999,7,0.1261
10000,7,0.1311
10001,1,0.2031
10002,1,0.1542
10003,1,0.2976
10004,19,0.1225
10005,7,0.1513
10006,19,0.2328
10007,19,0.1999
10008,19,0.1889
10009,24,0.1232
10010,23,0.1622
10011,7,0.1369
10012,23,0.1236
10013,19,0.2184
10014,19,0.1540
10015,19,0.1169
10016,19,0.1646
10018,4,0.2750
10019,33,0.1849
10020,26,0.1204
10021,25,0.1223
10024,23,0.1317
10025,5,0.1669
10026,19,0.1146
10027,19,0.1861
10028,19,0.1345
10029,31,0.1343
10030,23,0.1422
10031,23,0.1603
10032,19,0.2455
10033,19,0.1956
10034,23,0.1674
10035,23,0.3375
10036,23,0.1728
10037,24,0.1885
10038,23,0.1720
10039,23,0.2068
10040,8,0.8648
10041,8,0.9810
10042,8,0.2784
10043,8,0.1903
10044,19,0.1669
10045,8,0.1307
10046,7,0.1272
10047,1,0.1331
10048,1,0.1494
10049,8,0.4617
10050,8,0.2299
10051,23,0.2029
10052,1,0.1131
10053,5,0.2009
10054,19,0.1480
10056,9,0.1738
10057,5,0.1720
10058,5,0.2619
10059,5,0.2175
10060,9,0.1685
10061,5,0.1381
10062,5,0.1730
10063,5,0.1737
10064,5,0.1294
10065,9,0.1529
10066,5,0.1170
10067,5,0.2043
10068,5,0.1974
10069,5,0.1521
10070,5,0.1897
10071,5,0.1928
10072,5,0.3023
10073,5,0.1785
10074,5,0.1096
10075,5,0.1871
10076,5,0.2071
10077,7,0.1376
10078,5,0.1913
10079,5,0.1524
10080,5,0.1969
10081,5,0.2724
10082,5,0.3226
10083,8,0.9831
10084,8,0.9011
10085,20,0.1205
10086,24,0.1573
10087,24,0.1951
10088,19,0.1764
10089,19,0.1497
10090,19,0.2113
10091,23,0.1605
10092,19,0.1747
10093,19,0.1660
10094,23,0.1269
10095,24,0.1616
10096,19,0.1695
10097,19,0.2001
10098,19,0.1632
10099,0,0.1274
10100,19,0.1505
10101,19,0.1489
10102,19,0.2292
10103,19,0.1912
10105,19,0.1717
10106,19,0.1418
10107,5,0.2077
10109,5,0.1162
10110,5,0.1335
10112,5,0.1358
10113,19,0.1209
10114,5,0.1416
10116,1,0.1577
10117,5,0.2345
10118,5,0.1875
10119,5,0.1403
10120,5,0.1641
10121,5,0.1962
10122,5,0.1887
10123,5,0.2942
10124,5,0.1806
10125,5,0.1462
10126,5,0.2463
10127,9,0.1219
10128,5,0.1148
10129,5,0.2471
10130,5,0.4370
10131,5,0.2064
10132,5,0.1918
10133,1,0.1227
10134,1,0.2374
10135,1,0.1744
10137,9,0.1561
10138,9,0.1088
10139,5,0.1290
10140,5,0.1076
10141,5,0.2458
10142,5,0.1387
10143,1,0.1823
10144,1,0.1589
10146,5,0.1812
10147,1,0.1904
10148,5,0.1642
10149,5,0.1826
10150,5,0.1160
10151,5,0.1655
10152,5,0.1739
10153,5,0.1873
10154,5,0.1217
10155,9,0.1174
10156,1,0.1237
10157,5,0.2103
10158,5,0.1943
10159,5,0.1498
10160,7,0.1628
10161,5,0.2713
10162,5,0.2384
10163,5,0.1128
10164,1,0.1615
10165,5,0.2268
10166,5,0.2670
10167,5,0.1077
10168,5,0.2438
10169,5,0.2011
10170,5,0.1292
10172,7,0.1294
10173,1,0.1510
10174,5,0.2298
10175,5,0.1991
10176,5,0.2059
10177,5,0.2806
10178,8,0.1624
10179,19,0.1145
10180,5,0.2859
10181,5,0.2849
10182,1,0.1662
10183,12,0.1625
10185,8,0.7157
10186,8,0.3178
10187,8,0.4843
10188,8,0.2723
10189,5,0.2469
10190,7,0.1807
10191,7,0.1915
10192,5,0.2282
10193,31,0.1183
10195,7,0.1599
10196,5,0.2465
10197,5,0.1186
10198,1,0.5037
10199,5,0.1818
10200,1,0.1161
10201,1,0.2040
10202,5,0.2629
10203,19,0.1316
10204,24,0.1131
10205,24,0.1769
10206,5,0.2729
10207,5,0.2702
10208,5,0.1781
10209,5,0.1467
10210,1,0.1187
10211,5,0.1576
10212,5,0.1523
10213,5,0.1187
10214,5,0.2947
10215,5,0.2503
10216,5,0.1712
10217,15,0.1110
10219,5,0.2927
10220,4,0.1281
10221,4,0.1287
10222,13,0.1036
10223,19,0.1382
10224,5,0.1689
10225,9,0.1660
10226,5,0.2089
10227,9,0.1205
10228,16,0.1384
10229,24,0.1371
10230,7,0.1526
10231,7,0.2307
10232,7,0.1632
10233,21,0.1151
10234,24,0.1453
10235,24,0.1275
10236,24,0.2116
10237,24,0.1756
10238,24,0.1682
10239,24,0.1856
10242,24,0.1791
10244,32,0.1325
10245,24,0.2876
10248,32,0.1148
10249,28,0.1070
10250,25,0.1597
10252,25,0.1155
10253,30,0.1272
10254,0,0.1551
10255,19,0.1062
10256,16,0.2827
10257,15,0.1057
10259,0,0.1213
10260,7,0.2687
10261,24,0.2560
10262,7,0.1092
10263,7,0.2834
10264,24,0.4584
10266,7,0.1094
10267,7,0.1743
10268,7,0.1170
10269,24,0.3005
10270,7,0.1526
10271,2,0.2632
10272,18,0.1241
10273,15,0.1639
10274,24,0.1695
10275,24,0.3141
10277,7,0.1301
10278,7,0.1137
10279,7,0.1519
10280,24,0.4676
10281,24,0.1835
10282,7,0.1763
10283,5,0.1886
10284,5,0.1705
10285,24,0.2365
10286,24,0.1427
10287,32,0.2094
10288,2,0.3683
10289,5,0.1803
10290,24,0.1083
10291,24,0.1726
10293,12,0.1426
10294,5,0.1642
10295,24,0.1766
10296,24,0.2893
10297,7,0.2605
10298,7,0.2862
10299,5,0.2187
10300,5,0.1677
10301,24,0.1648
10302,30,0.2211
10303,25,0.2147
10304,2,0.2744
10305,12,0.1659
10307,7,0.1150
10308,24,0.3658
10309,30,0.2532
10310,2,0.1632
10311,5,0.1072
10312,7,0.1084
10313,5,0.1407
10314,5,0.1409
10315,21,0.1306
10316,21,0.1552
10317,32,0.1653
10318,3,0.2003
10319,14,0.1239
10320,15,0.1101
10324,24,0.2510
10325,7,0.1821
10326,8,0.1192
10327,6,0.1263
10328,19,0.1354
10329,7,0.1055
10330,8,0.1335
10331,21,0.1351
10332,8,0.3712
10333,8,0.3207
10334,8,0.5356
10335,8,0.6950
10336,8,0.4060
10337,8,0.4262
10338,8,0.5982
10339,8,0.6499
10340,8,0.3387
10341,8,0.4549
10342,9,0.3091
10343,8,0.4976
10344,9,0.2442
10345,28,0.3893
10346,1,0.3818
10347,9,0.3217
10348,9,0.3947
10349,9,0.2663
10350,9,0.2928
10351,9,0.4190
10352,8,0.3208
10353,9,0.2535
10354,9,0.2333
10355,23,0.1043
10356,8,0.1239
10357,8,0.1904
10358,9,0.3648
10360,7,0.1425
10361,7,0.1218
10362,19,0.1648
10363,24,0.2066
10364,24,0.2803
10365,24,0.1377
10366,24,0.3399
10367,24,0.3038
10368,24,0.3651
10369,7,0.1928
10370,7,0.1537
10371,7,0.1283
10372,9,0.1669
10373,5,0.1256
10374,24,0.2832
10375,24,0.1086
10376,19,0.1115
10377,7,0.1393
10378,8,0.4442
10379,8,0.6046
10380,8,0.5238
10381,1,0.1978
10382,9,0.3095
10383,9,0.3698
10384,5,0.1281
10385,7,0.1167
10386,8,0.3205
10387,8,0.1165
10388,19,0.1348
10389,8,0.1893
10390,8,0.4020
10391,8,0.4683
10392,8,0.5498
10393,8,0.2953
10394,28,0.1080
10395,28,0.2761
10396,28,0.2014
10397,8,0.1617
10398,19,0.1481
10399,8,0.3620
10400,8,0.3360
10401,8,0.4100
10402,8,0.3397
10403,9,0.2617
10404,1,0.2539
10405,7,0.1274
10406,8,0.1308
10407,8,0.2155
10408,6,0.1102
10409,9,0.1182
10410,9,0.3464
10411,8,0.2378
10412,8,0.1494
10413,8,0.2184
10414,7,0.2000
10415,8,0.1861
10416,8,0.2858
10417,5,0.1231
10418,8,0.1834
10419,9,0.1789
10420,9,0.2063
10421,9,0.2430
10422,19,0.1615
10423,9,0.1459
10424,19,0.1823
10425,16,0.1741
10426,19,0.1723
10427,5,0.2529
10428,5,0.1755
10429,19,0.1783
10430,21,0.1401
10431,16,0.1105
10432,16,0.1567
10433,19,0.1837
10434,23,0.1576
10435,19,0.1543
10436,19,0.1989
10437,19,0.2032
10438,8,0.1278
10439,23,0.1374
10440,1,0.1427
10441,4,0.2555
10442,28,0.1512
10443,6,0.1851
10444,6,0.1592
10445,23,0.1332
10446,24,0.1540
10447,19,0.1476
10448,10,0.1509
10449,22,0.2416
10450,24,0.1246
10451,22,0.2230
10452,23,0.1474
10453,23,0.1552
10454,23,0.1247
10455,23,0.1436
10458,23,0.1600
10459,1,0.2760
10460,23,0.1308
10461,6,0.1275
10462,19,0.1483
10463,1,0.1310
10464,23,0.1236
10467,9,0.2671
10468,9,0.1656
10469,23,0.1435
10470,9,0.2173
10471,23,0.1501
10472,23,0.1447
10473,23,0.1454
10474,1,0.1683
10475,0,0.1074
10476,23,0.1264
10477,8,0.2416
10478,16,0.1366
10479,21,0.1359
10480,23,0.1689
10481,4,0.1904
10482,4,0.4035
10483,4,0.1726
10484,16,0.1120
10485,28,0.1216
10487,28,0.1257
10488,16,0.2006
10489,0,0.1799
10490,19,0.1644
10491,5,0.2247
10492,19,0.2153
10493,8,0.3669
10494,21,0.1046
10495,8,0.1311
10496,28,0.2046
10497,12,0.1246
10498,23,0.1276
10499,8,0.1868
10500,28,0.1923
10501,28,0.1930
10502,8,0.1547
10503,28,0.1319
10504,8,0.3243
10506,19,0.1472
10507,24,0.1061
10508,7,0.1304
10509,21,0.1333
10510,19,0.1631
10512,22,0.1539
10513,30,0.1408
10515,19,0.1553
10516,19,0.2547
10517,8,0.2053
10518,19,0.2120
10519,7,0.1479
10520,7,0.1119
10521,7,0.1732
10522,7,0.1598
10523,7,0.1326
10524,11,0.1369
10525,21,0.1821
10526,7,0.1511
10528,21,0.1390
10531,19,0.1529
10532,7,0.1109
10533,19,0.1072
10534,8,0.1818
10535,24,0.1571
10536,7,0.1134
10537,24,0.1494
10538,7,0.2111
10539,21,0.1276
10541,7,0.2127
10542,7,0.2155
10543,21,0.2039
10544,7,0.1974
10545,21,0.1361
10546,24,0.2275
10547,21,0.1899
10548,7,0.1274
10551,24,0.1954
10552,24,0.1901
10553,8,0.2185
10554,21,0.1328
10557,30,0.1243
10558,18,0.1061
10560,24,0.1178
10561,7,0.1248
10562,7,0.2872
10563,7,0.2140
10564,18,0.1923
10565,18,0.1905
10566,15,0.1362
10567,7,0.1219
10568,7,0.1343
10569,7,0.1589
10570,24,0.2806
10571,24,0.2141
10572,5,0.2142
10573,7,0.1826
10574,7,0.1548
10575,24,0.1640
10576,7,0.1564
10577,15,0.1550
10578,5,0.1659
10579,7,0.1898
10580,7,0.1962
10581,15,0.2114
10582,7,0.1553
10583,7,0.2092
10584,7,0.2691
10585,15,0.1863
10586,7,0.2429
10587,24,0.1281
10588,15,0.1535
10589,15,0.2107
10590,7,0.1679
10591,7,0.2336
10592,7,0.1513
10593,15,0.1542
10594,7,0.1706
10595,7,0.1640
10596,15,0.1636
10597,18,0.1771
10598,7,0.2539
10599,7,0.1655
10600,5,0.1249
10601,7,0.1695
10602,7,0.1741
10603,5,0.2454
10604,7,0.2529
10605,21,0.2011
10606,0,0.1543
10607,16,0.1072
10608,7,0.2333
10609,7,0.2249
10612,21,0.1222
10613,7,0.2830
10614,7,0.2213
10615,7,0.1565
10616,15,0.1291
10617,7,0.1536
10618,21,0.1708
10619,7,0.1514
10620,7,0.1505
10621,21,0.1513
10622,21,0.1430
10623,15,0.1638
10624,15,0.1871
10625,21,0.1210
10626,21,0.1302
10627,24,0.1977
10628,23,0.1616
10629,23,0.1606
10630,27,0.1096
10631,27,0.2099
10632,27,0.1931
10633,22,0.1628
10634,19,0.1560
10635,23,0.1631
10636,28,0.1151
10637,22,0.1561
10639,23,0.1570
10640,23,0.1485
10641,4,0.1126
10642,22,0.1142
10643,32,0.1461
10646,19,0.1711
10647,1,0.1559
10648,33,0.4323
10649,33,0.1417
10651,19,0.1971
10653,22,0.1246
10654,8,0.5781
10655,28,0.2088
10656,26,0.1246
10657,27,0.1182
10658,3,0.2492
10659,32,0.1198
10662,22,0.1041
10664,7,0.1528
10665,7,0.1528
10666,19,0.1895
10667,19,0.1407
10668,19,0.1855
10669,23,0.1303
10670,23,0.1707
10671,23,0.2154
10672,24,0.1575
10673,24,0.1614
10674,23,0.2594
10675,23,0.1515
10678,20,0.1572
10679,20,0.1900
10680,23,0.2671
10681,8,0.1976
10682,23,0.2853
10683,8,0.2752
10684,8,0.6405
10685,8,0.6123
10686,16,0.5144
10687,8,0.1894
10688,8,0.1835
10689,16,0.2681
10690,23,0.1729
10691,19,0.2236
10692,19,0.2262
10693,19,0.2274
10694,16,0.2758
10695,8,0.2271
10696,16,0.2117
10697,23,0.1103
10698,23,0.2036
10699,23,0.2143
10700,23,0.2732
10701,23,0.2762
10702,23,0.2040
10703,23,0.2133
10704,23,0.2379
10705,16,0.3413
10706,8,0.6491
10707,8,0.3381
10708,23,0.2665
10709,23,0.2521
10710,23,0.1876
10711,16,0.1404
10712,23,0.1846
10713,23,0.1933
10714,19,0.2269
10715,23,0.2377
10716,23,0.1708
10717,23,0.1374
10718,23,0.2626
10719,23,0.2276
10720,7,0.1328
10721,23,0.1386
10722,23,0.1297
10723,19,0.2101
10724,19,0.1861
10725,19,0.1510
10726,19,0.1608
10727,23,0.1063
10729,9,0.1751
10730,19,0.1939
10731,19,0.1077
10732,5,0.1400
10733,19,0.2282
10734,19,0.1440
10735,1,0.1111
10736,1,0.1280
10737,1,0.1498
10738,7,0.1052
10740,19,0.1120
10741,6,0.1450
10742,6,0.1222
10743,6,0.1233
10744,1,0.1208
10745,1,0.1452
10746,1,0.1423
10747,1,0.1760
10748,5,0.1512
10749,5,0.2237
10750,9,0.1262
10751,9,0.2247
10752,5,0.3085
10753,5,0.2562
10754,5,0.2106
10755,5,0.3286
10756,5,0.2525
10757,5,0.2632
10758,5,0.2399
10759,5,0.1311
10760,19,0.1241
10761,23,0.1031
10762,7,0.1807
10763,5,0.1509
10764,1,0.1147
10765,6,0.1175
10769,1,0.1850
10770,5,0.1763
10771,5,0.2446
10772,5,0.1271
10773,19,0.1278
10774,7,0.1545
10775,7,0.1237
10777,5,0.1598
10778,5,0.2117
10779,5,0.2186
10780,7,0.1616
10781,5,0.1759
10782,5,0.2995
10783,7,0.1521
10784,5,0.1854
10785,1,0.1414
10786,5,0.1457
10787,5,0.1214
10788,5,0.1310
10790,5,0.1260
10791,5,0.1109
10792,5,0.1344
10793,5,0.1340
10794,5,0.2615
10795,5,0.2693
10796,5,0.2336
10797,5,0.1589
10798,5,0.2017
10799,5,0.1596
10800,5,0.1504
10801,5,0.1790
10802,5,0.2725
10803,5,0.1834
10804,5,0.2737
10805,5,0.2311
10806,5,0.1622
10807,5,0.1195
10808,5,0.1864
10809,5,0.2586
10810,5,0.2156
10811,5,0.1545
10812,5,0.1033
10813,9,0.2112
10814,9,0.2562
10815,5,0.1260
10816,5,0.1897
10817,5,0.2409
10818,5,0.2499
10820,1,0.1253
10821,9,0.1654
10822,19,0.1773
10823,19,0.1857
10824,19,0.1825
10825,15,0.3115
10826,21,0.2130
10827,19,0.1956
10828,31,0.1373
10829,0,0.1234
10830,19,0.1666
10831,19,0.1273
10832,19,0.1435
10833,5,0.1280
10834,5,0.1609
10835,19,0.1174
10836,19,0.2689
10837,5,0.2447
10838,5,0.2663
10839,19,0.1692
10840,19,0.2665
10841,19,0.2027
10842,19,0.1838
10843,15,0.1552
10844,19,0.1694
10845,19,0.2381
10846,15,0.1336
10847,19,0.1621
10848,15,0.1847
10849,24,0.1775
10850,19,0.1515
10851,19,0.2374
10852,5,0.1067
10853,7,0.1501
10854,15,0.2676
10855,19,0.2159
10856,19,0.1453
10857,15,0.1272
10858,17,0.1340
10859,19,0.2414
10860,19,0.2109
10861,15,0.2174
10862,19,0.1579
10863,19,0.2181
10864,15,0.2350
10865,21,0.2239
10866,19,0.2398
10867,19,0.1679
10868,19,0.1406
10869,19,0.1907
10870,19,0.2334
10871,0,0.1457
10872,23,0.1358
10873,23,0.1172
10874,19,0.1047
10876,19,0.1500
10877,19,0.2967
10878,19,0.1738
10879,19,0.2197
10880,19,0.1590
10881,19,0.1740
10882,19,0.2716
10883,19,0.2620
10884,19,0.1558
10885,19,0.1865
10886,19,0.1457
10887,21,0.2149
10888,15,0.1654
10889,19,0.3006
10890,19,0.2638
10891,31,0.1539
10892,31,0.2433
10893,31,0.1188
10894,31,0.2179
10895,19,0.2761
10896,19,0.2248
10897,19,0.2570
10898,19,0.1737
10899,19,0.2295
10900,15,0.1899
10901,19,0.1418
10902,31,0.1301
10903,19,0.1903
10904,21,0.1823
10905,19,0.1881
10906,21,0.1735
10907,19,0.3486
10908,16,0.1573
10909,5,0.2311
10910,19,0.2430
10911,15,0.1854
10912,31,0.1289
10913,19,0.2228
10914,5,0.1080
10915,15,0.1735
10916,19,0.1682
10917,19,0.1365
10918,9,0.1946
10919,13,0.1732
10920,9,0.1438
10921,15,0.1806
10922,19,0.1661
10923,19,0.1742
10924,19,0.2395
10925,19,0.1410
10926,19,0.1506
10927,19,0.2877
10928,0,0.1493
10929,21,0.2820
10930,15,0.2079
10931,19,0.1641
10932,19,0.2332
10933,19,0.2000
10934,19,0.1607
10935,15,0.1518
10936,19,0.1907
10937,5,0.3042
10938,5,0.3105
10939,19,0.2183
10940,17,0.1555
10941,19,0.1462
10942,19,0.1854
10943,19,0.2589
10944,21,0.2677
10945,19,0.2602
10946,19,0.2377
10947,19,0.2048
10948,19,0.1803
10949,19,0.2751
10950,19,0.3135
10951,19,0.2325
10952,19,0.2574
10953,31,0.1097
10954,21,0.2305
10955,19,0.1860
10956,19,0.2113
10957,19,0.2247
10958,19,0.1730
10959,19,0.1755
10960,19,0.2138
10961,15,0.2565
10962,15,0.2257
10963,19,0.2904
10964,19,0.1836
10965,21,0.1524
10966,5,0.1103
10967,9,0.1869
10968,5,0.1690
10969,9,0.3219
10970,9,0.1311
10971,9,0.2568
10972,23,0.1335
10973,23,0.2543
10974,23,0.2697
10975,12,0.1379
10976,16,0.2970
10977,23,0.1973
10978,23,0.1892
10979,23,0.1709
10980,9,0.3098
10981,23,0.1751
10982,16,0.1958
10983,9,0.2053
10984,9,0.1089
10985,7,0.1234
10986,19,0.2011
10987,23,0.2209
10988,23,0.1948
10989,23,0.1904
10990,9,0.4642
10991,9,0.3536
10992,9,0.3709
10993,9,0.3581
10994,8,0.3578
10995,9,0.2205
10996,5,0.1260
10997,16,0.2379
10998,19,0.1973
10999,19,0.2070
11000,19,0.2191
11001,19,0.3052
11002,16,0.1817
11003,21,0.2412
11004,7,0.1960
11005,9,0.1934
11006,9,0.1988
11007,9,0.2891
11008,7,0.1645
11009,9,0.1219
11010,23,0.1115
11011,7,0.2370
11012,7,0.1957
11013,7,0.2278
11014,7,0.2228
11015,9,0.2194
11016,21,0.1621
11017,16,0.2733
11018,16,0.2731
11019,9,0.5247
11020,16,0.3404
11021,15,0.2310
11022,17,0.1954
11023,16,0.4943
11024,17,0.1647
11025,16,0.2638
11026,15,0.2233
11027,15,0.2108
11028,16,0.3155
11029,23,0.2248
11030,23,0.1652
11031,21,0.2641
11032,16,0.3170
11033,23,0.1300
11034,14,0.1195
11035,24,0.1766
11036,15,0.2187
11037,7,0.1799
11038,21,0.1666
11039,21,0.2849
11040,21,0.1952
11041,21,0.2446
11042,21,0.1970
11043,7,0.2513
11044,21,0.1947
11045,7,0.2219
11046,5,0.1671
11047,5,0.1413
11048,15,0.2024
11049,7,0.1993
11050,23,0.1890
11051,16,0.2198
11052,16,0.4121
11053,16,0.2178
11054,30,0.1299
11055,7,0.1783
11056,7,0.1809
11057,7,0.1428
11058,5,0.1511
11059,8,0.1421
11060,8,0.1179
11061,21,0.1183
11062,7,0.1251
11063,21,0.1343
11065,24,0.1497
11066,24,0.4276
11067,8,0.2266
11068,8,0.2316
11070,24,0.1423
11071,19,0.1571
11072,24,0.2583
11073,19,0.1078
11075,19,0.1134
11076,5,0.1873
11077,19,0.1106
11078,7,0.1354
11079,7,0.1720
11080,24,0.2595
11081,24,0.1625
11082,24,0.2691
11083,24,0.1271
11084,24,0.2157
11085,24,0.2377
11086,7,0.2207
11087,7,0.1165
11089,27,0.1197
11092,24,0.1833
11093,24,0.3560
11094,19,0.1263
11095,18,0.1070
11096,7,0.1159
11097,7,0.1416
11099,21,0.1364
11100,21,0.1658
11101,21,0.1173
11102,21,0.1259
11103,21,0.1111
11104,24,0.2135
11105,24,0.1702
11106,7,0.1572
11107,9,0.1111
11108,7,0.1791
11109,7,0.1696
11110,24,0.1166
11111,8,0.3897
11112,8,0.2976
11113,19,0.1575
11115,24,0.2111
11116,8,0.2489
11117,8,0.1191
11118,7,0.1724
11119,7,0.1194
11120,8,0.2815
11121,19,0.1033
11122,21,0.1071
11123,23,0.1082
11125,23,0.1052
11126,19,0.1689
11128,8,0.1922
11129,8,0.4097
11130,16,0.2241
11131,8,0.1818
11132,10,0.1934
11133,24,0.2157
11134,24,0.2370
11135,7,0.2579
11136,5,0.1156
11137,5,0.1603
11138,19,0.1064
11140,7,0.1106
11141,18,0.1200
11142,24,0.1952
11143,24,0.2024
11144,7,0.1564
11145,7,0.1041
11146,7,0.1053
11147,7,0.1062
11153,7,0.1694
11154,21,0.1311
11155,7,0.1043
11156,7,0.1422
11157,7,0.1191
11158,19,0.1676
11159,19,0.1390
11160,5,0.2822
11161,5,0.1358
11162,5,0.1666
11163,19,0.3827
11164,19,0.1465
11165,19,0.2557
11166,5,0.1870
11167,19,0.2055
11168,19,0.2636
11169,19,0.2410
11170,19,0.1728
11171,19,0.1390
11172,5,0.2033
11173,5,0.1565
11174,19,0.1955
11175,19,0.1359
11176,5,0.2227
11177,19,0.1069
11178,5,0.2444
11179,9,0.1391
11180,19,0.1324
11181,5,0.2472
11182,19,0.1829
11183,5,0.1135
11184,9,0.1266
11185,9,0.2253
11186,23,0.1389
11187,5,0.1754
11188,19,0.2019
11189,5,0.2350
11190,5,0.1949
11191,5,0.1545
11192,5,0.2492
11193,5,0.2280
11194,15,0.1132
11195,19,0.1047
11196,9,0.1956
11197,9,0.2372
11198,9,0.1141
11199,19,0.1240
11200,5,0.1330
11201,5,0.2365
11202,5,0.1412
11204,19,0.2243
11205,19,0.1405
11206,5,0.1564
11207,5,0.1617
11208,5,0.2776
11209,19,0.1781
11210,5,0.2231
11211,5,0.2832
11212,5,0.2219
11213,5,0.1878
11214,5,0.1659
11215,5,0.1732
11216,9,0.1504
11217,5,0.1483
11218,15,0.1632
11219,19,0.1143
11220,9,0.1156
11221,5,0.2114
11222,23,0.1479
11223,19,0.1059
11224,5,0.3372
11225,19,0.1847
11226,19,0.1881
11228,19,0.1293
11229,19,0.1713
11230,1,0.1186
11231,0,0.1734
11232,9,0.1387
11233,9,0.3535
11234,5,0.1633
11235,19,0.1580
11236,19,0.1183
11238,15,0.2267
11239,9,0.1321
11240,0,0.1424
11241,19,0.2486
11242,19,0.2592
11243,19,0.2228
11244,5,0.2323
11245,5,0.2613
11246,5,0.2825
11247,19,0.1217
11248,19,0.1259
11249,25,0.1369
11250,25,0.1737
11252,24,0.1944
11253,30,0.1367
11254,33,0.1421
11255,30,0.1333
11256,31,0.1478
11258,21,0.1895
11259,20,0.1130
11260,22,0.1095
11261,23,0.1439
11262,25,0.1048
11263,30,0.1861
11264,3,0.1128
11265,22,0.1083
11266,30,0.1322
11267,20,0.1308
11268,0,0.1779
11269,15,0.1594
11270,21,0.1211
11271,31,0.1513
11272,19,0.1645
11273,19,0.2854
11274,21,0.1607
11275,19,0.2385
11276,19,0.1216
11277,21,0.1843
11278,15,0.1698
11279,19,0.1986
11280,19,0.1846
11281,19,0.1785
11282,31,0.1722
11283,15,0.1220
11284,15,0.1177
11285,19,0.1866
11286,19,0.2976
11287,15,0.1490
11288,9,0.2765
11289,15,0.1693
11290,15,0.2464
11291,19,0.2180
11292,19,0.2034
11293,9,0.1226
11294,19,0.2127
11295,19,0.1128
11296,19,0.1876
11297,19,0.2063
11298,19,0.1888
11299,19,0.2026
11300,19,0.2564
11301,19,0.2313
11302,9,0.1203
11303,19,0.1503
11304,19,0.2405
11305,23,0.1887
11306,19,0.3166
11307,19,0.2771
11308,19,0.1957
11309,19,0.1576
11310,19,0.1668
11311,19,0.2353
11312,23,0.1627
11313,24,0.2224
11314,7,0.2650
11315,19,0.1971
11316,19,0.2112
11317,19,0.2182
11318,19,0.1177
11319,19,0.1424
11320,19,0.2026
11321,7,0.2051
11322,19,0.2278
11323,19,0.1624
11324,9,0.1621
11325,19,0.1709
11326,5,0.2284
11327,19,0.2048
11328,19,0.1931
11329,19,0.1119
11330,19,0.2072
11331,19,0.2438
11332,1,0.1155
11333,9,0.2814
11334,7,0.1876
11335,21,0.1652
11336,21,0.2381
11337,19,0.2110
11338,19,0.2542
11339,19,0.2118
11340,9,0.1424
11341,15,0.2299
11342,19,0.2772
11343,15,0.2427
11344,15,0.2413
11346,10,0.1059
11348,21,0.1100
11349,7,0.1041
11350,24,0.1027
11351,24,0.1255
11352,7,0.1561
11353,7,0.1390
11355,5,0.1431
11356,7,0.1418
11357,21,0.1340
11360,21,0.1499
11361,7,0.1193
11363,21,0.1244
11364,7,0.1383
11365,7,0.1943
11366,21,0.1587
11367,21,0.1671
11368,7,0.1505
11370,5,0.1252
11373,21,0.1493
11374,21,0.1373
11375,7,0.1456
11376,21,0.1564
11377,24,0.1930
11378,24,0.1269
11380,24,0.1197
11381,21,0.1405
11382,21,0.1126
11383,24,0.1051
11384,7,0.1458
11385,21,0.1542
11386,7,0.1405
11387,7,0.1611
11388,7,0.1414
11389,7,0.1244
11390,21,0.1543
11391,24,0.1557
11392,21,0.1294
11393,7,0.1180
11395,7,0.1073
11397,24,0.2512
11398,24,0.1567
11399,7,0.1670
11400,7,0.1736
11401,21,0.1459
11402,21,0.1506
11403,7,0.2097
11404,21,0.1605
11406,8,0.1813
11407,21,0.1625
11408,21,0.1835
11409,7,0.1399
11410,24,0.1851
11411,7,0.1483
11412,7,0.1240
11413,7,0.1132
11414,7,0.1294
11415,24,0.1324
11416,7,0.1816
11417,21,0.1304
11418,21,0.1223
11419,7,0.1304
11420,7,0.1222
11421,5,0.1319
11422,7,0.1549
11423,21,0.1321
11424,7,0.1160
11425,21,0.1142
11426,21,0.1397
11427,21,0.1291
11428,21,0.1587
11429,21,0.1743
11430,21,0.1248
11431,7,0.1283
11433,24,0.1900
11434,7,0.1175
11435,7,0.1543
11436,21,0.2172
11437,7,0.1448
11438,21,0.1633
11439,7,0.1639
11440,7,0.1439
11441,21,0.1834
11442,7,0.1399
11443,21,0.1625
11444,21,0.1596
11446,30,0.1080
11448,7,0.1064
11450,7,0.1117
11451,21,0.1501
11452,7,0.1233
11454,24,0.1211
11455,24,0.1748
11456,24,0.2127
11457,7,0.1473
11458,7,0.1937
11459,8,0.1452
11460,30,0.1727
11462,0,0.2551
11463,24,0.2352
11464,21,0.2827
11465,21,0.2182
11466,7,0.1465
11467,24,0.2869
11468,21,0.1619
11469,24,0.2487
11470,19,0.1810
11471,8,0.6697
11472,0,0.1534
11473,25,0.1260
11474,28,0.1136
11476,21,0.1355
11477,7,0.2567
11478,24,0.2887
11479,24,0.3109
11480,8,0.2027
11481,8,0.3188
11482,8,0.3384
11483,28,0.1563
11484,8,0.1988
11485,8,0.7721
11486,24,0.1634
11487,8,0.2426
11488,0,0.3697
11489,21,0.2829
11490,19,0.1897
11491,8,0.2520
11492,30,0.1716
11493,21,0.1572
11494,8,0.1837
11495,21,0.1265
11496,21,0.1860
11497,21,0.1655
11498,7,0.2501
11499,24,0.2411
11500,19,0.1159
11502,24,0.1593
11503,7,0.1380
11504,5,0.1439
11505,7,0.1913
11506,28,0.1748
11507,8,0.2968
11508,9,0.1995
11509,8,0.2929
11510,8,0.5608
11511,15,0.1733
11513,8,0.2558
11514,8,0.2653
11515,8,0.2228
11516,24,0.2448
11517,0,0.2214
11519,8,0.3576
11520,23,0.1086
11521,16,0.2991
11522,16,0.3125
11523,7,0.2112
11524,21,0.1232
11525,8,0.3749
11526,31,0.1543
11527,15,0.2071
11528,15,0.1810
11529,0,0.2757
11530,8,0.1679
11531,8,0.1362
11532,8,0.6944
11533,19,0.2036
11534,19,0.1893
11535,19,0.1637
11536,15,0.2334
11537,7,0.2655
11538,7,0.1382
11539,19,0.2002
11540,7,0.1959
11541,24,0.1728
11542,15,0.2588
11543,7,0.2067
11544,24,0.1940
11545,19,0.1797
11546,19,0.1966
11547,19,0.1524
11548,24,0.2254
11549,19,0.1993
11550,19,0.1416
11551,24,0.5662
11552,24,0.3064
11553,19,0.1904
11554,19,0.1421
11555,7,0.2343
11556,7,0.1683
11557,1,0.2544
11558,7,0.2989
11559,7,0.2573
11560,5,0.1560
11561,5,0.1591
11562,21,0.2190
11563,7,0.1964
11564,24,0.1805
11565,19,0.1549
11566,7,0.2706
11567,24,0.1520
11568,19,0.1051
11569,19,0.2998
11570,7,0.1630
11571,21,0.1605
11572,19,0.2819
11573,19,0.1334
11574,0,0.1350
11575,21,0.1728
11576,19,0.2127
11577,19,0.1505
11578,8,0.4740
11579,19,0.1275
11580,23,0.1492
11581,16,0.1041
11582,5,0.2186
11583,5,0.1528
11584,7,0.1287
11585,5,0.1102
11586,8,0.1276
11587,24,0.1650
11588,7,0.1388
11589,9,0.3581
11590,9,0.3886
11591,7,0.1087
11592,21,0.1946
11593,21,0.1531
11594,7,0.1698
11595,8,0.5579
11596,8,0.4440
11597,5,0.2444
11598,5,0.3074
11599,9,0.1910
11600,5,0.3132
11601,5,0.3287
11602,5,0.3537
11603,5,0.2590
11604,5,0.3064
11605,5,0.3381
11606,5,0.3606
11607,5,0.3071
11608,7,0.2853
11609,5,0.2808
11610,7,0.1833
11611,5,0.2565
11612,5,0.3113
11613,5,0.1640
11614,21,0.2202
11615,7,0.1729
11616,5,0.2101
11617,19,0.1530
11618,21,0.1894
11619,5,0.2770
11620,7,0.1796
11621,19,0.1341
11622,5,0.2997
11623,5,0.3732
11624,21,0.1984
11625,7,0.2037
11626,7,0.2633
11627,7,0.2279
11628,5,0.3129
11629,5,0.3195
11630,9,0.1824
11631,9,0.2551
11632,7,0.1493
11633,19,0.1905
11634,5,0.2195
11635,9,0.1706
11636,9,0.2240
11637,15,0.1889
11638,5,0.1956
11639,5,0.3071
11640,5,0.2812
11641,7,0.1986
11642,5,0.1912
11643,5,0.1996
11644,7,0.2625
11645,7,0.2003
11646,7,0.2302
11647,19,0.2003
11648,19,0.2337
11649,7,0.3361
11650,7,0.2589
11651,8,0.9138
11652,8,0.9877
11653,8,0.8466
11654,8,0.7206
11655,16,0.3753
11656,5,0.3519
11657,5,0.3347
11658,5,0.2830
11659,5,0.2084
11660,7,0.2511
11661,5,0.2093
11662,7,0.2087
11663,7,0.2311
11664,7,0.2385
11665,7,0.2039
11666,19,0.1856
11667,5,0.2932
11668,19,0.2544
11669,19,0.1438
11670,7,0.1429
11671,7,0.2286
11672,15,0.2155
11673,5,0.2050
11674,9,0.1262
11675,5,0.2321
11676,7,0.2086
11677,7,0.2382
11678,0,0.1203
11679,5,0.2740
11680,7,0.2153
11681,5,0.3072
11682,5,0.1630
11683,19,0.2531
11684,7,0.2051
11685,7,0.2274
11686,7,0.2035
11687,7,0.2281
11688,15,0.1578
11689,7,0.1695
11690,5,0.2268
11691,5,0.1691
11692,7,0.1811
11693,5,0.3085
11694,15,0.1924
11695,5,0.2932
11696,9,0.1852
11697,21,0.1725
11698,7,0.3134
11699,7,0.1663
11700,5,0.1237
11701,7,0.2214
11702,5,0.1843
11703,5,0.2728
11704,5,0.2166
11705,7,0.2127
11706,5,0.1845
11707,5,0.4181
11708,5,0.2826
11709,5,0.2205
11710,5,0.2730
11711,5,0.2349
11712,5,0.2426
11713,5,0.1997
11714,5,0.2737
11715,19,0.1652
11716,15,0.2239
11717,5,0.1500
11718,5,0.2188
11719,15,0.2230
11720,19,0.2241
11721,7,0.2071
11722,19,0.2215
11723,7,0.1673
11724,16,0.1781
11725,8,0.2920
11726,19,0.1738
11727,5,0.1469
11728,7,0.2137
11729,7,0.2170
11730,7,0.2075
11731,5,0.3739
11732,5,0.2033
11733,5,0.3605
11734,5,0.4102
11735,7,0.2142
11736,5,0.2299
11737,5,0.1299
11738,9,0.1709
11739,5,0.2466
11740,5,0.2198
11741,21,0.2246
11742,21,0.2972
11743,23,0.1622
11744,19,0.2072
11745,5,0.2507
11746,7,0.2057
11747,7,0.1812
11748,7,0.1841
11749,7,0.1750
11751,8,0.1966
11752,7,0.2129
11753,7,0.1540
11754,5,0.2838
11755,7,0.2371
11756,5,0.3278
11757,5,0.1337
11758,19,0.1467
11759,15,0.2067
11760,7,0.1973
11761,21,0.1794
11762,24,0.1617
11763,19,0.1499
11764,5,0.2155
11765,5,0.2194
11766,5,0.2580
11767,5,0.2272
11768,5,0.3024
11769,5,0.1470
11770,5,0.2380
11771,19,0.1540
11772,19,0.1927
11773,19,0.1272
11774,7,0.2280
11775,7,0.1746
11776,5,0.2382
11777,5,0.2529
11778,5,0.2229
11779,5,0.2352
11780,7,0.1835
11781,7,0.2588
11782,7,0.2510
11783,5,0.3575
11784,5,0.2278
11785,13,0.1053
11786,13,0.1079
11787,13,0.1059
11788,13,0.1066
11789,13,0.1046
11791,13,0.1104
11792,13,0.1056
11793,13,0.1057
11794,13,0.1090
11795,13,0.1074
11796,13,0.1062
11797,13,0.1051
11798,13,0.1073
11799,13,0.1072
11800,13,0.1027
11801,13,0.1046
11805,24,0.2376
11806,24,0.3129
11807,24,0.1914
11808,24,0.1172
11809,21,0.1957
11810,21,0.2068
11811,7,0.1578
11812,21,0.1113
11813,21,0.1809
11814,21,0.1707
11815,21,0.1800
11816,21,0.1312
11817,24,0.1192
11818,24,0.1109
11819,24,0.1167
11820,21,0.1312
11821,24,0.1084
11822,24,0.1237
11823,24,0.1181
11824,24,0.1230
11826,24,0.1026
11827,30,0.1163
11828,8,0.3901
11829,19,0.1341
11830,8,0.2024
11831,20,0.2292
11834,1,0.2517
11835,16,0.3758
11836,8,0.7882
11837,24,0.2037
11838,7,0.2303
11839,24,0.2159
11840,24,0.2090
11841,24,0.3018
11842,19,0.2201
11843,22,0.2207
11844,28,0.2377
11845,19,0.1787
11847,7,0.1513
11848,7,0.1417
11849,21,0.1213
11850,16,0.1576
11851,23,0.1099
11852,28,0.1332
11853,8,0.2203
11854,23,0.1157
11855,4,0.1186
11856,4,0.1093
11858,24,0.1833
11859,24,0.2220
11860,24,0.1438
11861,8,0.4327
11862,28,0.4108
11864,5,0.1188
11865,8,0.3969
11866,8,0.2868
11867,8,0.2649
11868,8,0.2918
11869,8,0.3083
11870,8,0.2134
11872,7,0.1616
11873,7,0.1235
11874,7,0.1928
11875,24,0.1290
11876,24,0.1415
11877,19,0.1679
11878,28,0.1271
11879,8,0.1236
11880,11,0.2715
11881,9,0.1867
11882,17,0.1507
11883,9,0.2049
11884,5,0.1210
11886,24,0.1114
11887,24,0.1143
11888,24,0.1101
11889,24,0.1042
11892,24,0.1434
11893,24,0.4361
11894,24,0.1062
11895,8,0.4526
11896,16,0.3583
11897,8,0.2907
11898,8,0.4723
11899,9,0.2630
11901,21,0.1189
11903,21,0.1590
11904,7,0.1696
11905,7,0.2080
11906,24,0.2057
11907,24,0.1306
11908,0,0.1849
11909,0,0.2444
11910,7,0.2166
11912,21,0.1128
11913,7,0.1837
11914,7,0.2107
11915,19,0.1823
11916,19,0.1567
11917,16,0.2157
11919,7,0.1679
11920,21,0.1168
11921,7,0.1317
11922,7,0.1613
11923,21,0.1708
11924,21,0.1904
11925,7,0.2409
11926,24,0.1838
11928,7,0.2367
11929,7,0.2160
11930,5,0.1649
11931,7,0.1966
11932,5,0.1990
11933,19,0.1080
11934,5,0.1678
11935,9,0.2067
11936,21,0.1626
11937,7,0.2166
11938,5,0.1599
11939,7,0.1886
11940,21,0.1345
11941,21,0.1770
11942,7,0.1417
11943,7,0.1872
11944,5,0.2258
11945,7,0.1797
11947,7,0.1959
11948,7,0.1955
11949,7,0.2562
11950,7,0.1104
11951,7,0.1506
11952,21,0.2184
11953,7,0.2292
11954,19,0.1306
11955,19,0.1302
11956,9,0.2123
11957,19,0.1788
11958,15,0.1678
11959,9,0.3649
11960,19,0.1519
11961,9,0.2219
11962,9,0.4577
11963,7,0.1536
11964,5,0.2342
11965,5,0.1464
11966,9,0.2965
11967,9,0.2646
11968,9,0.1776
11969,7,0.1265
11970,8,0.1560
11971,9,0.2632
11972,8,0.1906
11973,8,0.2054
11974,7,0.1174
11975,9,0.2053
11976,9,0.1828
11977,8,0.5284
11978,8,0.5371
11979,21,0.1584
11980,8,0.1040
11981,8,0.6900
11982,8,0.9686
11983,8,0.4219
11984,5,0.1188
11986,22,0.1391
11987,8,0.1514
11988,9,0.1101
11989,21,0.1084
11990,7,0.1264
11991,8,0.4928
11992,8,0.7615
11993,7,0.2569
11994,5,0.1518
11995,5,0.1320
11996,7,0.1248
11997,7,0.1287
11998,8,0.6929
11999,8,0.8904
12000,8,0.3674
12001,1,0.1154
12002,21,0.1307
12003,8,0.8906
12004,8,0.6095
12005,5,0.1400
12007,8,0.7907
12008,8,0.7294
12009,19,0.1451
12010,21,0.1044
12012,24,0.4110
12013,8,0.4953
12014,8,0.2373
12015,5,0.1311
12016,11,0.1234
12017,22,0.2376
12018,8,0.5835
12019,16,0.3187
12020,5,0.1086
12021,21,0.1433
12022,24,0.2104
12023,21,0.2053
12024,8,0.1743
12026,7,0.1076
12027,24,0.1341
12028,21,0.1130
12029,8,0.1905
12030,7,0.1415
12031,7,0.1159
12032,24,0.1562
12033,8,0.5043
12034,8,0.3691
12035,21,0.1692
12037,24,0.2557
12038,20,0.1614
12039,20,0.2673
12040,24,0.3412
12041,7,0.1435
12042,7,0.1070
12044,8,0.1875
12045,8,0.1696
12046,7,0.4100
12047,7,0.1170
12048,7,0.1246
12049,20,0.1830
12050,20,0.2522
12051,8,0.3403
12052,0,0.1087
12053,24,0.2298
12054,24,0.2496
12055,8,0.4702
12056,8,0.3872
12057,24,0.1217
12058,24,0.5271
12059,8,0.4634
12060,8,0.2671
12061,24,0.1763
12062,24,0.3138
12063,21,0.2555
12064,0,0.2035
12065,7,0.1305
12066,7,0.1095
12067,21,0.1355
12068,8,0.6012
12069,8,0.5034
12071,21,0.1585
12072,9,0.1664
12074,7,0.1389
12075,19,0.1231
12076,19,0.1223
12077,21,0.1605
12078,15,0.1951
12079,19,0.1509
12080,19,0.1411
12081,8,0.2070
12082,8,0.1263
12083,19,0.1554
12084,8,0.2966
12085,0,0.1513
12086,16,0.1147
12087,16,0.2540
12088,16,0.2818
12089,0,0.4098
12090,21,0.1618
12091,21,0.1480
12092,21,0.1737
12093,21,0.1858
12094,15,0.1546
12095,19,0.1134
12096,31,0.1457
12097,19,0.1220
12098,5,0.1982
12099,5,0.2788
12100,5,0.1272
12101,19,0.1931
12102,15,0.1960
12103,19,0.1801
12104,5,0.2225
12105,5,0.1510
12106,23,0.1067
12108,1,0.3195
12109,5,0.1591
12110,7,0.1816
12111,5,0.1228
12113,7,0.1644
12116,5,0.1777
12117,5,0.1785
12118,7,0.1233
12119,5,0.2925
12120,5,0.2048
12121,7,0.2387
12122,15,0.1344
12123,5,0.1455
12124,5,0.2010
12125,5,0.1383
12126,19,0.1456
12127,21,0.1491
12128,21,0.1725
12129,21,0.1791
12130,0,0.1600
12131,21,0.1975
12132,7,0.2922
12133,7,0.2152
12134,7,0.2100
12135,19,0.1463
12136,19,0.2588
12137,19,0.2511
12138,7,0.1530
12139,5,0.2101
12140,19,0.1250
12141,19,0.1834
12142,15,0.2170
12143,5,0.1906
12145,5,0.2121
12146,19,0.2049
12147,7,0.1199
12148,19,0.2383
12149,19,0.1783
12150,5,0.1544
12151,15,0.1909
12152,7,0.2243
12153,15,0.2144
12154,15,0.1200
12155,19,0.1349
12156,15,0.1624
12157,7,0.1781
12158,7,0.2017
12159,7,0.2806
12160,7,0.2848
12161,19,0.1941
12162,15,0.1500
12163,19,0.1931
12164,5,0.2419
12165,5,0.2489
12166,15,0.1753
12167,19,0.2728
12168,21,0.2113
12169,19,0.2479
12170,19,0.2203
12171,15,0.1751
12172,21,0.1763
12173,15,0.2233
12174,15,0.1799
12175,15,0.2084
12176,7,0.1882
12177,21,0.1662
12178,19,0.2179
12179,15,0.2064
12180,19,0.1833
12181,31,0.1118
12182,19,0.1390
12183,7,0.2789
12184,21,0.2119
12185,19,0.1963
12186,19,0.1449
12187,15,0.2372
12188,19,0.2371
12189,11,0.1366
12190,21,0.1656
12191,19,0.2240
12192,19,0.1317
12193,7,0.2024
12194,15,0.2049
12195,21,0.1751
12196,1,0.1378
12197,19,0.1645
12198,21,0.1433
12199,19,0.1693
12200,5,0.2414
12201,1,0.1175
12202,21,0.1233
12203,19,0.1643
12204,15,0.1853
12205,15,0.1614
12206,19,0.1851
12207,19,0.2231
12208,7,0.2517
12209,24,0.1263
12210,21,0.1547
12211,21,0.1993
12212,21,0.1513
12213,24,0.1181
12214,8,0.3086
12215,8,0.4842
12216,20,0.2553
12217,16,0.3200
12218,16,0.3053
12219,24,0.1604
12222,8,0.4696
12223,28,0.1856
12224,8,0.4404
12225,8,0.4366
12226,8,0.1872
12227,16,0.2736
12228,1,0.1960
12229,8,0.7708
12230,8,0.9242
12231,8,0.7216
12232,8,0.2172
12234,8,0.7591
12235,8,0.5713
12237,8,0.7321
12238,8,0.6353
12239,11,0.1443
12240,0,0.1687
12241,8,0.8013
12242,8,0.6743
12243,24,0.2720
12244,1,0.1735
12245,31,0.1667
12246,24,0.1261
12249,30,0.1217
12250,11,0.2143
12251,31,0.1582
12252,11,0.1662
12253,0,0.2028
12254,0,0.1704
12255,21,0.1840
12256,32,0.1196
12257,11,0.1932
12258,4,0.2349
12259,1,0.2310
12260,0,0.1367
12261,0,0.1329
12262,21,0.1597
12263,33,0.1288
12264,4,0.7194
12265,1,0.2447
12266,21,0.1394
12267,21,0.1933
12268,21,0.1676
12269,21,0.1767
12270,33,0.1322
12271,2,0.1388
12272,32,0.2201
12273,7,0.1378
12274,21,0.2182
12275,7,0.1214
12276,32,0.1195
12277,21,0.1521
12278,24,0.2618
12279,21,0.2159
12280,21,0.1833
12281,21,0.1118
12282,7,0.1151
12283,21,0.2005
12284,24,0.1822
12285,21,0.1565
12286,21,0.1560
12287,11,0.2331
12288,7,0.1896
12289,1,0.3137
12290,0,0.1805
12291,24,0.1666
12295,13,0.1065
12298,24,0.1186
12299,24,0.1276
12300,24,0.1277
12301,24,0.2267
12302,24,0.2998
12303,24,0.1541
12304,1,0.1953
12305,1,0.1569
12306,7,0.1942
12307,1,0.1051
12308,1,0.1225
12309,7,0.2310
12310,21,0.1953
12311,21,0.1932
12312,24,0.2182
12313,21,0.1797
12314,11,0.1135
12316,7,0.1702
12317,24,0.1064
12319,21,0.1203
12320,24,0.2304
12321,24,0.3250
12322,11,0.1485
12323,21,0.1544
12324,21,0.1806
12325,7,0.2389
12326,24,0.2092
12327,21,0.1804
12328,21,0.1064
12329,21,0.1092
12330,7,0.1787
12331,21,0.1733
12332,21,0.1747
12333,1,0.1109
12334,32,0.1264
12335,24,0.2569
12336,7,0.1998
12337,7,0.2243
12338,11,0.3333
12339,7,0.2127
12340,7,0.1977
12341,7,0.2184
12342,7,0.1962
12343,21,0.1992
12344,7,0.1760
12345,7,0.1786
12346,11,0.1679
12347,7,0.2057
12348,7,0.2107
12349,0,0.2010
12350,11,0.2631
12351,21,0.1881
12352,7,0.1579
12353,32,0.2985
12354,11,0.1518
12355,24,0.1967
12356,24,0.1529
12357,7,0.1856
12358,7,0.2197
12359,24,0.2056
12360,21,0.1492
12361,24,0.2851
12362,24,0.1829
12363,11,0.2040
12364,0,0.1231
12365,7,0.1358
12367,24,0.1869
12368,24,0.2810
12369,21,0.1476
12370,7,0.2086
12371,7,0.2248
12372,21,0.1297
12373,1,0.1235
12374,7,0.1853
12375,24,0.2452
12376,24,0.2442
12377,24,0.2193
12378,21,0.2795
12379,24,0.2696
12380,21,0.1484
12381,7,0.1767
12382,7,0.1830
12383,0,0.2281
12384,0,0.1769
12385,21,0.1806
12386,21,0.1649
12387,11,0.1638
12388,7,0.1132
12389,7,0.1631
12390,7,0.1332
12391,0,0.1615
12393,24,0.2387
12396,24,0.1873
12397,24,0.3266
12400,7,0.1412
12401,7,0.1424
12402,24,0.1576
12403,0,0.1254
12405,24,0.2443
12406,21,0.1143
12408,1,0.4045
12409,1,0.1559
12410,7,0.1452
12411,15,0.1387
12412,19,0.1425
12413,8,0.2571
12414,8,0.3679
12415,19,0.1879
12416,8,0.1742
12417,19,0.1588
12418,0,0.2089
12419,28,0.1479
12420,19,0.1320
12421,16,0.2421
12422,16,0.1660
12423,13,0.1587
12424,16,0.1608
12425,8,0.2596
12426,9,0.1509
12427,24,0.2426
12428,8,0.2592
12429,8,0.1817
12430,9,0.2364
12431,10,0.2588
12432,7,0.1349
12433,19,0.2018
12434,19,0.2305
12435,7,0.2818
12436,15,0.1385
12437,24,0.3231
12438,7,0.1597
12440,8,0.1215
12441,24,0.2711
12442,24,0.2121
12443,0,0.1231
12445,24,0.2946
12446,19,0.1946
12448,21,0.1655
12449,7,0.1299
12450,1,0.2997
12451,1,0.1620
12452,21,0.2143
12453,24,0.1482
12454,1,0.1568
12455,24,0.1883
12457,30,0.1785
12458,19,0.1208
12459,7,0.1455
12460,1,0.1877
12461,1,0.4866
12462,1,0.1141
12464,1,0.1053
12465,7,0.1607
12466,1,0.1258
12467,0,0.1271
12468,7,0.1992
12469,1,0.1756
12470,1,0.2225
12471,7,0.1150
12472,7,0.1749
12473,21,0.1667
12474,21,0.1273
12475,21,0.1235
12476,0,0.1274
12477,21,0.1917
12478,7,0.1506
12479,1,0.1863
12480,21,0.1184
12481,7,0.1718
12482,7,0.1713
12483,24,0.1279
12484,1,0.1451
12485,1,0.1264
12486,8,0.1108
12487,24,0.1168
12488,24,0.1299
12489,11,0.1235
12490,7,0.1055
12491,21,0.1315
12492,19,0.2111
12493,19,0.2814
12494,23,0.1095
12495,19,0.1418
12496,19,0.2150
12497,16,0.2087
12498,13,0.1458
12499,19,0.2022
12500,11,0.1740
12501,19,0.1566
12502,19,0.1656
12503,16,0.1399
12504,5,0.1617
12505,5,0.1553
12506,1,0.1859
12507,7,0.1391
12508,19,0.1215
12509,16,0.1699
12510,19,0.2085
12511,1,0.1680
12512,28,0.1476
12513,1,0.1285
12514,23,0.1391
12515,22,0.1137
12516,7,0.1450
12517,19,0.1813
12518,19,0.1779
12519,19,0.1554
12520,21,0.1290
12521,0,0.1167
12522,21,0.1387
12523,19,0.1567
12524,8,0.3804
12525,19,0.3440
12526,8,0.5195
12527,8,0.7145
12528,5,0.1914
12529,19,0.1410
12530,8,0.5468
12531,8,0.4212
12532,5,0.2102
12533,5,0.1479
12534,5,0.1801
12535,19,0.1825
12536,8,0.6374
12537,8,0.3607
12538,24,0.3230
12539,7,0.2531
12540,7,0.1773
12541,21,0.1550
12542,24,0.2081
12543,7,0.1633
12544,7,0.1220
12545,19,0.1549
12546,7,0.1364
12547,21,0.1454
12548,28,0.2195
12549,12,0.1718
12550,7,0.1518
12552,25,0.1159
12553,7,0.2305
12554,26,0.1640
12555,12,0.2474
12556,23,0.1722
12557,25,0.1205
12558,25,0.1228
12560,24,0.1598
12561,7,0.1971
12562,7,0.1640
12563,21,0.1741
12564,21,0.1026
12565,7,0.1295
12566,7,0.1716
12567,7,0.1681
12568,7,0.1768
12569,7,0.1468
12570,7,0.1578
12571,7,0.1327
12572,7,0.1205
12573,7,0.1477
12574,7,0.1355
12575,7,0.1277
12576,7,0.1103
12577,7,0.1201
12578,7,0.1521
12579,7,0.1200
12580,21,0.1194
12581,21,0.1305
12582,21,0.1310
12583,24,0.2024
12584,21,0.1727
12585,21,0.1235
12587,21,0.1189
12588,24,0.2095
12589,24,0.1415
12590,7,0.1296
12591,7,0.1476
12592,7,0.1413
12593,21,0.1734
12594,21,0.1528
12595,21,0.1048
12596,24,0.1708
12597,24,0.1485
12598,7,0.1357
12599,21,0.1990
12600,21,0.1432
12601,7,0.1498
12602,21,0.1619
12603,21,0.1895
12604,7,0.1517
12605,21,0.1302
12606,24,0.1797
12607,24,0.2036
12609,25,0.1293
12610,7,0.1853
12611,18,0.1071
12613,2,0.1408
12614,32,0.1373
12615,7,0.2074
12616,21,0.1845
12617,21,0.1410
12618,21,0.1372
12619,7,0.1244
12620,7,0.1372
12621,7,0.1440
12622,7,0.1465
12623,7,0.1173
12624,7,0.1161
12625,7,0.1142
12626,9,0.1236
12627,8,0.1963
12628,30,0.1745
12629,24,0.1465
12630,7,0.1423
12632,19,0.1519
12633,19,0.1164
12634,7,0.1537
12635,7,0.2720
12636,7,0.2105
12637,19,0.1364
12638,30,0.1315
12639,21,0.1683
12640,15,0.1786
12641,15,0.2113
12642,7,0.2533
12643,7,0.1569
12644,19,0.1384
12645,7,0.1650
12646,7,0.1653
12647,7,0.2299
12648,19,0.1414
12649,8,0.2932
12650,16,0.2540
12651,30,0.1158
12652,27,0.1481
12653,8,0.2078
12654,28,0.1355
12655,12,0.1326
12656,19,0.1311
12657,24,0.2574
12659,4,0.1432
12660,0,0.2475
12661,0,0.1028
12662,22,0.1647
12663,8,0.6121
12664,28,0.1409
12665,24,0.1972
12666,22,0.1920
12667,8,0.5991
12668,25,0.1335
12669,6,0.1429
12670,6,0.1032
12671,8,0.4775
12672,8,0.8234
12673,8,0.1383
12674,5,0.1308
12675,9,0.1799
12676,8,0.8170
12677,8,0.5078
12678,7,0.1420
12680,24,0.1855
12681,5,0.1487
12682,5,0.1620
12683,7,0.1400
12684,24,0.1628
12685,24,0.1399
12687,18,0.1865
12688,19,0.1370
12690,23,0.1215
12692,15,0.1363
12694,12,0.1085
12695,5,0.2037
12696,7,0.1330
12697,19,0.1423
12698,19,0.1720
12699,12,0.1476
12702,21,0.1283
12704,23,0.1708
12706,19,0.1402
12707,19,0.1537
12708,19,0.1270
12709,19,0.1611
12710,19,0.1666
12712,21,0.1317
12713,7,0.1149
12714,0,0.1315
12715,5,0.1428
12716,19,0.1629
12717,24,0.1435
12718,7,0.1272
12719,7,0.1168
12720,1,0.1937
12721,1,0.2934
12722,5,0.1263
12725,9,0.1148
12726,19,0.1233
12727,19,0.1332
12730,1,0.1038
12731,5,0.1575
12732,5,0.1628
12735,5,0.1550
12741,7,0.1149
12742,7,0.1553
12743,7,0.1216
12744,21,0.1239
12745,21,0.1177
12746,21,0.1134
12747,19,0.1069
12748,21,0.1116
12749,7,0.1779
12750,7,0.1444
12751,1,0.1398
12752,5,0.2810
12753,5,0.1250
12754,5,0.1986
12755,5,0.1540
12756,5,0.1398
12757,5,0.1925
12758,9,0.1560
12759,5,0.1030
12760,21,0.1125
12762,19,0.1537
12764,21,0.1196
12765,7,0.1543
12766,8,0.1242
12767,21,0.1281
12768,24,0.2004
12769,21,0.1301
12770,24,0.2923
12771,8,0.2316
12772,23,0.1511
12773,5,0.1159
12778,24,0.1508
12780,24,0.1281
12781,24,0.1082
12783,24,0.2596
12784,7,0.1348
12785,24,0.1971
12787,7,0.1914
12788,21,0.1145
12789,5,0.2138
12790,7,0.1970
12791,7,0.1579
12792,7,0.1577
12793,19,0.1944
12795,5,0.1618
12796,23,0.1122
12797,19,0.1646
12798,21,0.1088
12800,7,0.1601
12801,19,0.1564
12802,19,0.1099
12803,19,0.1834
12804,19,0.1211
12807,21,0.1538
12808,15,0.1252
12810,1,0.1175
12813,0,0.2241
12814,7,0.2464
12815,7,0.1560
12816,7,0.1065
12817,7,0.2262
12818,7,0.1616
12819,19,0.1719
12820,8,0.3907
12821,28,0.1647
12822,7,0.1940
12823,28,0.1154
12824,0,0.1901
12825,7,0.1586
12826,7,0.1794
12827,15,0.1195
12828,7,0.2520
12829,8,0.2360
12831,19,0.1363
12832,15,0.1361
12833,15,0.1956
12835,7,0.1806
12836,7,0.1986
12837,5,0.1345
12838,21,0.1543
12839,15,0.1744
12840,15,0.1039
12841,7,0.1082
12843,7,0.1165
12844,19,0.1757
12845,19,0.1643
12847,19,0.1407
12848,7,0.1776
12849,8,0.1430
12850,11,0.1952
12851,7,0.1416
12852,7,0.1523
12853,7,0.1874
12854,8,0.2441
12855,21,0.1667
12856,7,0.1849
12857,5,0.1893
12858,1,0.1581
12859,1,0.3592
12861,30,0.1661
12862,21,0.2419
12863,15,0.1479
12864,7,0.2359
12865,7,0.2356
12866,7,0.2425
12867,21,0.1490
12868,1,0.1795
12869,7,0.1318
12870,21,0.1314
12871,21,0.1638
12872,7,0.1736
12874,8,0.4092
12875,8,0.1063
12876,19,0.1767
12877,1,0.2207
12878,1,0.1369
12879,21,0.1914
12880,7,0.2259
12881,7,0.1729
12882,24,0.2218
12884,21,0.1493
12885,21,0.1721
12886,8,0.2781
12887,8,0.3723
12888,19,0.1273
12889,23,0.1620
12890,20,0.1068
12892,8,0.8237
12893,8,0.7294
12894,1,0.2720
12895,7,0.1811
12896,21,0.2146
12897,21,0.1079
12898,19,0.2350
12899,24,0.2277
12900,8,0.3167
12901,11,0.1322
12902,19,0.1520
12903,19,0.1357
12904,8,0.1773
12905,23,0.1119
12906,19,0.2053
12907,7,0.2040
12908,7,0.1377
12909,8,0.2783
12910,8,0.2346
12911,21,0.1435
12912,19,0.2041
12913,19,0.1835
12914,21,0.1231
12915,7,0.1503
12916,24,0.1144
12917,1,0.1316
12918,7,0.1276
12919,0,0.1731
12920,0,0.1149
12921,8,0.9596
12922,8,0.9999
12923,8,0.4425
12924,28,0.1606
12925,28,0.1663
12927,19,0.2375
12928,19,0.2049
12929,23,0.1326
12930,5,0.1880
12931,19,0.2452
12932,19,0.2260
12933,19,0.1703
12934,5,0.3373
12935,5,0.4116
12936,5,0.2243
12937,5,0.2853
12938,5,0.2890
12939,5,0.2175
12940,5,0.2427
12941,5,0.3081
12942,5,0.4377
12943,5,0.2518
12944,5,0.3937
12945,5,0.1710
12946,5,0.2897
12947,5,0.3145
12948,5,0.1686
12949,5,0.2431
12950,5,0.2135
12951,5,0.2980
12952,5,0.1994
12953,5,0.3092
12954,5,0.1554
12955,5,0.2881
12956,5,0.3093
12957,5,0.3019
12958,5,0.1835
12960,5,0.3840
12961,5,0.1777
12962,5,0.1554
12963,5,0.3218
12964,5,0.2817
12965,5,0.2474
12966,5,0.1481
12967,19,0.1617
12968,19,0.2338
12969,5,0.2641
12970,5,0.3155
12971,19,0.2156
12972,19,0.1445
12973,5,0.3093
12974,5,0.2002
12975,5,0.1833
12976,5,0.4393
12977,5,0.2800
12978,5,0.2318
12979,5,0.1675
12980,5,0.3335
12981,5,0.2117
12982,5,0.3015
12983,5,0.3364
12984,5,0.3663
12985,5,0.3002
12986,5,0.2766
12987,5,0.2315
12988,5,0.3073
12989,5,0.2655
12990,5,0.1845
12991,5,0.2609
12992,5,0.2933
12993,5,0.3250
12994,5,0.3204
12995,5,0.4096
12996,5,0.2732
12997,5,0.1591
12998,19,0.1488
12999,5,0.2902
13000,5,0.2634
13001,5,0.3687
13002,5,0.3501
13003,5,0.4428
13004,5,0.4465
13005,5,0.4906
13006,5,0.4379
13008,5,0.3290
13009,5,0.3554
13010,5,0.2885
13011,9,0.1926
13012,5,0.1573
13013,5,0.2323
13014,19,0.1279
13015,19,0.2550
13016,19,0.2739
13017,5,0.2460
13018,5,0.1043
13019,19,0.1611
13020,5,0.2609
13021,5,0.1739
13022,5,0.2959
13023,5,0.2690
13024,5,0.2817
13025,5,0.2010
13026,9,0.2042
13027,5,0.4203
13028,5,0.2944
13029,5,0.2270
13030,5,0.2721
13031,9,0.2628
13032,5,0.1871
13033,5,0.4396
13034,5,0.4498
13035,5,0.4174
13036,5,0.4436
13037,5,0.2565
13038,5,0.2339
13039,5,0.3695
13040,5,0.4090
13041,5,0.2801
13042,5,0.1551
13043,5,0.5329
13044,5,0.3986
13045,19,0.1921
13046,5,0.2373
13047,9,0.2172
13048,5,0.1610
13049,5,0.3394
13050,5,0.1816
13051,19,0.1404
13052,5,0.3132
13053,5,0.3821
13054,5,0.3614
13055,5,0.1977
13056,5,0.2049
13057,5,0.2362
13058,5,0.2369
13059,5,0.4029
13060,5,0.2444
13061,5,0.1887
13062,19,0.1307
13063,5,0.2825
13064,5,0.2314
13065,5,0.2073
13066,5,0.4255
13067,5,0.3094
13068,5,0.1348
13069,5,0.3262
13070,5,0.4596
13071,9,0.2343
13072,5,0.1763
13073,5,0.2072
13074,5,0.2625
13075,5,0.3661
13076,5,0.2242
13077,5,0.1767
13078,5,0.2102
13079,5,0.3985
13080,5,0.3219
13081,5,0.1564
13082,5,0.2740
13083,5,0.3626
13084,5,0.1872
13085,5,0.1414
13086,12,0.1529
13087,5,0.3018
13088,5,0.5164
13089,5,0.3476
13090,5,0.3285
13091,5,0.2790
13093,1,0.2413
13094,1,0.1988
13095,5,0.1887
13096,5,0.2296
13097,5,0.3557
13098,5,0.4096
13099,5,0.2535
13100,5,0.2540
13101,5,0.2413
13102,5,0.1814
13103,5,0.1487
13106,5,0.2952
13107,5,0.1643
13108,5,0.2805
13110,5,0.2571
13111,5,0.3333
13112,5,0.3285
13113,9,0.3759
13114,5,0.2817
13115,5,0.3557
13116,5,0.1780
13117,5,0.3607
13118,5,0.3179
13119,5,0.2323
13120,5,0.4287
13121,5,0.2644
13122,9,0.3408
13123,9,0.2686
13124,5,0.2122
13125,5,0.2471
13126,9,0.2300
13127,9,0.1757
13128,19,0.1465
13129,19,0.1807
13130,5,0.1406
13131,5,0.1474
13132,9,0.2190
13133,9,0.1771
13134,5,0.3897
13135,5,0.3046
13136,5,0.2241
13137,5,0.1334
13138,5,0.1230
13139,9,0.2273
13140,9,0.3156
13141,9,0.3100
13142,5,0.1879
13143,5,0.3047
13144,5,0.3940
13145,5,0.2888
13146,5,0.3830
13147,5,0.2098
13148,5,0.3377
13149,5,0.2119
13150,5,0.3862
13151,9,0.1673
13152,5,0.1519
13153,5,0.2480
13154,5,0.1496
13155,5,0.2379
13156,5,0.2625
13157,5,0.1895
13158,5,0.3227
13159,19,0.1453
13160,19,0.1877
13161,5,0.1614
13162,5,0.1833
13163,19,0.1297
13164,5,0.1222
13165,5,0.1326
13166,5,0.2041
13167,19,0.2630
13168,19,0.3229
13169,19,0.2664
13170,5,0.3299
13171,19,0.3023
13172,19,0.3280
13173,5,0.2473
13174,5,0.1505
13175,19,0.2462
13176,5,0.2183
13177,19,0.1796
13178,5,0.2359
13179,5,0.2938
13180,5,0.3217
13181,5,0.3857
13182,5,0.1960
13183,5,0.1598
13184,5,0.1723
13185,5,0.2407
13186,5,0.1323
13187,5,0.1987
13188,5,0.2959
13189,5,0.1452
13190,12,0.1315
13191,5,0.1262
13192,5,0.2104
13193,5,0.1539
13194,5,0.1390
13195,5,0.1099
13196,7,0.1437
13197,5,0.1873
13198,7,0.3049
13199,7,0.2195
13200,5,0.2334
13201,1,0.2065
13202,9,0.1469
13203,19,0.1814
13204,7,0.1842
13205,15,0.1464
13206,5,0.1461
13208,19,0.1916
13209,7,0.2182
13210,7,0.2911
13211,5,0.2175
13212,5,0.1769
13213,15,0.1632
13214,7,0.1447
13215,5,0.1100
13216,5,0.1715
13217,19,0.1273
13218,7,0.2231
13219,19,0.1303
13220,19,0.2029
13221,8,0.7910
13222,8,0.6672
13223,16,0.1810
13224,16,0.1581
13225,19,0.2390
13226,15,0.2977
13227,21,0.2724
13228,15,0.2133
13229,19,0.2628
13230,15,0.2125
13231,9,0.1572
13232,19,0.1968
13233,19,0.2469
13234,21,0.2706
13235,15,0.1268
13236,15,0.1392
13237,21,0.1405
13238,19,0.1363
13239,7,0.2289
13240,7,0.2877
13241,21,0.1805
13242,7,0.2014
13243,7,0.1884
13244,21,0.2637
13245,21,0.2085
13246,21,0.2075
13247,31,0.1495
13248,19,0.1560
13249,21,0.2418
13250,21,0.2712
13251,21,0.1568
13252,21,0.1069
13253,19,0.1763
13254,15,0.2278
13255,15,0.2155
13256,19,0.1199
13257,9,0.2236
13258,19,0.1504
13259,21,0.2472
13260,21,0.1353
13261,21,0.2790
13262,21,0.1984
13263,15,0.2205
13264,21,0.2324
13265,15,0.1579
13266,19,0.2940
13267,19,0.2441
13268,21,0.2764
13269,19,0.2123
13270,21,0.2581
13271,21,0.1813
13272,21,0.2565
13273,19,0.2222
13274,9,0.2147
13275,9,0.2583
13276,15,0.1891
13277,21,0.1277
13278,9,0.1928
13279,0,0.1240
13280,15,0.1414
13281,19,0.2727
13282,19,0.2487
13283,19,0.3023
13284,15,0.2033
13285,19,0.2563
13286,19,0.2468
13287,21,0.2052
13288,19,0.2078
13289,9,0.3270
13290,19,0.1743
13291,5,0.1426
13292,7,0.1579
13293,7,0.1333
13294,19,0.1442
13295,19,0.1654
13296,5,0.2074
13297,19,0.2311
13298,9,0.1855
13299,19,0.2110
13300,19,0.2038
13301,21,0.1937
13302,19,0.2028
13303,15,0.1872
13304,9,0.2131
13305,9,0.1895
13306,19,0.1908
13307,19,0.1442
13308,21,0.1769
13309,19,0.1726
13310,19,0.2052
13311,15,0.2193
13312,9,0.1766
13313,9,0.2066
13314,19,0.1641
13315,19,0.2692
13316,19,0.1885
13317,21,0.1932
13318,5,0.2128
13319,15,0.1881
13320,16,0.1458
13321,8,0.5932
13322,9,0.2067
13323,9,0.2682
13324,19,0.1696
13325,19,0.1927
13326,9,0.1643
13327,7,0.2226
13328,19,0.2477
13329,19,0.2294
13330,19,0.2274
13331,9,0.1588
13332,21,0.1801
13333,15,0.2198
13334,21,0.1489
13335,21,0.2870
13336,7,0.3338
13337,21,0.1424
13338,16,0.1575
13339,21,0.1628
13340,15,0.1921
13341,21,0.2049
13342,7,0.3047
13343,7,0.2476
13344,19,0.2234
13345,9,0.1595
13346,19,0.1741
13347,15,0.1545
13348,19,0.1457
13349,21,0.2639
13350,21,0.2321
13351,15,0.2123
13352,15,0.1900
13353,19,0.1916
13354,9,0.3242
13355,21,0.1268
13356,5,0.1974
13357,5,0.2240
13358,5,0.2784
13359,8,0.9608
13360,8,0.8250
13361,28,0.2200
13362,23,0.1124
13363,5,0.1534
13364,5,0.1381
13365,5,0.1173
13366,5,0.2822
13367,5,0.1840
13368,5,0.2161
13369,5,0.2967
13370,5,0.1906
13371,5,0.1984
13372,5,0.1496
13373,1,0.1153
13374,5,0.1133
13375,5,0.2346
13376,5,0.3088
13377,12,0.1221
13378,12,0.1757
13379,5,0.1320
13380,5,0.1599
13381,1,0.1560
13382,5,0.1694
13383,12,0.1477
13386,13,0.1090
13387,13,0.1082
13389,7,0.1081
13390,7,0.1070
13391,7,0.1137
13394,7,0.1058
13396,5,0.1424
13397,7,0.1270
13398,5,0.1499
13399,5,0.1257
13400,7,0.1089
13401,7,0.1317
13402,7,0.1864
13403,7,0.2153
13404,7,0.1302
13405,7,0.1252
13406,7,0.1207
13407,5,0.1222
13408,7,0.1288
13409,7,0.1264
13410,7,0.1118
13412,7,0.1166
13413,7,0.1155
13414,7,0.1122
13415,5,0.1139
13416,5,0.1194
13417,7,0.1051
13418,9,0.1253
13419,9,0.1503
13420,5,0.1308
13421,7,0.1305
13422,9,0.1664
13423,9,0.1902
13424,9,0.1469
13425,9,0.1152
13426,7,0.1132
13427,7,0.1144
13428,21,0.1524
13429,7,0.1168
13430,5,0.1244
13431,5,0.1325
13432,5,0.1211
13433,7,0.1130
13434,7,0.1082
13435,21,0.1041
13437,24,0.1477
13438,24,0.1373
13439,21,0.1383
13440,21,0.1411
13441,7,0.1082
13442,9,0.1142
13444,21,0.1323
13445,7,0.1189
13446,8,0.1388
13449,7,0.1086
13450,7,0.1142
13451,7,0.1488
13452,7,0.1452
13453,5,0.1377
13454,9,0.1221
13455,5,0.1521
13456,21,0.1276
13457,9,0.1457
13458,5,0.1501
13459,5,0.1865
13460,5,0.1316
13461,9,0.1623
13462,5,0.1392
13463,5,0.1468
13464,5,0.1380
13465,9,0.1282
13466,7,0.1358
13467,7,0.1496
13468,9,0.1094
13469,5,0.1182
13470,5,0.2098
13471,6,0.1037
13472,6,0.1072
13474,7,0.1111
13475,5,0.2089
13476,28,0.1050
13477,28,0.2140
13478,4,0.1771
13479,8,0.2998
13480,4,0.2170
13481,0,0.2219
13482,24,0.1492
13483,15,0.1255
13484,7,0.2011
13485,19,0.1206
13487,1,0.1090
13489,1,0.1739
13490,7,0.2684
13491,8,0.4464
13492,8,0.7260
13493,8,0.3201
13494,4,0.3638
13495,30,0.1248
13496,24,0.1489
13497,21,0.1610
13498,7,0.1848
13499,7,0.1645
13500,7,0.1678
13502,28,0.1989
13503,28,0.1622
13504,28,0.1537
13505,24,0.1978
13506,24,0.1399
13507,19,0.1368
13508,19,0.1600
13509,7,0.1502
13510,7,0.1747
13511,19,0.1211
13512,7,0.2020
13513,7,0.2081
13514,15,0.1212
13515,7,0.1222
13516,7,0.1628
13517,8,0.1466
13518,8,0.2327
13519,0,0.1339
13520,1,0.3148
13521,21,0.1803
13522,24,0.2600
13523,21,0.1931
13524,21,0.2376
13525,24,0.1644
13526,5,0.1224
13528,5,0.1029
13531,8,0.1378
13532,8,0.1844
13535,8,0.2016
13536,28,0.1366
13538,19,0.1086
13539,19,0.1160
13540,19,0.1268
13541,24,0.1343
13542,16,0.1942
13543,0,0.2351
13544,24,0.2903
13545,24,0.2071
13546,24,0.2781
13547,24,0.2111
13548,8,0.4246
13549,8,0.2248
13551,0,0.1714
13552,19,0.1068
13553,8,0.1440
13554,19,0.1675
13555,21,0.1584
13556,7,0.1560
13557,24,0.2219
13558,8,0.6848
13559,8,0.6392
13560,8,0.4301
13561,8,0.2343
13562,8,0.1717
13563,8,0.2656
13564,8,0.2383
13565,22,0.2786
13566,8,0.1989
13567,19,0.1312
13568,8,0.1407
13569,21,0.2480
13570,19,0.1385
13571,7,0.1559
13572,21,0.2374
13573,21,0.2398
13574,30,0.1152
13575,19,0.1061
13576,24,0.2867
13577,21,0.1542
13578,8,0.2144
13579,24,0.1845
13581,30,0.1986
13582,19,0.1147
13583,0,0.1613
13584,7,0.2010
13585,7,0.2302
13586,7,0.1939
13588,8,0.2115
13589,24,0.1931
13590,21,0.1703
13591,7,0.1478
13592,19,0.1584
13593,7,0.3445
13594,7,0.1738
13595,24,0.1651
13596,7,0.1211
13597,21,0.1463
13598,21,0.1040
13599,8,0.1746
13600,19,0.2078
13601,19,0.1297
13602,19,0.1187
13604,19,0.1248
13605,7,0.1663
13606,7,0.1501
13607,24,0.2091
13608,7,0.1231
13609,19,0.1438
13610,19,0.1737
13611,7,0.1712
13612,24,0.1617
13613,24,0.2569
13614,24,0.1768
13615,19,0.2045
13616,21,0.1608
13617,21,0.1428
13618,7,0.1718
13619,24,0.1538
13620,7,0.1699
13621,24,0.2307
13622,24,0.1932
13624,7,0.1174
13625,24,0.1926
13626,7,0.1838
13627,19,0.1636
13628,30,0.1503
13629,30,0.1364
13630,21,0.1314
13631,19,0.1118
13632,24,0.2367
13633,24,0.2228
13634,7,0.1184
13635,21,0.1052
13636,21,0.1985
13637,0,0.1902
13638,11,0.2916
13639,24,0.2790
13640,24,0.3748
13641,24,0.4259
13642,24,0.5545
13643,24,0.5429
13644,24,0.4944
13645,24,0.3978
13646,8,0.1642
13647,24,0.2823
13648,19,0.1942
13649,24,0.5651
13650,24,0.4723
13651,24,0.4073
13652,24,0.4122
13653,21,0.3025
13654,24,0.5618
13655,24,0.3099
13656,21,0.3225
13657,24,0.2231
13658,24,0.2323
13659,24,0.4238
13660,24,0.3744
13661,24,0.3543
13662,24,0.2307
13663,24,0.3545
13664,24,0.4917
13665,24,0.5100
13666,24,0.4005
13667,24,0.3671
13668,24,0.2127
13669,24,0.2312
13670,24,0.2392
13671,24,0.2650
13672,24,0.3581
13673,24,0.3967
13674,24,0.1718
13675,24,0.2198
13676,24,0.1597
13677,8,0.4219
13678,24,0.2178
13679,19,0.2420
13680,24,0.2071
13681,24,0.4003
13682,24,0.4305
13683,24,0.2486
13684,24,0.3063
13685,24,0.3927
13686,24,0.2140
13687,24,0.2069
13688,24,0.3692
13689,24,0.3825
13690,24,0.3042
13691,24,0.3858
13692,22,0.1858
13693,24,0.3598
13694,24,0.2502
13695,22,0.2041
13696,24,0.3362
13697,24,0.2096
13698,24,0.1688
13699,8,0.3865
13700,23,0.1773
13701,8,0.5445
13702,8,0.2345
13703,8,0.1551
13704,24,0.1861
13705,19,0.1753
13706,22,0.2273
13707,19,0.1582
13708,24,0.3852
13709,24,0.3205
13711,25,0.1418
13712,25,0.1137
13714,30,0.1368
13715,1,0.1654
13716,1,0.2888
13717,15,0.1344
13720,7,0.2154
13721,24,0.1774
13722,21,0.1640
13724,27,0.1124
13725,7,0.1251
13726,0,0.1193
13727,7,0.1671
13728,7,0.2564
13729,24,0.2192
13730,8,0.2032
13731,7,0.1340
13732,0,0.1550
13733,1,0.2272
13735,7,0.1243
13736,8,0.1764
13740,7,0.2195
13741,24,0.1535
13743,24,0.1266
13745,5,0.1384
13746,32,0.2311
13747,7,0.1281
13750,1,0.1042
13753,5,0.1654
13754,7,0.1760
13755,21,0.1264
13756,7,0.1187
13757,19,0.1074
13758,0,0.2682
13759,7,0.1903
13760,7,0.1387
13761,7,0.1242
13763,7,0.2248
13765,13,0.1233
13766,15,0.1878
13767,24,0.1329
13768,30,0.1690
13770,19,0.1338
13771,1,0.1161
13772,9,0.1030
13774,21,0.1177
13778,0,0.1424
13783,7,0.1159
13784,0,0.1251
13785,4,0.1341
13787,8,0.1237
13788,7,0.1167
13789,32,0.1866
13790,1,0.1677
13791,7,0.1360
13792,24,0.1745
13794,23,0.1582
13795,23,0.1227
13796,19,0.1602
13797,23,0.2040
13798,23,0.1621
13799,23,0.1198
13800,8,0.3172
13801,23,0.1709
13802,12,0.1667
13803,12,0.1782
13804,8,0.1026
13805,8,0.2700
13806,8,0.4120
13807,16,0.1557
13808,8,0.6210
13809,8,0.1918
13810,16,0.2504
13811,8,0.4155
13812,8,0.6080
13813,8,0.4348
13814,19,0.1756
13815,19,0.2257
13816,8,0.6225
13817,9,0.1985
13818,8,0.7689
13819,8,0.9408
13820,23,0.3066
13821,23,0.1442
13822,19,0.2201
13824,23,0.2008
13825,8,0.9470
13826,8,0.8217
13827,22,0.1369
13828,23,0.1494
13829,23,0.1078
13830,23,0.2125
13831,12,0.1441
13832,28,0.1510
13833,8,0.1793
13834,23,0.1407
13835,23,0.2179
13836,23,0.2048
13837,23,0.1176
13838,23,0.1515
13839,23,0.2557
13840,23,0.1496
13842,19,0.1796
13843,19,0.1771
13844,23,0.1072
13845,28,0.1577
13846,26,0.1490
13847,23,0.1026
13848,23,0.1462
13849,7,0.2357
13850,23,0.1577
13851,23,0.1245
13852,23,0.2194
13853,23,0.1987
13854,23,0.1751
13855,23,0.1251
13856,19,0.1648
13857,19,0.2129
13858,23,0.1400
13859,23,0.1212
13860,23,0.1557
13861,23,0.2020
13862,23,0.2278
13863,23,0.2094
13864,23,0.1668
13865,7,0.1485
13866,24,0.2076
13867,24,0.2486
13868,24,0.2716
13869,23,0.1164
13870,26,0.1173
13871,28,0.1768
13872,28,0.1596
13873,23,0.1689
13874,19,0.2051
13876,27,0.1794
13877,23,0.1955
13878,1,0.2164
13879,23,0.1232
13880,23,0.1638
13882,26,0.1305
13884,23,0.1500
13885,23,0.2186
13886,19,0.1202
13887,24,0.1243
13888,6,0.1158
13890,1,0.1027
13891,33,0.1485
13892,24,0.1399
13893,1,0.2366
13894,4,0.1267
13895,1,0.2439
13896,1,0.2862
13897,19,0.1276
13898,6,0.1098
13900,1,0.2824
13901,6,0.1171
13904,6,0.1257
13905,6,0.1257
13906,1,0.1201
13908,7,0.1147
13909,19,0.1564
13911,19,0.1235
13913,32,0.1349
13914,1,0.1653
13915,1,0.1456
13916,7,0.1782
13917,7,0.1583
13918,23,0.1164
13919,22,0.1878
13922,5,0.1089
13923,5,0.1447
13924,9,0.1891
13925,23,0.1064
13927,5,0.1106
13928,5,0.1332
13929,9,0.1548
13930,9,0.1796
13931,5,0.1123
13932,8,0.1390
13933,5,0.1460
13934,9,0.2245
13935,9,0.1567
13936,9,0.2160
13937,9,0.1632
13938,9,0.1930
13939,9,0.1119
13940,5,0.1734
13941,9,0.1610
13942,9,0.3047
13943,9,0.2625
13944,5,0.2672
13945,5,0.1871
13946,5,0.2268
13947,9,0.2532
13948,9,0.2339
13949,5,0.2342
13950,9,0.1237
13952,1,0.1996
13953,9,0.1252
13955,5,0.1152
13956,9,0.1355
13957,8,0.8837
13958,8,0.2090
13959,8,0.1816
13960,7,0.1056
13961,6,0.1104
13962,5,0.1334
13963,5,0.2596
13964,5,0.2252
13965,5,0.1968
13966,1,0.1156
13967,5,0.1952
13968,9,0.1612
13969,9,0.2196
13970,9,0.2497
13971,5,0.2441
13972,5,0.1248
13973,5,0.1560
13974,9,0.1955
13975,5,0.1843
13976,5,0.1790
13977,5,0.1835
13978,5,0.1948
13979,9,0.2167
13980,9,0.1832
13981,5,0.1596
13982,5,0.1744
13983,7,0.1214
13984,5,0.1273
13985,1,0.1430
13986,5,0.1281
13988,5,0.1122
13989,1,0.1522
13990,5,0.2047
13991,7,0.1673
13992,1,0.1899
13993,5,0.1177
13994,7,0.1850
13995,7,0.2100
13996,7,0.1399
13997,1,0.1167
13998,9,0.1810
13999,1,0.1478
14000,24,0.1123
14001,24,0.1131
14003,7,0.1944
14004,15,0.1525
14008,7,0.1594
14009,7,0.1179
14010,21,0.1252
14012,15,0.1490
14013,24,0.1451
14014,7,0.2228
14015,15,0.1369
14016,24,0.1917
14017,21,0.1046
14019,24,0.1236
14023,21,0.1147
14024,15,0.1430
14027,15,0.1628
14028,7,0.1447
14030,18,0.1485
14032,4,0.8715
14033,4,0.9562
14035,8,0.1120
14037,24,0.1124
14038,7,0.1169
14039,7,0.1657
14042,0,0.1215
14044,0,0.1850
14045,0,0.1423
14046,5,0.1129
14048,25,0.1077
14049,8,0.8359
14050,8,0.8920
14052,4,0.1042
14053,4,0.1444
14054,32,0.2243
14055,16,0.2974
14056,8,0.3523
14057,7,0.1637
14058,7,0.1545
14060,5,0.1281
14061,5,0.1199
14062,18,0.1977
14063,18,0.1259
14065,19,0.1145
14066,15,0.1170
14067,15,0.1708
14068,15,0.1632
14069,24,0.1394
14070,21,0.1357
14073,15,0.1320
14074,15,0.1539
14075,7,0.1067
14076,7,0.1100
14078,15,0.1571
14079,15,0.1703
14082,5,0.1474
14083,5,0.1172
14085,13,0.1048
14086,18,0.1490
14087,15,0.1278
14089,7,0.1792
14090,7,0.1423
14091,24,0.1174
14092,21,0.1440
14094,21,0.1104
14095,24,0.2968
14096,24,0.2869
14097,21,0.1333
14098,19,0.1392
14099,21,0.1780
14100,19,0.1436
14102,30,0.1726
14103,21,0.1959
14104,24,0.2261
14105,24,0.1723
14106,24,0.3512
14107,24,0.2835
14108,24,0.2811
14109,24,0.2006
14110,24,0.2893
14111,24,0.3120
14112,24,0.1445
14113,24,0.1879
14114,24,0.1818
14115,24,0.1073
14116,24,0.2087
14117,24,0.2016
14118,24,0.3190
14119,24,0.3033
14120,24,0.1692
14121,24,0.3464
14122,30,0.1414
14123,30,0.2930
14124,24,0.3022
14125,21,0.1999
14126,30,0.2636
14127,24,0.2762
14129,30,0.1883
14130,24,0.3957
14131,24,0.1851
14132,24,0.3729
14133,24,0.3162
14134,24,0.1948
14135,30,0.1470
14136,24,0.1877
14137,32,0.2391
14139,31,0.1159
14140,24,0.2436
14141,28,0.1381
14142,3,0.1326
14143,24,0.2035
14144,3,0.1526
14145,24,0.1604
14146,24,0.2356
14147,32,0.1782
14148,22,0.1203
14149,30,0.3020
14150,24,0.4381
14151,24,0.3133
14152,7,0.1283
14153,24,0.4042
14154,24,0.1710
14155,22,0.1067
14156,24,0.1213
14157,24,0.2316
14159,19,0.2511
14160,7,0.1569
14161,21,0.1669
14162,24,0.2898
14163,24,0.1206
14164,24,0.2394
14165,21,0.1529
14166,21,0.1521
14167,19,0.1179
14169,24,0.2191
14170,24,0.2120
14171,24,0.1741
14172,19,0.2062
14173,19,0.1473
14174,27,0.1573
14175,23,0.1187
14176,23,0.1087
14177,23,0.1928
14178,23,0.1770
14179,23,0.2259
14180,23,0.1384
14181,27,0.1314
14183,23,0.1174
14184,19,0.1776
14185,23,0.1032
14186,16,0.1326
14187,12,0.1340
14188,26,0.1340
14190,14,0.1195
14191,4,0.1230
14192,22,0.1459
14193,16,0.4223
14194,23,0.1353
14195,23,0.1533
14198,33,0.1252
14199,28,0.1659
14200,16,0.2331
14201,31,0.1847
14202,28,0.1419
14203,23,0.1752
14204,23,0.2102
14205,19,0.2932
14206,19,0.1675
14207,31,0.1439
14208,27,0.1331
14209,19,0.2262
14210,19,0.1740
14211,23,0.1416
14212,19,0.2137
14213,19,0.1379
14214,19,0.1436
14215,23,0.1611
14216,23,0.1784
14217,19,0.2126
14218,19,0.1809
14219,19,0.1391
14220,1,0.1293
14221,5,0.2028
14222,12,0.1297
14223,23,0.1182
14224,32,0.1414
14225,33,0.3292
14226,31,0.1068
14228,31,0.1219
14229,25,0.1501
14230,28,0.1563
14231,25,0.1765
14232,1,0.3417
14233,28,0.2485
14236,31,0.1124
14238,19,0.1400
14239,19,0.2257
14240,12,0.1048
14241,25,0.1628
14242,4,0.1084
14243,12,0.1312
14244,5,0.1519
14245,5,0.2886
14246,14,0.1182
14247,33,0.1667
14250,19,0.1475
14251,19,0.1365
14252,14,0.1305
14254,1,0.1915
14255,4,0.1061
14256,31,0.1041
14259,19,0.1190
14260,31,0.1450
14261,31,0.1406
14262,5,0.1989
14264,31,0.1170
14265,31,0.1462
14266,31,0.1155
14270,15,0.1266
14271,5,0.1156
14272,19,0.1494
14273,16,0.1076
14274,19,0.1047
14275,5,0.1570
14276,9,0.1156
14278,5,0.1246
14279,5,0.1220
14280,5,0.1512
14281,5,0.1885
14282,5,0.1254
14284,5,0.1216
14285,5,0.2077
14286,5,0.2285
14287,5,0.2360
14289,5,0.1437
14290,5,0.1470
14291,5,0.1174
14293,19,0.1044
14294,5,0.1284
14295,5,0.1823
14296,5,0.1147
14297,5,0.1196
14298,5,0.2307
14299,5,0.1293
14300,5,0.3005
14301,5,0.2502
14302,5,0.2098
14303,5,0.2612
14304,5,0.1535
14305,7,0.1292
14307,5,0.1587
14308,19,0.2286
14309,19,0.2057
14310,5,0.1699
14311,5,0.2812
14312,6,0.1158
14313,19,0.1612
14314,19,0.1955
14315,19,0.1579
14316,19,0.1963
14317,19,0.1129
14318,7,0.1540
14319,6,0.1149
14320,9,0.1329
14321,19,0.1095
14322,1,0.1235
14323,1,0.1106
14324,5,0.1796
14325,5,0.2090
14326,5,0.1662
14328,5,0.1299
14330,7,0.1162
14332,5,0.1106
14333,5,0.1640
14334,1,0.1472
14336,5,0.3096
14337,8,0.1397
14338,8,0.2765
14339,19,0.2111
14340,9,0.3019
14341,19,0.1261
14342,9,0.1648
14343,5,0.2088
14344,5,0.1550
14345,19,0.1596
14346,19,0.2733
14347,7,0.1842
14348,5,0.2543
14349,5,0.2715
14350,5,0.2252
14351,5,0.2422
14352,5,0.2146
14353,5,0.1460
14354,5,0.1471
14355,19,0.1508
14356,19,0.2457
14357,19,0.2097
14358,7,0.1512
14359,19,0.1486
14360,9,0.1061
14361,9,0.1315
14362,5,0.1535
14363,9,0.1739
14366,9,0.1396
14367,9,0.1560
14368,5,0.1353
14369,9,0.1530
14370,5,0.1200
14371,5,0.2144
14372,8,0.1802
14373,8,0.1632
14374,5,0.1936
14375,9,0.2462
14376,8,0.1479
14377,7,0.1163
14378,7,0.1558
14379,7,0.1427
14380,5,0.1661
14381,9,0.1462
14382,7,0.1641
14383,5,0.1139
14384,19,0.1244
14385,7,0.1595
14386,9,0.1167
14387,7,0.2101
14388,8,0.1200
14389,12,0.1613
14390,0,0.1379
14391,7,0.1291
14392,19,0.1215
14393,11,0.1208
14394,5,0.1576
14395,8,0.1348
14396,19,0.1088
14397,7,0.1397
14398,19,0.1223
14399,19,0.1832
14400,5,0.1950
14402,0,0.1871
14403,9,0.1512
14404,21,0.1325
14405,5,0.2054
14406,8,0.1589
14407,16,0.1486
14408,32,0.1433
14409,7,0.1168
14410,8,0.1342
14411,19,0.1435
14413,8,0.1226
14414,8,0.1877
14415,19,0.1215
14416,24,0.1754
14417,22,0.1061
14418,19,0.1480
14419,23,0.1440
14420,19,0.1584
14422,7,0.1241
14423,24,0.1949
14424,19,0.1289
14425,19,0.1276
14426,19,0.1189
14427,7,0.1661
14428,19,0.1323
14429,19,0.1893
14430,19,0.1172
14431,19,0.1732
14432,23,0.1032
14433,19,0.1116
14435,11,0.1130
14436,8,0.2200
14438,6,0.1207
14439,19,0.1358
14440,7,0.1291
14441,19,0.1430
14442,24,0.1207
14443,24,0.1392
14445,8,0.3566
14446,8,0.1226
14447,19,0.1594
14448,19,0.1694
14449,7,0.1421
14450,19,0.1597
14451,22,0.1763
14452,22,0.2021
14453,24,0.2360
14454,11,0.1800
14455,23,0.1506
14457,24,0.1544
14461,6,0.1294
14462,23,0.2029
14463,23,0.1607
14464,24,0.2609
14465,8,0.3367
14466,8,0.1798
14467,8,0.1333
14468,23,0.1252
14469,22,0.1589
14470,8,0.3337
14471,4,0.1348
14472,24,0.2151
14473,22,0.1856
14474,8,0.2128
14475,24,0.1855
14476,24,0.2073
14477,16,0.1558
14479,22,0.2093
14480,23,0.2096
14481,21,0.1846
14482,21,0.1502
14483,7,0.1419
14484,11,0.2275
14485,22,0.1292
14486,8,0.1527
14487,19,0.1905
14488,23,0.1105
14489,30,0.1864
14490,8,0.1556
14491,23,0.2723
14492,8,0.3237
14493,8,0.1530
14494,11,0.2055
14495,31,0.1327
14496,8,0.1321
14497,22,0.2058
14498,24,0.1351
14499,22,0.2267
14500,8,0.1520
14501,24,0.1585
14502,24,0.2787
14503,24,0.1417
14504,24,0.1886
14505,19,0.1932
14506,23,0.1835
14507,20,0.1987
14508,24,0.2538
14509,24,0.3756
14510,22,0.1854
14511,23,0.1725
14512,7,0.1121
14513,23,0.1986
14514,8,0.3158
14515,24,0.2333
14516,19,0.1603
14517,24,0.1791
14518,24,0.2138
14519,7,0.1477
14520,7,0.1392
14521,24,0.1610
14525,0,0.1516
14526,25,0.1599
14528,16,0.1069
14529,13,0.1269
14531,0,0.1413
14532,25,0.1311
14533,5,0.1297
14534,24,0.1056
14536,0,0.1042
14539,15,0.1293
14540,15,0.1192
14543,5,0.1077
14545,8,0.2928
14546,8,0.6322
14549,5,0.1109
14550,5,0.1410
14552,7,0.2259
14553,7,0.1390
14555,24,0.1148
14556,8,0.1774
14557,4,0.1369
14559,21,0.1176
14560,7,0.1080
14563,0,0.1667
14564,0,0.2321
14566,16,0.1140
14567,0,0.1273
14569,24,0.1177
14570,24,0.1182
14573,7,0.2860
14574,7,0.2393
14575,24,0.1069
14576,24,0.1050
14577,24,0.2092
14578,30,0.1762
14579,30,0.1287
14581,0,0.1861
14582,0,0.1994
14584,15,0.1295
14587,21,0.1556
14588,7,0.1472
14590,24,0.1141
14591,30,0.1151
14592,11,0.2212
14594,29,0.1084
14595,16,0.1401
14596,30,0.1727
14598,0,0.1111
14599,5,0.1615
14600,21,0.1266
14601,0,0.1193
14602,7,0.1436
14603,21,0.1249
14604,7,0.1939
14605,7,0.1219
14606,29,0.1131
14607,16,0.3780
14608,8,0.3160
14609,29,0.1039
14610,30,0.1153
14611,0,0.2823
14612,7,0.2370
14613,21,0.1484
14614,7,0.2998
14615,7,0.2807
14616,21,0.1638
14617,7,0.2221
14618,24,0.5541
14619,8,0.2776
14620,8,0.3940
14621,24,0.1995
14622,24,0.1402
14623,21,0.1182
14624,24,0.1108
14625,24,0.2263
14627,28,0.1240
14628,30,0.1328
14629,7,0.1761
14630,24,0.2597
14632,8,0.6496
14633,0,0.1439
14635,24,0.1765
14636,24,0.2516
14637,24,0.2506
14638,24,0.1856
14639,24,0.3131
14640,24,0.1655
14641,21,0.1092
14642,7,0.1970
14643,8,0.3058
14644,8,0.4103
14645,24,0.1289
14646,21,0.1410
14647,24,0.1071
14648,22,0.1025
14651,24,0.2165
14652,19,0.1416
14654,21,0.1359
14655,21,0.1338
14656,24,0.2127
14657,7,0.2207
14658,25,0.1483
14659,21,0.1140
14660,24,0.1744
14661,22,0.1405
14662,8,0.2670
14663,7,0.1966
14664,7,0.1454
14665,24,0.1197
14667,8,0.1248
14668,24,0.2056
14669,21,0.1625
14670,21,0.1980
14672,0,0.1818
14673,21,0.1475
14674,21,0.1819
14675,22,0.1272
14676,8,0.3097
14677,24,0.2250
14678,24,0.2560
14679,24,0.5562
14680,20,0.1640
14681,6,0.1394
14682,24,0.1558
14683,21,0.1320
14684,24,0.2102
14685,22,0.2038
14686,30,0.1384
14687,7,0.2165
14688,21,0.1525
14689,24,0.4965
14690,24,0.4598
14691,7,0.2579
14692,7,0.1469
14693,24,0.3413
14694,24,0.3791
14695,24,0.4186
14696,7,0.1686
14697,21,0.1396
14698,24,0.2402
14699,24,0.3154
14700,7,0.1484
14702,24,0.1967
14703,21,0.2336
14704,24,0.2063
14705,22,0.1677
14706,22,0.1494
14707,24,0.2673
14708,24,0.1413
14709,24,0.1806
14710,24,0.2374
14711,24,0.3554
14712,24,0.3439
14713,24,0.6576
14714,24,0.5816
14715,24,0.6067
14716,23,0.1664
14717,8,0.3907
14718,19,0.2592
14719,19,0.2388
14720,23,0.2576
14721,24,0.3565
14722,24,0.4135
14723,24,0.2675
14724,24,0.5135
14725,24,0.3718
14726,24,0.2710
14727,24,0.2426
14728,24,0.1907
14729,24,0.2381
14730,24,0.2703
14731,24,0.3145
14732,24,0.4756
14733,24,0.3710
14734,24,0.2582
14735,24,0.4806
14736,24,0.1541
14737,24,0.2290
14738,24,0.2517
14739,24,0.2650
14740,24,0.3373
14741,24,0.4423
14742,22,0.3406
14743,24,0.1844
14744,24,0.3265
14745,24,0.2504
14746,21,0.2070
14747,21,0.2461
14748,19,0.1448
14749,24,0.3091
14750,24,0.1731
14751,24,0.4095
14752,22,0.1768
14753,16,0.2850
14754,8,0.1791
14755,23,0.2606
14756,22,0.2672
14757,23,0.1446
14758,24,0.1363
14759,24,0.4546
14760,24,0.4048
14761,24,0.3011
14762,23,0.1643
14763,23,0.2936
14764,8,0.2032
14765,8,0.2096
14766,8,0.2395
14767,20,0.1789
14768,20,0.2677
14769,24,0.3361
14770,24,0.5042
14771,24,0.3985
14772,24,0.2313
14773,24,0.2444
14774,24,0.3749
14775,24,0.5846
14776,24,0.3297
14777,19,0.1837
14778,19,0.2187
14779,19,0.1671
14780,23,0.2425
14781,23,0.2323
14782,24,0.1759
14783,23,0.2262
14784,23,0.2493
14785,23,0.2059
14786,24,0.1881
14787,23,0.2015
14788,23,0.1746
14789,6,0.1521
14790,24,0.1312
14791,24,0.2761
14792,24,0.3566
14793,24,0.3121
14794,10,0.2530
14795,10,0.2641
14796,24,0.2708
14797,24,0.1647
14798,19,0.2872
14799,19,0.2925
14800,16,0.2276
14801,23,0.2623
14802,8,0.2528
14803,22,0.3389
14804,20,0.2194
14805,8,0.2144
14806,24,0.1693
14807,19,0.1593
14808,24,0.1931
14809,24,0.3574
14810,24,0.2975
14811,24,0.2555
14812,22,0.2089
14813,23,0.2652
14814,23,0.2203
14815,23,0.2828
14816,23,0.2101
14817,16,0.3590
14818,16,0.3008
14819,20,0.2413
14820,22,0.2038
14821,16,0.2010
14822,23,0.2669
14823,24,0.1854
14824,24,0.2845
14825,21,0.3205
14826,16,0.2399
14827,16,0.2743
14828,9,0.2448
14829,9,0.3695
14830,9,0.3185
14831,9,0.3531
14832,9,0.3019
14833,9,0.3474
14834,9,0.3406
14835,9,0.1832
14836,9,0.2729
14837,9,0.4012
14838,9,0.2900
14839,9,0.3244
14840,9,0.2974
14841,9,0.2917
14842,9,0.1702
14843,9,0.1325
14844,5,0.1328
14846,8,0.2117
14847,9,0.1581
14848,9,0.2920
14849,8,0.2792
14850,8,0.2228
14851,9,0.2029
14852,8,0.1484
14853,9,0.1190
14854,5,0.1382
14855,9,0.1578
14856,7,0.1172
14857,5,0.1089
14858,16,0.1221
14859,9,0.2350
14860,9,0.2906
14861,9,0.1971
14862,9,0.1980
14863,9,0.1112
14864,8,0.2415
14865,9,0.2129
14866,5,0.1775
14867,9,0.2048
14868,5,0.1485
14869,21,0.1394
14870,9,0.1670
14871,8,0.1598
14872,9,0.1787
14873,8,0.1232
14874,8,0.1586
14875,5,0.1397
14876,9,0.1405
14878,9,0.1516
14879,9,0.3982
14880,8,0.4828
14881,9,0.1886
14882,9,0.2923
14883,9,0.3233
14884,9,0.2686
14885,7,0.2175
14886,9,0.2216
14887,9,0.2582
14888,8,0.2467
14889,9,0.2598
14890,5,0.2013
14891,9,0.2606
14892,9,0.2869
14893,16,0.4962
14894,16,0.5015
14895,8,0.2852
14896,9,0.3334
14897,9,0.1723
14898,9,0.1458
14899,9,0.1793
14900,9,0.1661
14901,9,0.1427
14902,8,0.3719
14903,9,0.2413
14904,7,0.1522
14905,5,0.1922
14906,5,0.2407
14907,5,0.1400
14908,9,0.1460
14909,9,0.1357
14910,7,0.1213
14911,9,0.1184
14912,9,0.2518
14913,9,0.1533
14914,8,0.1217
14915,21,0.1913
14916,21,0.1588
14917,8,0.2215
14918,8,0.1833
14919,5,0.1348
14920,16,0.1319
14921,9,0.2277
14922,5,0.1598
14923,9,0.1301
14924,9,0.1252
14925,5,0.2489
14926,9,0.1314
14927,5,0.1724
14928,9,0.1336
14929,5,0.1211
14931,8,0.1370
14932,9,0.1726
14933,24,0.1688
14934,24,0.2695
14935,10,0.2990
14936,23,0.2010
14937,19,0.1819
14938,8,0.2121
14939,8,0.2801
14940,8,0.3123
14941,8,0.4370
14942,8,0.1908
14943,9,0.1500
14944,21,0.1976
14945,8,0.5268
14946,23,0.1687
14947,24,0.3117
14948,24,0.2712
14949,24,0.2918
14950,24,0.2144
14951,20,0.2057
14952,23,0.2042
14953,24,0.3786
14954,24,0.3084
14955,24,0.1947
14956,23,0.1866
14957,8,0.2161
14958,19,0.2653
14959,21,0.1321
14960,24,0.2393
14961,23,0.1783
14962,8,0.1830
14963,7,0.2932
14964,21,0.2239
14965,24,0.3681
14966,24,0.2775
14967,24,0.2301
14968,21,0.1779
14969,24,0.1552
14970,7,0.3258
14971,24,0.3923
14972,24,0.2972
14973,7,0.2217
14974,7,0.1984
14975,7,0.1624
14976,8,0.1133
14977,23,0.1396
14978,23,0.2129
14979,8,0.2456
14980,8,0.5466
14981,8,0.2402
14982,21,0.1778
14983,24,0.2777
14984,7,0.1991
14985,21,0.2204
14986,23,0.2020
14987,21,0.1970
14988,21,0.3733
14989,24,0.2041
14990,23,0.1950
14991,8,0.1763
14992,23,0.1548
14993,8,0.5567
14994,8,0.9081
14995,8,0.5980
14996,8,0.6074
14997,8,0.3867
14998,8,0.2743
14999,23,0.2864
15000,23,0.1995
15001,23,0.2151
15002,23,0.1801
15003,23,0.1691
15004,23,0.1696
15005,21,0.1434
15006,10,0.1564
15007,23,0.1467
15008,24,0.2359
15009,8,0.2124
15010,9,0.2444
15011,9,0.2517
15012,8,0.2817
15013,24,0.2098
15014,7,0.1993
15015,23,0.1524
15016,24,0.1981
15017,21,0.1720
15018,24,0.2461
15019,24,0.2247
15020,24,0.2827
15021,24,0.4333
15022,24,0.3134
15023,24,0.2976
15024,24,0.6379
15025,24,0.6172
15026,24,0.3302
15027,24,0.2760
15028,24,0.2162
15029,7,0.1858
15030,7,0.2609
15031,7,0.1335
15032,8,0.5903
15033,9,0.3726
15034,9,0.4121
15035,7,0.1581
15036,19,0.2977
15037,23,0.2425
15038,23,0.2364
15039,23,0.2762
15040,8,0.2215
15041,9,0.2885
15042,7,0.1797
15043,24,0.3073
15044,24,0.2465
15045,7,0.1972
15046,24,0.3166
15047,24,0.2231
15048,24,0.2919
15049,7,0.1467
15050,7,0.1807
15051,7,0.1230
15052,8,0.1631
15053,24,0.1907
15054,24,0.2308
15055,24,0.2066
15056,23,0.2251
15057,8,0.2536
15058,23,0.3171
15059,8,0.2009
15060,24,0.3136
15061,23,0.2480
15062,23,0.1826
15063,24,0.3524
15064,21,0.1426
15065,21,0.2547
15066,8,0.2500
15067,23,0.2158
15068,8,0.3469
15069,23,0.1917
15070,19,0.1542
15071,23,0.1353
15072,8,0.3921
15073,8,0.3134
15074,16,0.2880
15075,23,0.2578
15076,23,0.2642
15077,19,0.2399
15078,7,0.2196
15079,9,0.2563
15080,16,0.2120
15081,24,0.3360
15082,16,0.2937
15083,23,0.1988
15084,9,0.3457
15085,9,0.2718
15086,9,0.4694
15087,9,0.3761
15088,19,0.1869
15089,9,0.3880
15090,9,0.4546
15091,8,0.2201
15092,9,0.2938
15093,9,0.5536
15094,9,0.1578
15095,23,0.1917
15096,23,0.2028
15097,9,0.1935
15098,8,0.2071
15099,8,0.1389
15100,19,0.1829
15101,19,0.1924
15102,19,0.1534
15103,5,0.2425
15104,19,0.1364
15105,19,0.1691
15106,19,0.1167
15107,11,0.1346
15108,9,0.1373
15109,9,0.2586
15110,9,0.2589
15111,23,0.1545
15112,8,0.1719
15113,8,0.3006
15114,8,0.4496
15115,8,0.2294
15116,8,0.1672
15117,23,0.1840
15118,10,0.1355
15119,19,0.1396
15120,9,0.1230
15121,7,0.1602
15122,9,0.2243
15123,9,0.2432
15124,8,0.4667
15125,8,0.1982
15126,8,0.3265
15127,9,0.2279
15128,19,0.1961
15129,8,0.3768
15130,9,0.4798
15131,9,0.4598
15132,9,0.2556
15133,8,0.2997
15134,19,0.2155
15135,23,0.3504
15136,23,0.3190
15137,8,0.3421
15138,8,0.3747
15139,23,0.3666
15140,16,0.3779
15141,19,0.2129
15142,19,0.2262
15143,7,0.2156
15144,7,0.2572
15145,7,0.1858
15146,7,0.2749
15147,21,0.1142
15148,8,0.1834
15149,8,0.1301
15150,5,0.2064
15151,8,0.1226
15152,9,0.1481
15153,8,0.1371
15154,19,0.1230
15155,9,0.2613
15156,19,0.1668
15157,10,0.1516
15158,10,0.1738
15159,7,0.1779
15160,7,0.2121
15161,8,0.1225
15162,10,0.1874
15163,8,0.1460
15164,9,0.1657
15165,9,0.2164
15166,19,0.2024
15167,19,0.1861
15168,9,0.2421
15169,8,0.4220
15170,9,0.2420
15171,19,0.1813
15172,5,0.2598
15173,10,0.1133
15174,10,0.1786
15175,5,0.1790
15176,7,0.1172
15177,8,0.1163
15178,19,0.2295
15179,19,0.1242
15180,7,0.1102
15181,8,0.1438
15182,16,0.2853
15183,9,0.4490
15184,19,0.1111
15185,23,0.1537
15186,4,0.3490
15187,8,0.4363
15188,9,0.2162
15189,16,0.2068
15190,16,0.2893
15191,16,0.1087
15192,12,0.1034
15193,16,0.1973
15194,9,0.3548
15195,8,0.7471
15196,16,0.4019
15197,15,0.1758
15198,18,0.1278
15199,19,0.1384
15200,8,0.3950
15201,8,0.2239
15202,8,0.2577
15203,9,0.2974
15204,9,0.1935
15205,8,0.1511
15206,8,0.2334
15207,9,0.1892
15208,9,0.2732
15209,9,0.3150
15210,9,0.2757
15211,9,0.3897
15212,9,0.3617
15213,8,0.2463
15214,19,0.1463
15215,5,0.2094
15216,5,0.2864
15217,8,0.1785
15218,8,0.4587
15219,8,0.2782
15220,19,0.2124
15221,23,0.1894
15223,9,0.1901
15224,23,0.1627
15225,9,0.2261
15226,8,0.3365
15227,9,0.2508
15228,10,0.1029
15229,8,0.3746
15230,8,0.1622
15231,19,0.1644
15232,19,0.1608
15233,5,0.2745
15234,5,0.1379
15235,8,0.2448
15236,9,0.2747
15237,9,0.2791
15238,9,0.3317
15239,8,0.6799
15240,8,0.3348
15241,8,0.4615
15242,8,0.5651
15243,8,0.2331
15244,8,0.4071
15245,8,0.1766
15246,8,0.3887
15247,8,0.2200
15248,22,0.1846
15249,8,0.2794
15250,23,0.2174
15251,28,0.1594
15252,23,0.1470
15253,27,0.1703
15254,28,0.2787
15255,8,0.2283
15256,28,0.1833
15257,10,0.1708
15258,19,0.1799
15259,6,0.1414
15260,8,0.1717
15261,23,0.1471
15262,23,0.1820
15263,16,0.1491
15265,8,0.3000
15266,7,0.2015
15267,19,0.1386
15268,5,0.1465
15269,19,0.1310
15271,5,0.1084
15272,21,0.1167
15273,7,0.1229
15274,32,0.1290
15275,15,0.1153
15276,21,0.1213
15277,7,0.1538
15278,7,0.1705
15280,19,0.1411
15281,19,0.2238
15283,24,0.1547
15284,24,0.2091
15285,24,0.1681
15286,19,0.1642
15287,22,0.1495
15288,8,0.2186
15289,19,0.2171
15290,21,0.1479
15291,24,0.1876
15292,21,0.1321
15293,19,0.1160
15294,24,0.1960
15295,21,0.1699
15296,8,0.1082
15297,19,0.1613
15298,24,0.2419
15300,20,0.1981
15301,30,0.1359
15302,19,0.1066
15303,19,0.2431
15304,24,0.1599
15305,8,0.2118
15306,24,0.1452
15307,24,0.1320
15308,24,0.2322
15309,24,0.3983
15310,24,0.2482
15311,24,0.2542
15312,24,0.2506
15313,24,0.2887
15314,24,0.4920
15315,24,0.3308
15316,24,0.2990
15317,19,0.2067
15318,24,0.2576
15319,24,0.1333
15320,23,0.1327
15321,19,0.1651
15322,21,0.1725
15323,7,0.1724
15324,23,0.1962
15325,7,0.1825
15326,19,0.1665
15327,22,0.1093
15328,24,0.3465
15329,24,0.1854
15330,7,0.2395
15331,19,0.1045
15332,28,0.1794
15333,24,0.1693
15334,24,0.1794
15335,24,0.1781
15336,19,0.1063
15337,7,0.2613
15338,7,0.2092
15339,19,0.1561
15340,19,0.2283
15341,24,0.3541
15342,24,0.1683
15343,19,0.1705
15344,24,0.1950
15345,8,0.2345
15346,19,0.1379
15347,19,0.1488
15348,19,0.1082
15349,5,0.1296
15350,7,0.1382
15351,23,0.1806
15352,23,0.2581
15353,23,0.2495
15354,23,0.2084
15355,19,0.1651
15356,19,0.2096
15357,23,0.1547
15358,23,0.1897
15359,19,0.1395
15360,19,0.1574
15361,19,0.1841
15362,5,0.1989
15363,5,0.1168
15364,19,0.1511
15365,19,0.1581
15366,19,0.2104
15367,19,0.1665
15368,19,0.1439
15369,9,0.2487
15370,5,0.1518
15371,19,0.1609
15372,6,0.1180
15373,5,0.1977
15374,5,0.3072
15375,5,0.2114
15376,5,0.2825
15377,9,0.3343
15378,9,0.3341
15379,5,0.3100
15380,5,0.3756
15381,19,0.1856
15382,9,0.2050
15383,9,0.2941
15384,5,0.2126
15385,19,0.1800
15386,5,0.1571
15387,5,0.2549
15388,5,0.2480
15389,5,0.2258
15390,5,0.2837
15391,19,0.2197
15392,5,0.1970
15393,9,0.1825
15394,9,0.1945
15395,5,0.2495
15396,5,0.2155
15397,19,0.1646
15398,19,0.2062
15399,19,0.1936
15400,5,0.2979
15401,5,0.2695
15402,5,0.2559
15403,9,0.1983
15404,5,0.2761
15405,19,0.1839
15406,5,0.2446
15407,5,0.2059
15408,19,0.1565
15409,19,0.1028
15410,8,0.6921
15411,8,0.7174
15412,19,0.1058
15413,7,0.1359
15414,19,0.1664
15415,23,0.1751
15416,21,0.1863
15417,24,0.2166
15418,24,0.1083
15419,22,0.1168
15420,22,0.1274
15421,31,0.1607
15422,21,0.2117
15423,19,0.1770
15424,24,0.1145
15426,23,0.1085
15427,19,0.1081
15428,19,0.2750
15429,8,0.1676
15431,19,0.2909
15432,22,0.1589
15433,22,0.2086
15434,23,0.2301
15435,19,0.1997
15436,7,0.1529
15437,1,0.1531
15438,9,0.4593
15439,19,0.1378
15441,19,0.1337
15442,23,0.1701
15443,19,0.2398
15444,19,0.1876
15445,19,0.2419
15446,19,0.1698
15447,1,0.2143
15448,5,0.1439
15449,5,0.2349
15450,19,0.1906
15451,19,0.1667
15452,7,0.1469
15453,5,0.2023
15454,6,0.1443
15455,5,0.1884
15456,5,0.2550
15458,5,0.1469
15459,9,0.1576
15460,9,0.3001
15461,9,0.1673
15462,5,0.2330
15463,5,0.3056
15464,5,0.1525
15465,1,0.1124
15466,5,0.2727
15467,1,0.2295
15468,1,0.1042
15469,5,0.2076
15470,5,0.2178
15471,5,0.2533
15472,5,0.1231
15473,7,0.1719
15474,1,0.1065
15475,5,0.3352
15476,19,0.1136
15477,7,0.1508
15478,5,0.2267
15479,19,0.1428
15480,5,0.2629
15481,1,0.1411
15482,5,0.1526
15483,1,0.1835
15484,5,0.1608
15485,5,0.3652
15486,5,0.3179
15487,5,0.2378
15488,5,0.1292
15489,5,0.2701
15490,5,0.2543
15491,7,0.3374
15492,7,0.2067
15493,5,0.1962
15494,1,0.3682
15495,5,0.2015
15496,5,0.1888
15497,5,0.1318
15498,19,0.1109
15499,19,0.1821
15500,8,0.9767
15501,8,0.9860
15502,28,0.2102
15503,28,0.1855
15504,23,0.1866
15506,31,0.1300
15508,7,0.1766
15509,19,0.1203
15510,31,0.1105
15511,1,0.1345
15513,32,0.1483
15514,19,0.1108
15515,19,0.2084
15516,31,0.1053
15518,19,0.1433
15519,1,0.1738
15520,1,0.1390
15522,23,0.1188
15523,1,0.1946
15524,1,0.1299
15525,24,0.1210
15526,32,0.1403
15527,7,0.1675
15528,19,0.1821
15529,23,0.1347
15530,33,0.1979
15531,1,0.1838
15533,3,0.1093
15535,1,0.1265
15536,33,0.1176
15537,1,0.3761
15538,1,0.3423
15539,32,0.1973
15540,23,0.1742
15542,33,0.2577
15543,8,0.3837
15544,8,0.9649
15545,8,0.9977
15546,8,0.9735
15547,8,0.9878
15548,8,0.3643
15549,15,0.2540
15550,15,0.2820
15551,5,0.2141
15552,7,0.1615
15553,19,0.1811
15554,7,0.2439
15555,7,0.1724
15556,5,0.1602
15557,7,0.1985
15558,7,0.1792
15559,7,0.2369
15560,7,0.2440
15561,5,0.2215
15562,5,0.3137
15563,5,0.2606
15564,5,0.3094
15565,5,0.3192
15566,5,0.2106
15567,5,0.2681
15568,5,0.3011
15569,5,0.2740
15570,5,0.3590
15571,5,0.2249
15572,5,0.2389
15573,5,0.2474
15574,7,0.2426
15575,5,0.3490
15576,5,0.3574
15577,5,0.3298
15578,7,0.2673
15579,7,0.2511
15580,5,0.3516
15581,7,0.1600
15582,5,0.2283
15583,7,0.2273
15584,5,0.3167
15585,5,0.3558
15586,5,0.2181
15587,7,0.1571
15588,5,0.2388
15589,5,0.1779
15590,7,0.2696
15591,7,0.2525
15592,5,0.3723
15593,5,0.3051
15594,5,0.2527
15595,19,0.2049
15596,7,0.2106
15597,7,0.2828
15598,7,0.3052
15599,7,0.2619
15600,5,0.2521
15601,5,0.2720
15602,5,0.2029
15603,7,0.1790
15604,5,0.3104
15605,5,0.2884
15606,7,0.2670
15607,7,0.2595
15608,5,0.2851
15609,5,0.3114
15610,7,0.2182
15611,7,0.2856
15612,7,0.3080
15613,7,0.2767
15614,7,0.2269
15615,5,0.3113
15616,5,0.2108
15617,5,0.2253
15618,7,0.3054
15619,5,0.2314
15620,5,0.2481
15621,5,0.2025
15622,5,0.2118
15623,5,0.2233
15624,5,0.2998
15625,5,0.2631
15626,5,0.3041
15627,5,0.2329
15628,5,0.2962
15629,5,0.2706
15630,5,0.3768
15631,5,0.2419
15632,7,0.1534
15633,5,0.2234
15634,5,0.3121
15635,7,0.2622
15636,5,0.3592
15637,7,0.2635
15638,7,0.2011
15639,7,0.2538
15640,7,0.2923
15641,5,0.2555
15642,7,0.2820
15643,5,0.2634
15644,5,0.3784
15645,5,0.3470
15646,5,0.2190
15647,5,0.2913
15648,5,0.2695
15649,5,0.2628
15650,7,0.2070
15651,5,0.2502
15652,7,0.1923
15653,5,0.2070
15654,5,0.3849
15655,5,0.2971
15656,5,0.3913
15657,5,0.2916
15658,5,0.2661
15659,5,0.4381
15660,5,0.2247
15661,5,0.2865
15662,5,0.3017
15663,5,0.1837
15664,5,0.3978
15665,5,0.2736
15666,5,0.3058
15667,5,0.4074
15668,5,0.2964
15669,5,0.2463
15670,5,0.2981
15671,5,0.2604
15672,5,0.2524
15673,5,0.2345
15674,5,0.3461
15675,5,0.2299
15676,5,0.3510
15677,5,0.2738
15678,5,0.2551
15679,5,0.2932
15680,5,0.2414
15681,5,0.2792
15682,5,0.3147
15683,5,0.2712
15684,5,0.1937
15685,5,0.2406
15686,5,0.3412
15687,5,0.2942
15688,5,0.3191
15689,5,0.2252
15690,5,0.2304
15691,5,0.1885
15692,7,0.1960
15693,5,0.2183
15694,5,0.2368
15695,5,0.2955
15696,5,0.2851
15697,5,0.2241
15698,5,0.2926
15699,5,0.3106
15700,5,0.3629
15701,5,0.3005
15702,5,0.2680
15703,7,0.1141
15704,24,0.1044
15705,7,0.1259
15706,21,0.1328
15707,7,0.1300
15713,9,0.1887
15714,9,0.2703
15715,9,0.4585
15716,16,0.2308
15717,8,0.1854
15718,9,0.3811
15719,9,0.4498
15720,9,0.5087
15721,9,0.2748
15722,16,0.2879
15723,9,0.3544
15724,9,0.4142
15725,9,0.3651
15726,9,0.2254
15727,9,0.3152
15728,9,0.5218
15729,9,0.1588
15730,9,0.2036
15731,5,0.2553
15732,5,0.3552
15733,9,0.2033
15734,9,0.4118
15735,9,0.1845
15736,5,0.1919
15737,8,0.2105
15738,5,0.1532
15739,5,0.1673
15740,9,0.2829
15741,19,0.1561
15742,9,0.2609
15743,9,0.5441
15744,9,0.7050
15745,9,0.3159
15746,8,0.3057
15747,8,0.2207
15748,8,0.6826
15749,8,0.5167
15750,9,0.4166
15751,16,0.2870
15752,8,0.5053
15753,23,0.2381
15754,4,0.5641
15755,4,0.4057
15756,28,0.2214
15757,9,0.4199
15758,9,0.1821
15759,9,0.3401
15760,9,0.3702
15761,9,0.4902
15762,7,0.1752
15763,5,0.2582
15764,8,0.2460
15765,23,0.1436
15766,8,0.2085
15767,8,0.3998
15768,8,0.3141
15769,23,0.2814
15770,8,0.5222
15771,8,0.4668
15772,10,0.2608
15773,23,0.1624
15774,19,0.1560
15775,9,0.3923
15776,9,0.4021
15777,8,0.3255
15778,8,0.6032
15779,8,0.3144
15780,9,0.5412
15781,9,0.2291
15782,9,0.3848
15783,9,0.3468
15784,23,0.2189
15785,23,0.1258
15786,8,0.5453
15787,28,0.3901
15788,28,0.3755
15789,8,0.4719
15790,9,0.2237
15791,8,0.2879
15792,9,0.3579
15793,9,0.2626
15794,8,0.3827
15795,23,0.1248
15796,9,0.3315
15797,23,0.2501
15798,23,0.1823
15799,8,0.3703
15800,8,0.7044
15801,8,0.1378
15802,7,0.1448
15803,8,0.3609
15804,8,0.3107
15805,9,0.2024
15806,8,0.1325
15807,9,0.3844
15808,9,0.3375
15809,8,0.1451
15810,9,0.2394
15811,9,0.4111
15812,9,0.3396
15813,9,0.2901
15814,9,0.2620
15815,8,0.2221
15816,8,0.2417
15817,9,0.1719
15818,9,0.1761
15819,9,0.1347
15820,8,0.2914
15821,7,0.2693
15822,30,0.1997
15823,7,0.2651
15824,5,0.1582
15825,7,0.1311
15826,7,0.1033
15827,7,0.1068
15828,7,0.3044
15829,19,0.1645
15830,19,0.1321
15831,21,0.1355
15832,1,0.4267
15833,1,0.2737
15834,9,0.2550
15835,1,0.2518
15836,20,0.1477
15837,28,0.1096
15838,23,0.1294
15840,7,0.1627
15841,30,0.2165
15842,7,0.2748
15843,24,0.3163
15844,7,0.2123
15845,7,0.1735
15846,24,0.3274
15847,24,0.2855
15848,7,0.1539
15849,7,0.2483
15850,24,0.3668
15851,21,0.1692
15852,7,0.1302
15853,7,0.1880
15854,7,0.2008
15855,7,0.2614
15856,24,0.2287
15857,7,0.2091
15858,7,0.2150
15859,7,0.3213
15860,24,0.2790
15861,24,0.2063
15862,24,0.3808
15863,7,0.2181
15864,24,0.1780
15865,7,0.2434
15866,24,0.2687
15867,7,0.1851
15868,24,0.1629
15869,24,0.3375
15870,19,0.1705
15871,24,0.3387
15872,24,0.4301
15873,7,0.2304
15874,5,0.1662
15875,7,0.1638
15876,7,0.1350
15877,7,0.2153
15878,7,0.2532
15879,24,0.1870
15880,24,0.4815
15881,24,0.5955
15882,24,0.6204
15883,24,0.4715
15884,7,0.2279
15885,7,0.2307
15886,24,0.1430
15887,7,0.2041
15888,24,0.4810
15889,24,0.3534
15890,7,0.1596
15891,24,0.4430
15892,24,0.4600
15893,7,0.1782
15894,24,0.3953
15895,24,0.2853
15896,7,0.2463
15897,24,0.4620
15898,24,0.4578
15899,24,0.2150
15900,21,0.1448
15901,24,0.4688
15902,24,0.6417
15903,7,0.2316
15904,7,0.2642
15905,24,0.4667
15906,24,0.4018
15907,10,0.1287
15908,24,0.3465
15909,24,0.4292
15910,21,0.1948
15911,24,0.1435
15912,24,0.3713
15913,7,0.2472
15914,7,0.1798
15915,24,0.4282
15916,5,0.2614
15917,5,0.3290
15918,5,0.4351
15919,5,0.3013
15920,5,0.3690
15921,8,0.3911
15922,8,0.5691
15923,8,0.5971
15924,16,0.3236
15925,19,0.1920
15926,8,0.3631
15927,8,0.4237
15928,8,0.4853
15929,16,0.1906
15930,5,0.2097
15931,8,0.5431
15932,8,0.6795
15933,5,0.2368
15934,8,0.1670
15935,23,0.1101
15936,5,0.1904
15937,16,0.1414
15938,16,0.1444
15939,15,0.2300
15940,15,0.2428
15941,21,0.2252
15942,15,0.1391
15943,15,0.2223
15944,1,0.3253
15945,8,0.2127
15946,0,0.1318
15947,21,0.1298
15948,1,0.1109
15949,5,0.1712
15950,16,0.3220
15951,8,0.3593
15952,7,0.2772
15953,7,0.2769
15954,15,0.1766
15955,15,0.2187
15956,7,0.3139
15957,15,0.1745
15958,31,0.1956
15959,15,0.1477
15960,31,0.1835
15961,17,0.1696
15962,17,0.1630
15963,19,0.2300
15964,21,0.1653
15965,21,0.1379
15966,19,0.1712
15967,19,0.1528
15968,15,0.2413
15969,7,0.2219
15970,15,0.2167
15971,21,0.1684
15972,21,0.1704
15973,15,0.2199
15974,19,0.1642
15975,15,0.1149
15976,15,0.2061
15977,15,0.2005
15978,15,0.1954
15979,0,0.1684
15980,31,0.1977
15981,21,0.1546
15982,15,0.1813
15983,17,0.1477
15984,9,0.1717
15985,9,0.1709
15986,19,0.1731
15987,21,0.1806
15988,21,0.2081
15989,15,0.1953
15990,21,0.2375
15991,19,0.1974
15992,19,0.1383
15993,17,0.1611
15994,23,0.1378
15995,21,0.2704
15996,15,0.1779
15997,19,0.1483
15998,9,0.2515
15999,1,0.1657
16000,31,0.1313
16001,15,0.1761
16002,5,0.2417
16003,7,0.2070
16004,9,0.1948
16005,9,0.1457
16006,9,0.1755
16007,17,0.1458
16008,31,0.1825
16009,15,0.1975
16010,15,0.1569
16011,0,0.1514
16012,15,0.2003
16013,15,0.1999
16014,7,0.1993
16015,7,0.1895
16016,7,0.2667
16017,7,0.2619
16018,7,0.2033
16019,5,0.1544
16020,5,0.1254
16021,5,0.1518
16023,1,0.1739
16024,5,0.1117
16025,5,0.1126
16026,5,0.2152
16028,5,0.1834
16029,5,0.1337
16030,7,0.1291
16031,1,0.1293
16032,5,0.1463
16033,5,0.1497
16034,6,0.1109
16035,7,0.1437
16037,6,0.1094
16038,7,0.1154
16039,5,0.1643
16040,5,0.2298
16041,5,0.1592
16043,5,0.1621
16044,6,0.1320
16046,5,0.1355
16047,5,0.1577
16048,5,0.1649
16049,6,0.1055
16050,5,0.2681
16051,5,0.2528
16053,5,0.1447
16054,5,0.1976
16055,5,0.1593
16056,6,0.1026
16057,9,0.1474
16058,5,0.1542
16059,5,0.1547
16060,5,0.1960
16061,7,0.1072
16062,5,0.2178
16063,7,0.1150
16064,7,0.1125
16065,7,0.1128
16067,5,0.1702
16068,5,0.1978
16069,5,0.3066
16070,5,0.1031
16071,5,0.1985
16072,5,0.2407
16073,6,0.1078
16075,1,0.1620
16076,1,0.1853
16077,6,0.1041
16078,5,0.1218
16079,5,0.1129
16080,5,0.1508
16082,1,0.1398
16083,6,0.1108
16084,6,0.1190
16085,1,0.1158
16087,7,0.1037
16089,5,0.1370
16090,5,0.1454
16091,5,0.1784
16093,7,0.1506
16094,7,0.1867
16095,7,0.1756
16096,19,0.1254
16097,6,0.1210
16098,5,0.1477
16099,19,0.1095
16100,19,0.1170
16101,5,0.1140
16102,5,0.1722
16104,7,0.1193
16105,6,0.1282
16106,6,0.1230
16108,5,0.1383
16109,7,0.1571
16111,13,0.1058
16112,13,0.1079
16113,13,0.1082
16114,13,0.1058
16115,13,0.1091
16116,13,0.1077
16117,13,0.1082
16118,13,0.1059
16119,13,0.1103
16120,24,0.1387
16121,21,0.1579
16122,7,0.2116
16123,16,0.1564
16124,16,0.3348
16125,7,0.1630
16127,8,0.5779
16128,8,0.2453
16129,9,0.1223
16130,9,0.1667
16131,8,0.4410
16132,0,0.1730
16133,7,0.1315
16134,8,0.3883
16135,8,0.2784
16136,5,0.1027
16137,8,0.5272
16138,16,0.3234
16139,5,0.1034
16140,8,0.6134
16141,8,0.6765
16142,21,0.1184
16143,8,0.2002
16144,8,0.8748
16145,8,0.5738
16146,5,0.1027
16147,8,0.8725
16148,8,0.8780
16149,5,0.1946
16150,8,0.1358
16151,8,0.9686
16152,8,0.4849
16153,5,0.1524
16154,8,0.3219
16155,8,0.6138
16156,16,0.1120
16157,16,0.1264
16158,8,0.7594
16159,0,0.1053
16160,9,0.1679
16161,8,0.7111
16162,21,0.1679
16163,8,0.5161
16164,8,0.4469
16165,19,0.1248
16166,8,0.5656
16167,7,0.2124
16168,8,0.3572
16169,16,0.1960
16170,7,0.2192
16171,21,0.1888
16172,8,0.2401
16173,8,0.1925
16174,7,0.1348
16175,8,0.3860
16176,19,0.2154
16177,16,0.1857
16178,16,0.1210
16179,8,0.2073
16180,19,0.1429
16181,9,0.1875
16182,8,0.5646
16183,8,0.7737
16184,7,0.1281
16185,7,0.1570
16186,24,0.1636
16187,23,0.1263
16188,9,0.1884
16189,9,0.3517
16190,9,0.2152
16191,5,0.1430
16192,7,0.1589
16193,9,0.1696
16194,19,0.1744
16195,9,0.2644
16196,23,0.1312
16197,24,0.1894
16198,9,0.1543
16199,9,0.4267
16200,23,0.1495
16201,19,0.1606
16202,9,0.3964
16203,9,0.3940
16204,19,0.1642
16205,8,0.1253
16206,9,0.4251
16207,9,0.3494
16208,8,0.1763
16209,9,0.1227
16210,7,0.1464
16211,7,0.1507
16212,7,0.1511
16213,19,0.1046
16214,19,0.1208
16215,5,0.1367
16216,7,0.1762
16217,5,0.1461
16218,8,0.1761
16219,10,0.2130
16220,19,0.1608
16221,9,0.2423
16222,8,0.2096
16223,9,0.2883
16224,9,0.1784
16225,7,0.1891
16226,9,0.1926
16227,9,0.3540
16228,9,0.3255
16229,8,0.1699
16230,5,0.1714
16231,9,0.1970
16232,7,0.1429
16233,9,0.2669
16234,8,0.3297
16235,9,0.1569
16236,5,0.3844
16237,5,0.2587
16238,5,0.1364
16239,24,0.3938
16240,24,0.5254
16241,7,0.1244
16243,7,0.1496
16244,7,0.2325
16247,24,0.1677
16248,7,0.2062
16249,5,0.1109
16250,7,0.1547
16251,19,0.1202
16252,19,0.1499
16253,7,0.2041
16254,7,0.2186
16255,24,0.2745
16256,24,0.1954
16257,24,0.2323
16258,24,0.4040
16259,24,0.1781
16260,7,0.3090
16261,7,0.1747
16262,24,0.3630
16263,7,0.2121
16264,21,0.1567
16265,24,0.2653
16266,7,0.1751
16267,7,0.2008
16268,19,0.1341
16269,24,0.1567
16270,24,0.2119
16271,7,0.2573
16272,7,0.2974
16273,24,0.2800
16274,7,0.2951
16275,24,0.1476
16276,21,0.1261
16277,30,0.1802
16278,30,0.1271
16279,19,0.1211
16280,24,0.1069
16281,7,0.2574
16282,7,0.2657
16283,19,0.2913
16284,7,0.2216
16285,7,0.2457
16286,7,0.1649
16289,19,0.1839
16290,19,0.1794
16291,24,0.2335
16292,24,0.1635
16293,19,0.1301
16294,19,0.1069
16295,7,0.1448
16296,19,0.1944
16297,19,0.1412
16298,23,0.1073
16299,23,0.1211
16300,7,0.1357
16301,7,0.2104
16302,24,0.2430
16303,24,0.2142
16304,7,0.2056
16305,24,0.3159
16306,24,0.3791
16307,24,0.2409
16308,21,0.3694
16309,24,0.3242
16310,24,0.2522
16311,19,0.1589
16312,24,0.3091
16313,15,0.1131
16314,7,0.2468
16315,7,0.2638
16316,7,0.2400
16317,7,0.2910
16318,7,0.2904
16319,24,0.4906
16320,24,0.4520
16321,24,0.2886
16322,7,0.2466
16323,7,0.1540
16324,7,0.2372
16325,7,0.1756
16326,24,0.3318
16327,7,0.2563
16328,24,0.1163
16329,24,0.1233
16330,7,0.1262
16331,7,0.1327
16332,7,0.2552
16333,7,0.2169
16334,19,0.1499
16335,7,0.2225
16336,7,0.2004
16337,24,0.2420
16338,7,0.2165
16339,7,0.1543
16340,24,0.2294
16341,24,0.1471
16342,7,0.1243
16343,7,0.1027
16344,7,0.1776
16345,7,0.2617
16346,21,0.1439
16347,19,0.1567
16348,24,0.2018
16349,24,0.1998
16350,19,0.1229
16351,23,0.1329
16352,24,0.4053
16353,7,0.2819
16354,7,0.1883
16355,7,0.2925
16356,24,0.2898
16357,15,0.3007
16358,15,0.1278
16359,21,0.2295
16360,24,0.1714
16361,24,0.2490
16362,7,0.2060
16363,7,0.1082
16364,24,0.1049
16365,24,0.1251
16366,24,0.1611
16367,21,0.1070
16370,19,0.1482
16373,24,0.1340
16374,5,0.1088
16375,5,0.1390
16376,19,0.1857
16377,19,0.2151
16378,19,0.1244
16379,19,0.1135
16380,7,0.1185
16381,7,0.2152
16382,7,0.3320
16383,24,0.1484
16384,7,0.1120
16385,13,0.1751
16386,7,0.1535
16387,19,0.1212
16388,19,0.1124
16389,19,0.1583
16390,24,0.2659
16391,24,0.1538
16392,10,0.1195
16393,7,0.1518
16394,24,0.2175
16395,19,0.1200
16397,7,0.1952
16398,24,0.1477
16401,5,0.1454
16402,5,0.2308
16403,5,0.1179
16404,7,0.1301
16405,19,0.1088
16406,22,0.1323
16407,0,0.1130
16408,7,0.1250
16409,25,0.1199
16410,25,0.1566
16411,27,0.1154
16412,3,0.1951
16413,0,0.2011
16414,3,0.1804
16415,27,0.1459
16416,25,0.1160
16417,28,0.1516
16418,16,0.2795
16419,16,0.1409
16420,8,0.2286
16421,14,0.1310
16422,8,0.1126
16423,19,0.1557
16424,19,0.2578
16425,6,0.1270
16426,28,0.1143
16427,8,0.2380
16428,8,0.3896
16429,23,0.1241
16430,14,0.1178
16432,8,0.1565
16433,7,0.1488
16434,19,0.1334
16435,19,0.1498
16436,24,0.2050
16437,24,0.3575
16438,24,0.2235
16439,24,0.2303
16440,19,0.1510
16441,19,0.1160
16442,7,0.1911
16443,19,0.1925
16444,19,0.1760
16445,7,0.1271
16446,30,0.1093
16447,7,0.2063
16448,7,0.1590
16449,25,0.1231
16450,6,0.1104
16451,3,0.1416
16454,28,0.1292
16455,6,0.1356
16456,24,0.2249
16457,7,0.2806
16458,19,0.1352
16460,19,0.1960
16461,24,0.3116
16462,24,0.4712
16463,5,0.1169
16465,25,0.1046
16466,24,0.3398
16467,24,0.3456
16468,24,0.1656
16469,19,0.1868
16473,30,0.1869
16474,24,0.3356
16475,30,0.1726
16476,24,0.2037
16477,10,0.1312
16478,24,0.2244
16479,24,0.1433
16481,6,0.1271
16483,6,0.1032
16484,32,0.1074
16485,7,0.1694
16486,8,0.1315
16488,19,0.1377
16489,7,0.1398
16490,7,0.1419
16491,24,0.1460
16492,21,0.1464
16493,21,0.1396
16494,21,0.1414
16495,7,0.1773
16496,5,0.1435
16497,21,0.1391
16499,4,0.3697
16500,4,0.6904
16501,4,0.6690
16502,5,0.1116
16503,7,0.1340
16504,7,0.1610
16505,19,0.1824
16506,19,0.1506
16507,19,0.1707
16509,5,0.1134
16510,5,0.1232
16513,4,0.5054
16514,4,0.8305
16515,4,0.8504
16516,4,0.8843
16518,5,0.1531
16519,7,0.1268
16520,21,0.1132
16521,7,0.1437
16522,7,0.1359
16523,5,0.1640
16524,7,0.1356
16525,21,0.1298
16526,7,0.1278
16527,7,0.1211
16528,21,0.1471
16529,21,0.1360
16530,21,0.1452
16531,24,0.1210
16532,21,0.1795
16533,21,0.1456
16534,21,0.1026
16535,21,0.1402
16536,7,0.1365
16537,7,0.1814
16538,21,0.1390
16539,5,0.1226
16540,5,0.1430
16541,21,0.1323
16542,21,0.1293
16543,7,0.1466
16544,21,0.1209
16545,8,0.1652
16546,8,0.1805
16547,7,0.1045
16548,7,0.1338
16549,7,0.1636
16550,5,0.1561
16551,7,0.1463
16552,7,0.1381
16553,7,0.2024
16554,7,0.1351
16555,5,0.1131
16557,21,0.1854
16558,7,0.1636
16559,7,0.1522
16560,7,0.1458
16561,5,0.1357
16562,21,0.1274
16563,7,0.1721
16565,5,0.1316
16566,5,0.1184
16567,7,0.1752
16568,7,0.1910
16569,7,0.1216
16570,5,0.1027
16571,21,0.1238
16572,7,0.1189
16573,7,0.1425
16574,24,0.1167
16575,7,0.1154
16576,3,0.1132
16577,7,0.1204
16578,7,0.1119
16580,21,0.1374
16581,24,0.2742
16582,19,0.1614
16583,8,0.3702
16584,20,0.1164
16585,19,0.1287
16586,24,0.2162
16587,21,0.1621
16588,7,0.1455
16589,7,0.1467
16590,21,0.1186
16591,21,0.1591
16592,24,0.1332
16593,24,0.1059
16595,4,0.4606
16596,8,0.3649
16597,24,0.1883
16598,4,0.5606
16599,4,0.6918
16600,23,0.2292
16601,23,0.2215
16602,19,0.2149
16603,23,0.1539
16604,5,0.2699
16605,19,0.1387
16606,23,0.1593
16607,19,0.2053
16608,9,0.1295
16609,9,0.1990
16610,19,0.1764
16611,5,0.1908
16612,5,0.1229
16613,9,0.2679
16614,5,0.2644
16615,9,0.1571
16616,9,0.2382
16617,5,0.2096
16618,9,0.1365
16619,5,0.2321
16620,9,0.2625
16621,9,0.2030
16622,5,0.2349
16623,9,0.1561
16624,9,0.1878
16625,9,0.2828
16626,9,0.3425
16627,8,0.2251
16628,5,0.2341
16629,5,0.2458
16630,5,0.3945
16631,5,0.3344
16632,5,0.2886
16633,5,0.2869
16634,9,0.2449
16635,9,0.2369
16636,5,0.3305
16637,9,0.1701
16638,9,0.2874
16639,5,0.1721
16640,5,0.1729
16641,5,0.2526
16642,7,0.1856
16643,24,0.1105
16645,9,0.1568
16646,5,0.2068
16647,19,0.2189
16648,19,0.1679
16649,19,0.1259
16650,4,0.1124
16652,23,0.1483
16653,15,0.2015
16654,19,0.2114
16655,19,0.1279
16656,23,0.1331
16657,19,0.1791
16658,19,0.1468
16659,23,0.2317
16660,7,0.1599
16661,1,0.1802
16662,31,0.1427
16663,7,0.1469
16664,23,0.1119
16666,12,0.1436
16667,1,0.1542
16668,9,0.1725
16669,23,0.1049
16670,7,0.1251
16671,7,0.2118
16672,19,0.1225
16673,19,0.1507
16674,23,0.1718
16675,1,0.1872
16676,19,0.1122
16677,19,0.2298
16678,6,0.1641
16679,23,0.1521
16680,23,0.1345
16681,1,0.1521
16682,19,0.1530
16683,19,0.1199
16684,23,0.1716
16686,4,0.1609
16687,23,0.1857
16688,1,0.1066
16689,19,0.2292
16690,23,0.1404
16691,1,0.1969
16692,4,0.1097
16693,1,0.1495
16694,1,0.1196
16695,23,0.1230
16696,19,0.1344
16697,19,0.2339
16698,23,0.1325
16699,22,0.1431
16700,26,0.1076
16701,1,0.2038
16702,1,0.1304
16703,19,0.1747
16704,24,0.1859
16705,7,0.1027
16706,19,0.1468
16707,7,0.1723
16708,7,0.1525
16709,1,0.1191
16710,1,0.2722
16712,23,0.1602
16713,23,0.1668
16714,9,0.1293
16715,19,0.1365
16717,24,0.1335
16718,19,0.1897
16719,7,0.1149
16720,23,0.1821
16721,23,0.1957
16722,23,0.1917
16723,23,0.1187
16724,23,0.1128
16725,23,0.1287
16726,19,0.3022
16727,19,0.1457
16728,19,0.1536
16729,19,0.1405
16730,5,0.1924
16731,9,0.2318
16732,9,0.2957
16733,5,0.1202
16734,9,0.1481
16735,5,0.2443
16736,9,0.3364
16737,9,0.3639
16738,8,0.9456
16739,8,0.9812
16740,23,0.2085
16741,23,0.1449
16742,23,0.1407
16743,28,0.1929
16744,23,0.1719
16746,19,0.1369
16747,19,0.1841
16748,23,0.1148
16750,19,0.1282
16751,7,0.1068
16753,19,0.1126
16754,32,0.1166
16755,1,0.1947
16756,23,0.1106
16757,19,0.1242
16758,1,0.1863
16759,23,0.1809
16760,23,0.1566
16761,19,0.1084
16763,23,0.1841
16764,23,0.1392
16765,19,0.1156
16766,19,0.1515
16767,1,0.1994
16768,19,0.1445
16769,5,0.1745
16770,5,0.2882
16771,19,0.1322
16772,5,0.1642
16773,5,0.2628
16774,5,0.1690
16775,5,0.2003
16776,5,0.1569
16777,9,0.2314
16778,9,0.2750
16779,9,0.1622
16780,9,0.2195
16781,1,0.2250
16782,5,0.1993
16783,5,0.1084
16785,5,0.1495
16786,9,0.1655
16787,5,0.2981
16788,6,0.1500
16791,19,0.1367
16792,7,0.1457
16793,23,0.1487
16794,22,0.1118
16796,1,0.1099
16797,1,0.2510
16799,32,0.1276
16800,19,0.1501
16801,5,0.1854
16802,9,0.2431
16803,5,0.3840
16804,9,0.1824
16805,9,0.2309
16806,1,0.1037
16807,23,0.1242
16808,1,0.1302
16809,19,0.1099
16810,19,0.2158
16812,23,0.2232
16813,8,0.2310
16814,1,0.2394
16815,9,0.1477
16816,19,0.1834
16817,19,0.1657
16818,1,0.3750
16820,23,0.1313
16821,1,0.2036
16822,5,0.1505
16824,23,0.1178
16825,23,0.1496
16826,19,0.1626
16827,23,0.1196
16828,19,0.1351
16829,5,0.1556
16831,19,0.1568
16833,1,0.1253
16834,19,0.1435
16835,9,0.1515
16836,1,0.1395
16837,1,0.1257
16838,11,0.2569
16839,1,0.1625
16840,1,0.3195
16841,1,0.1869
16842,19,0.1835
16843,19,0.1830
16844,23,0.1967
16845,8,0.7846
16846,8,0.2450
16847,30,0.1205
16848,11,0.1571
16849,7,0.1251
16850,7,0.2095
16851,11,0.2261
16852,33,0.2474
16853,4,0.8691
16854,4,0.9935
16855,4,0.9289
16856,4,0.7574
16857,11,0.3669
16858,11,0.2365
16859,11,0.1790
16860,7,0.1280
16861,7,0.1312
16862,1,0.1954
16863,11,0.1780
16864,11,0.2062
16865,11,0.2846
16866,1,0.1482
16867,1,0.1631
16868,11,0.1888
16869,7,0.2017
16870,7,0.1465
16871,7,0.1572
16872,7,0.1825
16873,11,0.1616
16874,11,0.1784
16875,11,0.1823
16876,1,0.1259
16877,11,0.2629
16878,11,0.1404
16879,7,0.1540
16880,7,0.1443
16881,1,0.2062
16882,11,0.2220
16883,11,0.3159
16884,21,0.1577
16885,7,0.1401
16886,21,0.1256
16887,11,0.1886
16888,11,0.1449
16889,21,0.1143
16890,11,0.1369
16891,7,0.1807
16892,21,0.1720
16893,21,0.1224
16894,21,0.1142
16895,11,0.1724
16896,11,0.2188
16897,11,0.1486
16898,7,0.1491
16899,11,0.1526
16900,7,0.1811
16901,7,0.1336
16902,11,0.1650
16903,7,0.2436
16904,11,0.1470
16905,11,0.1658
16906,7,0.1279
16907,7,0.1546
16908,21,0.1824
16909,21,0.1537
16910,11,0.2216
16911,19,0.1125
16912,7,0.1660
16913,7,0.1785
16914,7,0.1897
16915,7,0.1176
16916,7,0.1665
16917,11,0.1488
16918,21,0.1361
16919,24,0.1246
16920,21,0.1678
16921,7,0.1687
16922,21,0.1646
16923,11,0.1864
16924,7,0.1972
16925,7,0.1613
16926,21,0.1557
16927,11,0.1633
16928,11,0.1380
16929,21,0.1909
16930,24,0.2325
16931,21,0.2075
16932,11,0.1789
16933,21,0.1654
16934,21,0.1811
16935,21,0.1243
16936,11,0.2692
16937,7,0.1444
16938,11,0.1525
16939,7,0.1707
16940,7,0.1738
16941,7,0.2098
16942,21,0.1729
16943,7,0.1669
16944,21,0.1478
16945,24,0.1906
16946,24,0.2275
16947,24,0.1386
16948,21,0.1434
16949,21,0.1123
16950,11,0.1626
16951,21,0.1688
16952,24,0.1598
16953,7,0.1585
16954,19,0.1401
16955,7,0.1749
16956,7,0.1293
16957,12,0.1682
16958,12,0.1811
16959,0,0.1226
16960,5,0.1147
16961,1,0.1256
16962,1,0.1197
16963,1,0.1291
16964,1,0.2004
16965,1,0.2051
16966,1,0.1226
16969,1,0.1034
16970,5,0.1070
16971,5,0.1838
16972,1,0.1666
16973,1,0.2013
16974,1,0.1456
16975,1,0.2229
16976,1,0.2353
16977,21,0.1073
16978,7,0.1352
16979,7,0.1493
16980,7,0.1583
16981,5,0.1361
16982,5,0.1134
16983,7,0.1342
16984,1,0.1301
16985,1,0.1232
16986,5,0.1042
16987,7,0.1627
16988,7,0.1383
16989,21,0.1424
16991,7,0.1182
16992,21,0.1096
16993,12,0.1358
16994,12,0.1684
16996,7,0.1287
16997,21,0.1254
16998,21,0.1525
16999,7,0.1490
17000,7,0.1442
17001,21,0.1214
17002,7,0.1993
17003,1,0.2326
17004,0,0.1955
17005,7,0.1673
17006,5,0.1634
17007,7,0.1391
17008,7,0.1699
17009,5,0.1220
17010,21,0.1110
17011,7,0.1768
17012,7,0.1938
17013,7,0.1420
17014,7,0.1428
17015,11,0.2085
17016,11,0.2175
17017,7,0.1522
17018,1,0.1248
17019,7,0.1627
17020,7,0.1375
17021,21,0.1041
17022,4,0.3808
17023,1,0.2838
17024,7,0.1326
17025,7,0.1316
17026,7,0.1548
17028,11,0.1559
17029,19,0.1134
17030,11,0.2030
17031,21,0.1600
17032,21,0.1396
17033,19,0.1287
17034,0,0.7161
17035,0,0.7058
17036,7,0.1904
17037,7,0.1300
17038,21,0.1440
17039,21,0.1300
17040,7,0.1608
17041,7,0.1483
17042,7,0.1116
17043,7,0.1256
17044,1,0.1110
17045,21,0.1294
17046,7,0.1661
17047,7,0.1655
17048,7,0.1064
17049,7,0.1430
17050,7,0.1449
17051,19,0.1353
17052,24,0.1724
17053,24,0.1062
17054,24,0.1063
17055,24,0.1056
17056,24,0.1032
17057,13,0.1047
17058,13,0.1068
17059,13,0.1095
17060,13,0.1085
17061,24,0.1459
17062,24,0.1543
17063,21,0.1796
17064,32,0.2009
17065,4,0.1947
17066,3,0.1520
17067,32,0.1334
17068,1,0.1697
17069,25,0.1619
17070,4,0.1305
17071,4,0.2087
17072,3,0.1368
17073,3,0.2843
17074,32,0.1418
17075,32,0.1379
17077,32,0.2117
17078,25,0.1380
17079,25,0.1266
17080,7,0.1618
17081,32,0.2256
17082,32,0.1554
17083,32,0.1931
17084,0,0.1339
17085,21,0.1437
17086,24,0.2269
17087,7,0.1415
17088,32,0.1458
17089,7,0.1594
17090,25,0.1163
17091,25,0.1343
17092,24,0.2753
17093,32,0.1089
17094,25,0.1752
17095,25,0.1930
17097,7,0.1478
17098,21,0.1521
17099,21,0.1472
17100,24,0.1127
17101,24,0.1156
17105,1,0.1571
17106,32,0.1103
17108,32,0.1256
17109,0,0.1382
17110,21,0.1760
17111,21,0.1546
17112,1,0.3216
17113,3,0.2562
17114,4,0.2063
17115,12,0.1215
17117,7,0.1528
17118,21,0.1167
17121,32,0.1814
17123,2,0.1149
17124,32,0.1814
17125,25,0.1742
17126,7,0.1386
17127,7,0.1205
17128,7,0.1534
17129,24,0.1637
17130,7,0.1347
17132,7,0.1542
17133,19,0.1235
17134,26,0.1398
17135,32,0.1067
17136,7,0.1529
17137,1,0.1130
17138,1,0.2576
17139,32,0.1527
17140,7,0.1098
17141,7,0.1568
17142,7,0.2322
17143,7,0.2309
17144,32,0.1196
17145,31,0.1564
17146,30,0.1904
17147,25,0.1601
17148,6,0.1251
17149,28,0.1410
17150,3,0.1160
17151,7,0.1327
17153,8,0.4413
17154,16,0.4438
17155,3,0.1224
17156,7,0.1831
17158,8,0.5112
17161,24,0.2515
17162,24,0.2890
17163,25,0.1035
17165,7,0.2340
17166,24,0.3852
17167,24,0.2411
17168,3,0.1227
17170,28,0.1158
17171,30,0.1237
17172,31,0.1567
17173,12,0.1041
17174,30,0.2695
17175,31,0.1213
17176,7,0.1402
17178,30,0.3183
17179,24,0.3723
17181,30,0.1677
17182,19,0.1162
17183,8,0.1427
17185,19,0.1035
17186,3,0.1562
17187,3,0.1126
17188,21,0.2007
17189,21,0.1865
17190,21,0.1751
17191,21,0.1195
17192,9,0.1694
17193,9,0.1561
17194,9,0.1795
17195,9,0.3202
17196,9,0.5654
17197,9,0.5639
17198,9,0.6473
17199,9,0.5691
17200,9,0.5251
17201,8,0.3495
17202,9,0.5484
17203,9,0.6335
17204,9,0.5008
17205,9,0.3159
17206,8,0.2532
17207,9,0.1939
17208,8,0.2290
17209,8,0.1751
17210,8,0.2823
17211,9,0.5032
17212,9,0.4993
17213,9,0.4080
17214,9,0.3581
17215,9,0.2640
17217,7,0.1099
17218,21,0.1112
17219,7,0.1361
17220,24,0.1906
17221,24,0.1384
17222,24,0.1110
17223,24,0.2899
17224,24,0.2951
17225,24,0.1655
17226,7,0.1115
17227,21,0.1164
17229,19,0.2188
17230,19,0.1783
17231,5,0.1899
17232,5,0.1395
17233,6,0.1137
17234,19,0.1620
17235,19,0.1731
17236,15,0.1282
17237,15,0.1351
17238,19,0.1259
17239,9,0.1585
17240,5,0.1934
17241,18,0.1398
17242,19,0.1333
17243,23,0.1833
17244,28,0.1331
17245,3,0.1474
17246,28,0.1218
17248,5,0.1633
17250,7,0.2146
17251,5,0.2005
17254,5,0.1048
17257,5,0.1645
17258,5,0.2068
17259,5,0.1201
17260,5,0.1685
17261,7,0.1522
17262,9,0.1215
17263,5,0.1545
17264,7,0.1521
17265,19,0.1741
17266,7,0.1219
17267,7,0.1406
17268,5,0.2032
17269,5,0.1411
17270,5,0.1605
17271,5,0.1722
17272,15,0.1878
17273,15,0.1607
17274,5,0.1755
17275,7,0.1539
17276,7,0.1707
17277,18,0.2612
17278,7,0.1482
17279,7,0.2324
17280,18,0.2166
17281,18,0.1823
17282,15,0.1478
17283,7,0.1885
17284,18,0.2066
17285,15,0.2688
17286,7,0.2167
17287,18,0.2621
17288,18,0.2853
17289,7,0.1812
17290,7,0.1605
17291,7,0.1085
17292,19,0.1233
17295,21,0.1223
17296,24,0.1423
17297,24,0.2151
17298,24,0.1658
17299,7,0.1206
17301,19,0.1804
17302,24,0.1649
17303,19,0.1218
17304,19,0.1481
17305,7,0.1317
17306,24,0.1709
17307,7,0.1396
17308,21,0.1325
17309,24,0.1327
17310,24,0.2927
17311,24,0.3357
17312,24,0.2075
17313,24,0.1064
17314,24,0.1121
17315,24,0.1170
17316,24,0.1143
17318,24,0.1151
17319,24,0.1077
17320,24,0.1040
17321,24,0.1144
17322,24,0.1094
17323,24,0.1024
17324,24,0.1223
17325,24,0.1091
17326,24,0.1106
17327,24,0.1085
17328,24,0.1124
17330,24,0.1118
17331,24,0.1066
17332,24,0.1213
17333,24,0.1044
17334,24,0.1103
17335,24,0.1117
17336,24,0.1092
17337,24,0.1081
17338,24,0.1147
17339,5,0.1067
17340,12,0.1081
17341,16,0.1454
17342,8,0.1880
17343,8,0.2663
17344,8,0.1632
17345,7,0.1187
17346,5,0.1088
17347,28,0.1400
17348,8,0.1694
17349,8,0.1737
17350,4,0.7113
17351,4,0.8058
17352,5,0.2303
17353,5,0.2610
17355,7,0.1588
17356,5,0.1081
17357,5,0.1948
17358,5,0.1470
17359,10,0.1511
17360,10,0.2404
17361,5,0.1596
17362,8,0.1341
17363,8,0.1166
17364,10,0.1103
17365,5,0.1280
17366,9,0.1701
17367,5,0.1697
17368,5,0.1730
17369,5,0.2189
17370,7,0.1184
17371,9,0.1422
17372,5,0.2824
17373,5,0.3231
17374,5,0.1824
17375,5,0.2013
17376,7,0.1340
17377,5,0.1362
17378,5,0.2918
17379,5,0.3138
17380,9,0.1553
17381,5,0.1046
17382,5,0.2945
17383,5,0.2959
17384,5,0.3049
17385,5,0.1890
17386,5,0.1574
17387,7,0.1116
17388,5,0.2455
17389,5,0.2072
17390,9,0.1799
17391,5,0.1708
17392,5,0.1227
17393,9,0.1695
17394,5,0.1598
17395,8,0.1560
17396,8,0.1600
17397,8,0.1875
17398,8,0.5375
17399,8,0.3304
17400,7,0.1479
17401,5,0.2036
17402,9,0.3056
17403,19,0.2021
17404,19,0.2661
17405,23,0.1608
17406,8,0.2573
17407,9,0.3456
17408,9,0.2753
17409,23,0.2011
17410,23,0.2197
17411,16,0.3150
17412,16,0.1816
17413,28,0.2233
17414,8,0.1505
17415,28,0.2265
17416,8,0.1160
17417,16,0.4480
17418,22,0.3464
17419,8,0.3243
17420,8,0.1892
17421,8,0.2644
17422,8,0.3570
17423,16,0.1700
17424,19,0.1715
17425,19,0.1998
17426,0,0.3145
17427,4,0.3813
17429,7,0.1845
17430,5,0.1219
17431,9,0.1572
17433,24,0.1498
17434,24,0.1148
17435,24,0.1385
17436,24,0.1679
17437,24,0.1591
17438,30,0.1915
17439,32,0.2247
17440,7,0.2102
17441,24,0.2650
17442,7,0.2257
17443,24,0.2343
17444,7,0.1037
17449,6,0.1039
17450,16,0.1872
17451,32,0.2006
17452,16,0.4388
17453,15,0.1227
17454,15,0.1885
17455,14,0.1102
17456,16,0.1665
17457,18,0.1264
17458,19,0.1314
17459,19,0.1645
17460,24,0.2012
17461,8,0.1099
17462,5,0.1258
17463,10,0.1859
17464,16,0.1676
17465,5,0.1437
17466,19,0.1728
17468,19,0.1434
17469,23,0.1167
17470,16,0.2928
17471,8,0.3299
17472,8,0.2925
17473,8,0.4238
17474,19,0.2382
17475,19,0.1291
17476,20,0.1393
17477,20,0.1182
17478,16,0.3620
17479,9,0.1413
17480,16,0.1846
17481,23,0.2104
17482,8,0.2029
17483,23,0.1459
17484,23,0.1417
17485,16,0.2501
17486,23,0.1415
17487,23,0.1844
17488,19,0.1654
17489,19,0.2403
17490,19,0.1550
17491,8,0.1990
17492,28,0.2191
17495,19,0.2033
17496,19,0.1616
17497,9,0.2364
17498,9,0.2397
17499,10,0.1261
17500,19,0.1549
17501,7,0.1238
17502,7,0.1537
17503,21,0.1958
17504,24,0.1903
17505,23,0.1283
17506,19,0.1355
17507,5,0.1381
17508,5,0.1800
17509,5,0.1984
17510,19,0.1238
17511,8,0.1322
17512,7,0.1786
17513,19,0.1837
17514,19,0.1236
17515,21,0.1955
17516,10,0.1975
17517,7,0.1489
17518,8,0.3708
17519,8,0.4145
17520,23,0.1609
17521,21,0.1397
17522,8,0.3238
17523,10,0.2447
17524,8,0.5294
17525,8,0.1445
17526,13,0.1094
17527,16,0.1125
17528,21,0.2145
17529,23,0.1930
17530,6,0.1644
17531,10,0.1340
17532,7,0.1139
17533,7,0.2281
17534,16,0.1306
17535,17,0.1594
17536,19,0.2250
17537,22,0.1120
17538,24,0.1259
17539,19,0.1789
17540,19,0.1601
17541,7,0.1957
17542,23,0.1151
17543,22,0.1375
17544,24,0.1492
17545,19,0.1440
17546,24,0.1360
17547,10,0.1491
17548,23,0.1403
17550,7,0.1421
17551,7,0.1424
17552,7,0.1178
17553,7,0.1165
17554,7,0.1141
17555,0,0.2506
17556,8,0.2492
17557,8,0.7921
17558,8,0.9290
17559,8,0.7478
17560,8,0.5611
17561,8,0.9042
17562,8,0.9227
17563,8,0.7490
17564,8,0.7979
17565,8,0.6497
17566,16,0.5096
17567,16,0.5432
17568,16,0.4338
17569,16,0.6510
17570,16,0.7133
17571,16,0.6434
17572,8,0.8966
17573,8,0.9369
17574,8,0.9806
17575,8,0.7204
17576,8,0.9172
17577,8,0.8737
17578,16,0.7282
17579,8,0.7180
17580,8,0.8319
17581,8,0.6553
17582,8,0.5619
17583,30,0.1422
17585,28,0.1528
17586,28,0.1173
17587,5,0.2152
17588,5,0.2786
17589,5,0.2009
17590,5,0.1294
17591,7,0.1591
17593,7,0.1571
17594,7,0.1592
17595,7,0.1661
17596,7,0.1617
17597,7,0.1737
17598,5,0.1804
17599,19,0.1040
17600,5,0.1161
17601,5,0.1273
17602,7,0.1311
17603,7,0.1664
17604,7,0.1094
17605,7,0.1669
17606,7,0.1425
17607,5,0.1805
17608,7,0.1349
17609,7,0.1781
17610,5,0.1291
17611,5,0.1662
17612,5,0.1437
17613,5,0.1494
17614,7,0.1316
17615,7,0.1302
17616,7,0.1048
17617,7,0.1241
17618,5,0.1372
17619,7,0.1336
17620,5,0.1107
17621,7,0.1600
17622,7,0.1563
17623,21,0.1351
17624,7,0.1138
17625,7,0.1167
17626,7,0.1209
17627,7,0.1312
17628,21,0.1281
17629,7,0.1419
17630,5,0.1256
17631,7,0.1373
17632,21,0.1227
17633,21,0.1292
17634,7,0.1405
17635,21,0.1160
17636,7,0.1349
17637,21,0.1111
17638,7,0.1357
17639,5,0.1192
17640,21,0.1155
17641,5,0.1172
17642,7,0.1165
17643,7,0.1215
17644,7,0.1214
17645,0,0.3120
17646,8,0.7267
17647,19,0.1453
17648,5,0.1418
17649,5,0.1331
17650,5,0.1163
17651,5,0.1460
17652,21,0.1250
17653,21,0.1249
17654,7,0.1342
17655,7,0.1370
17656,7,0.1283
17657,7,0.1216
17658,7,0.1346
17659,7,0.1556
17660,7,0.1211
17661,21,0.1237
17662,7,0.1383
17663,5,0.1328
17664,21,0.1261
17665,21,0.1230
17666,21,0.1282
17667,7,0.1363
17668,7,0.1284
17669,7,0.1182
17670,7,0.1176
17672,7,0.1178
17673,21,0.1036
17674,21,0.1337
17675,21,0.1275
17676,5,0.1335
17677,7,0.1118
17678,7,0.1270
17679,7,0.1133
17680,7,0.1322
17681,21,0.1333
17682,7,0.1231
17683,7,0.1144
17684,21,0.1073
17685,5,0.1025
17686,21,0.1207
17687,21,0.1211
17688,21,0.1440
17691,21,0.1150
17692,7,0.1153
17693,7,0.1159
17694,7,0.1258
17695,21,0.1292
17696,7,0.1235
17697,0,0.1439
17698,0,0.2129
17699,7,0.2082
17700,21,0.1052
17701,21,0.1169
17702,21,0.1311
17703,21,0.1290
17704,21,0.1145
17705,7,0.1117
17706,21,0.1239
17707,21,0.1065
17708,7,0.1103
17709,7,0.1525
17710,21,0.1277
17711,21,0.1208
17712,7,0.1277
17713,21,0.1241
17714,7,0.1118
17715,7,0.1124
17716,21,0.1087
17717,21,0.1238
17719,7,0.1138
17721,21,0.1324
17722,21,0.1114
17723,21,0.1286
17725,21,0.1065
17726,5,0.1192
17727,7,0.1038
17728,21,0.1268
17729,7,0.1050
17730,21,0.1348
17731,21,0.1039
17732,7,0.1109
17733,7,0.1143
17734,7,0.1271
17735,21,0.1274
17736,21,0.1154
17737,7,0.1197
17738,21,0.1177
17739,7,0.1207
17740,21,0.1340
17741,21,0.1210
17742,21,0.1039
17743,21,0.1260
17744,21,0.1428
17745,21,0.1083
17746,7,0.1313
17747,7,0.1104
17748,7,0.1221
17749,7,0.1289
17750,21,0.1264
17752,7,0.1245
17753,7,0.1250
17754,7,0.1199
17756,5,0.1067
17757,7,0.1112
17758,21,0.1245
17761,21,0.1244
17762,0,0.4926
17763,8,0.3458
17764,6,0.1198
17765,7,0.1494
17766,7,0.1505
17767,24,0.2383
17768,21,0.1945
17769,21,0.2063
17770,21,0.1726
17771,5,0.1137
17772,21,0.1101
17775,21,0.1048
17776,21,0.1069
17777,21,0.1380
17778,21,0.1391
17779,21,0.1293
17780,21,0.1480
17781,21,0.1262
17782,21,0.1112
17783,21,0.1132
17784,21,0.1090
17787,7,0.1053
17788,21,0.1061
17789,7,0.1178
17791,21,0.1178
17793,7,0.1237
17794,7,0.1313
17795,5,0.1123
17797,21,0.1068
17798,7,0.1103
17799,21,0.1178
17801,21,0.1131
17802,7,0.1083
17803,21,0.1224
17804,21,0.1184
17805,7,0.1154
17806,21,0.1182
17807,21,0.1236
17808,21,0.1168
17809,21,0.1375
17810,21,0.1372
17811,21,0.1361
17812,21,0.1125
17813,7,0.1122
17814,21,0.1032
17818,4,0.4426
17819,32,0.1600
17822,21,0.2710
17823,21,0.1997
17824,21,0.2253
17826,19,0.1179
17827,19,0.1520
17828,1,0.1287
17829,33,0.2698
17830,33,0.1856
17831,19,0.1150
17832,19,0.1538
17833,19,0.2388
17834,19,0.1198
17835,19,0.1095
17837,15,0.2316
17838,11,0.1421
17839,19,0.1903
17840,31,0.1448
17841,19,0.1283
17842,19,0.1587
17843,32,0.1991
17844,31,0.1541
17845,31,0.1263
17846,19,0.1525
17847,19,0.2282
17848,21,0.1705
17849,21,0.1661
17850,0,0.1463
17851,11,0.2691
17852,11,0.1279
17854,0,0.1333
17855,19,0.1481
17856,19,0.1096
17857,11,0.1357
17858,19,0.1509
17859,19,0.2129
17860,11,0.1195
17861,11,0.2648
17862,11,0.1980
17863,15,0.1573
17864,11,0.1461
17865,19,0.1934
17866,19,0.1456
17867,11,0.1892
17869,19,0.1511
17870,19,0.1209
17871,19,0.1682
17872,32,0.1898
17873,32,0.1800
17874,11,0.1414
17875,7,0.1687
17876,15,0.1907
17877,11,0.1738
17878,11,0.1618
17879,31,0.1427
17880,11,0.1652
17881,7,0.1454
17882,21,0.1429
17883,11,0.1793
17884,0,0.1393
17885,4,0.2207
17886,4,0.3620
17887,31,0.1695
17888,15,0.1568
17889,7,0.1959
17890,4,0.2846
17891,4,0.4732
17892,0,0.1137
17893,19,0.1271
17894,11,0.1891
17895,13,0.1115
17897,24,0.2090
17898,24,0.2913
17899,7,0.1687
17900,7,0.1662
17901,7,0.1975
17902,16,0.1712
17903,21,0.1958
17904,7,0.3433
17905,7,0.3844
17906,30,0.1385
17907,30,0.2332
17908,21,0.2563
17909,15,0.2221
17910,15,0.2491
17911,15,0.3598
17912,15,0.1900
17913,24,0.1461
17914,21,0.1846
17915,21,0.1697
17916,21,0.1717
17917,23,0.1606
17918,21,0.1495
17919,19,0.1610
17920,15,0.2178
17921,7,0.2001
17922,7,0.2571
17923,7,0.3039
17924,24,0.4851
17925,11,0.1087
17926,11,0.1981
17927,7,0.1916
17928,5,0.1936
17929,7,0.2721
17930,7,0.2375
17931,21,0.1470
17932,21,0.2040
17933,7,0.1479
17934,7,0.1815
17935,7,0.1333
17936,11,0.1612
17937,7,0.1614
17938,7,0.2184
17939,7,0.1244
17940,7,0.2401
17941,7,0.1729
17942,21,0.2049
17943,5,0.1802
17944,7,0.2493
17945,11,0.1567
17946,16,0.1362
17947,11,0.2764
17948,1,0.1975
17949,19,0.1599
17950,19,0.1118
17951,7,0.2143
17952,7,0.1669
17953,8,0.2126
17954,1,0.1200
17955,21,0.1545
17956,7,0.1587
17957,21,0.1608
17958,21,0.1501
17959,21,0.1463
17960,21,0.1555
17961,21,0.1745
17962,8,0.2492
17963,7,0.1691
17964,5,0.1069
17965,19,0.1028
17966,7,0.1090
17967,10,0.1283
17968,8,0.3567
17969,8,0.4345
17970,23,0.2219
17971,19,0.1231
17972,21,0.1285
17973,19,0.1852
17974,16,0.1862
17975,19,0.1350
17976,7,0.1590
17977,19,0.1827
17978,7,0.1914
17979,7,0.3193
17980,21,0.2488
17981,21,0.1671
17982,19,0.2070
17983,19,0.1892
17984,21,0.1144
17986,16,0.1525
17987,9,0.1176
17988,9,0.1956
17989,8,0.4384
17990,19,0.1041
17991,8,0.6008
17992,8,0.9146
17993,0,0.2203
17994,15,0.1667
17995,19,0.2109
17996,19,0.2765
17997,23,0.2469
17998,19,0.2154
17999,9,0.1616
18000,7,0.1047
18001,19,0.2198
18002,19,0.2803
18003,19,0.1919
18004,19,0.2049
18005,19,0.3586
18006,19,0.2678
18007,0,0.1201
18008,19,0.1728
18009,19,0.2070
18010,19,0.1883
18011,23,0.2532
18012,23,0.2126
18013,23,0.1591
18014,19,0.2530
18015,19,0.3192
18016,19,0.1993
18017,19,0.2299
18018,19,0.1640
18019,23,0.1249
18020,23,0.2206
18021,19,0.2972
18022,9,0.1792
18023,19,0.1597
18024,19,0.1270
18025,23,0.1681
18026,8,0.1623
18027,19,0.1949
18028,19,0.2846
18029,19,0.2767
18030,16,0.3706
18031,19,0.3297
18032,19,0.2889
18033,19,0.2398
18034,19,0.2675
18035,19,0.2463
18036,19,0.2211
18037,19,0.2010
18038,19,0.1853
18039,19,0.2788
18040,19,0.3732
18041,19,0.2284
18042,19,0.2638
18043,19,0.3738
18044,19,0.1826
18045,19,0.1450
18046,23,0.1772
18047,19,0.2037
18048,19,0.1756
18049,9,0.1397
18050,8,0.1673
18051,19,0.1837
18052,19,0.1446
18053,19,0.2057
18054,19,0.1719
18055,19,0.1448
18056,19,0.1853
18057,19,0.3103
18058,9,0.1919
18059,19,0.1367
18060,24,0.1690
18061,19,0.2815
18062,19,0.2714
18063,5,0.1876
18064,19,0.1266
18065,19,0.2248
18066,9,0.1702
18067,19,0.2716
18068,19,0.1593
18069,11,0.1315
18070,19,0.2747
18071,19,0.2121
18072,19,0.3073
18073,19,0.2610
18074,19,0.1377
18075,9,0.2094
18076,8,0.2086
18077,19,0.1688
18078,19,0.1792
18079,19,0.2240
18080,8,0.2683
18081,23,0.1783
18082,19,0.3261
18083,7,0.2573
18084,19,0.2234
18085,8,0.1985
18086,19,0.1939
18087,19,0.2183
18088,19,0.3141
18089,19,0.1926
18090,19,0.1794
18091,21,0.1560
18092,19,0.1434
18093,19,0.1552
18094,19,0.1763
18095,7,0.1159
18096,19,0.2131
18097,23,0.2357
18098,23,0.2383
18099,19,0.3175
18100,23,0.1565
18101,9,0.1507
18102,7,0.1907
18103,19,0.2511
18104,19,0.1805
18105,19,0.2439
18106,19,0.1940
18107,19,0.1531
18108,19,0.1805
18109,19,0.2142
18110,9,0.3315
18111,9,0.2840
18112,9,0.1737
18113,19,0.1771
18114,9,0.3338
18115,23,0.1247
18116,19,0.2212
18117,23,0.1176
18118,19,0.1495
18119,19,0.2116
18120,19,0.1970
18121,19,0.1811
18122,19,0.1512
18123,19,0.1425
18124,19,0.1610
18125,19,0.2447
18126,19,0.2703
18127,19,0.2707
18128,9,0.2019
18129,9,0.2976
18130,19,0.2040
18131,8,0.1862
18132,19,0.2614
18133,19,0.2560
18134,15,0.2310
18135,8,0.2671
18136,19,0.1488
18137,7,0.2179
18138,19,0.2228
18139,7,0.2156
18140,5,0.3202
18141,5,0.2411
18142,5,0.1338
18143,5,0.2276
18144,19,0.2542
18145,5,0.2663
18146,5,0.1981
18147,7,0.2047
18148,19,0.2037
18149,5,0.3494
18150,5,0.3404
18151,7,0.1975
18152,19,0.2060
18153,7,0.1852
18154,7,0.1938
18155,19,0.1902
18156,7,0.2118
18157,19,0.2174
18158,19,0.2906
18159,19,0.2143
18160,5,0.2366
18161,7,0.2082
18162,5,0.1629
18163,9,0.1720
18164,7,0.2740
18165,19,0.2458
18166,19,0.1385
18167,19,0.2223
18168,19,0.2267
18169,19,0.1994
18170,19,0.2146
18171,19,0.2652
18172,19,0.2315
18173,19,0.2868
18174,9,0.2286
18175,9,0.2024
18176,9,0.2055
18177,19,0.2859
18178,19,0.1685
18179,19,0.1721
18180,9,0.1586
18181,7,0.2114
18182,21,0.1639
18183,19,0.2358
18184,9,0.1750
18185,23,0.1888
18186,5,0.2492
18187,5,0.1308
18188,19,0.1805
18189,19,0.1949
18190,15,0.2175
18191,7,0.2597
18192,7,0.2008
18193,19,0.1759
18194,19,0.1948
18195,19,0.1578
18196,19,0.1890
18197,15,0.2109
18198,19,0.2447
18199,21,0.1428
18200,21,0.1912
18201,19,0.2290
18202,19,0.2608
18203,23,0.1733
18204,19,0.2880
18205,19,0.3664
18206,19,0.2348
18207,19,0.2405
18208,15,0.2143
18209,19,0.2551
18210,19,0.1847
18211,19,0.1952
18212,16,0.1590
18213,19,0.2325
18214,21,0.1884
18215,19,0.2145
18216,19,0.2236
18217,19,0.2181
18218,23,0.2915
18219,19,0.1564
18220,19,0.1507
18221,15,0.2844
18222,19,0.2240
18223,19,0.2959
18224,19,0.2568
18225,19,0.1524
18226,19,0.1767
18227,24,0.2263
18228,21,0.1811
18229,23,0.1749
18230,19,0.2681
18231,19,0.2229
18232,23,0.2467
18233,19,0.2879
18234,19,0.2139
18235,19,0.2720
18236,14,0.1044
18237,21,0.1761
18238,21,0.1333
18239,21,0.1120
18240,8,0.1866
18241,16,0.3102
18242,16,0.4387
18243,16,0.4325
18244,16,0.4175
18245,19,0.1707
18246,17,0.1538
18247,19,0.1547
18248,17,0.1139
18250,19,0.1472
18251,12,0.1504
18252,17,0.1514
18255,16,0.2370
18256,15,0.1382
18257,15,0.2234
18258,16,0.1955
18259,19,0.1047
18260,5,0.1843
18261,19,0.1036
18262,21,0.1501
18263,9,0.1967
18264,19,0.1674
18265,23,0.2591
18266,16,0.3037
18268,19,0.1732
18269,21,0.2144
18270,21,0.2514
18271,21,0.2340
18272,21,0.3172
18273,21,0.1762
18274,24,0.1308
18275,24,0.1582
18276,7,0.1498
18277,9,0.2128
18278,9,0.2244
18279,19,0.2404
18280,19,0.1380
18281,8,0.1163
18282,21,0.1423
18283,7,0.1158
18284,0,0.1176
18285,21,0.1200
18286,19,0.1656
18287,23,0.1870
18288,19,0.1808
18289,19,0.1667
18290,24,0.1853
18291,23,0.1093
18292,19,0.1419
18293,16,0.4657
18294,16,0.3285
18295,19,0.1598
18296,9,0.3610
18297,9,0.1402
18298,23,0.2663
18299,23,0.2688
18300,16,0.1395
18301,22,0.1434
18302,8,0.2165
18303,23,0.1126
18304,20,0.1106
18305,19,0.1253
18306,19,0.1883
18307,19,0.1941
18308,4,0.7622
18309,4,0.6009
18310,15,0.2206
18311,15,0.2332
18312,15,0.2649
18313,16,0.1855
18314,16,0.1566
18315,19,0.1632
18316,7,0.3080
18317,7,0.2651
18318,16,0.1307
18319,16,0.1541
18320,21,0.2253
18321,7,0.2818
18322,7,0.2619
18323,7,0.2453
18324,15,0.1455
18325,15,0.1805
18326,15,0.1828
18327,5,0.1490
18328,19,0.1138
18329,19,0.1916
18330,21,0.1890
18331,15,0.1470
18332,19,0.1593
18333,19,0.2945
18334,7,0.2775
18335,5,0.1953
18336,15,0.2012
18337,19,0.2606
18338,19,0.2047
18339,7,0.2739
18340,7,0.2075
18341,7,0.1997
18342,7,0.1433
18343,19,0.1882
18344,7,0.1520
18345,7,0.2055
18346,5,0.1441
18347,7,0.3490
18348,7,0.3771
18349,23,0.1368
18350,19,0.1648
18351,7,0.2612
18352,24,0.1299
18353,19,0.1518
18354,7,0.1898
18355,7,0.2056
18356,21,0.1625
18357,21,0.1639
18358,7,0.1844
18359,7,0.2672
18360,19,0.1571
18361,5,0.1468
18362,7,0.1960
18363,5,0.1401
18364,5,0.1910
18365,9,0.2050
18366,5,0.1829
18367,5,0.1925
18368,16,0.1329
18369,28,0.1893
18370,7,0.1643
18371,15,0.1418
18372,15,0.1696
18373,21,0.1477
18374,19,0.1764
18375,7,0.1896
18376,19,0.1328
18377,0,0.1289
18378,5,0.1712
18379,7,0.1200
18380,23,0.1273
18381,19,0.1835
18382,19,0.2040
18383,7,0.2605
18384,7,0.2601
18385,5,0.1579
18386,5,0.1444
18387,7,0.2015
18389,5,0.1139
18390,7,0.2072
18391,25,0.1212
18392,16,0.1390
18393,19,0.1340
18394,15,0.2136
18395,7,0.2562
18396,24,0.1282
18397,14,0.1160
18398,7,0.2013
18399,7,0.2479
18400,8,0.2793
18401,8,0.3020
18402,21,0.1665
18403,7,0.1942
18404,7,0.2910
18405,7,0.3312
18406,19,0.1642
18407,15,0.1441
18408,15,0.3104
18409,15,0.1863
18410,7,0.1676
18411,24,0.1738
18412,19,0.1663
18413,24,0.2743
18414,24,0.5068
18415,7,0.2091
18416,24,0.2026
18417,24,0.1918
18418,7,0.1490
18419,7,0.1627
18420,21,0.1366
18421,24,0.1225
18422,24,0.1946
18423,24,0.4218
18424,24,0.5015
18425,24,0.4004
18426,7,0.2089
18427,18,0.1050
18428,2,0.1910
18429,18,0.1326
18430,7,0.1376
18431,19,0.1039
18432,5,0.1555
18433,18,0.1804
18434,18,0.1362
18435,18,0.1675
18436,15,0.1494
18437,18,0.1358
18438,18,0.1082
18439,18,0.1451
18440,7,0.1225
18441,7,0.1555
18442,18,0.1385
18443,7,0.1130
18444,7,0.1650
18445,7,0.1964
18446,24,0.1150
18447,15,0.1375
18448,7,0.1119
18449,7,0.1143
18450,21,0.1085
18451,25,0.1316
18452,24,0.1992
18453,24,0.1343
18454,21,0.1088
18455,24,0.1860
18456,24,0.2310
18458,7,0.1211
18459,7,0.1375
18460,24,0.1312
18461,7,0.1441
18462,7,0.1124
18463,7,0.1422
18466,21,0.1326
18467,7,0.1169
18468,7,0.1735
18469,7,0.1236
18470,5,0.1593
18471,7,0.1796
18474,7,0.1128
18475,7,0.1502
18476,7,0.1420
18477,18,0.1707
18478,18,0.1672
18479,7,0.1216
18480,7,0.1050
18481,7,0.1414
18482,7,0.1169
18483,32,0.1114
18484,24,0.1120
18485,7,0.1261
18487,18,0.1091
18488,18,0.1079
18489,24,0.1478
18490,7,0.1487
18491,9,0.1621
18492,5,0.1372
18493,24,0.2284
18495,32,0.1750
18496,7,0.1104
18497,24,0.1063
18500,19,0.1235
18501,19,0.1025
18502,7,0.1116
18503,24,0.1209
18505,21,0.1344
18506,5,0.1514
18507,7,0.1792
18509,18,0.1930
18510,18,0.1787
18511,7,0.1567
18512,5,0.1562
18513,18,0.1186
18514,15,0.1470
18515,5,0.1228
18516,7,0.1228
18517,7,0.1108
18518,24,0.1535
18520,7,0.1075
18521,7,0.1089
18524,7,0.1289
18525,20,0.1108
18527,7,0.1494
18528,7,0.1192
18530,7,0.1299
18531,7,0.1384
18533,32,0.1479
18534,7,0.1421
18535,24,0.1484
18537,7,0.1636
18538,7,0.1597
18539,7,0.2226
18540,7,0.1511
18543,24,0.1113
18546,7,0.1380
18547,7,0.1448
18548,7,0.1742
18549,5,0.1420
18550,5,0.2155
18551,24,0.1080
18554,6,0.1319
18555,5,0.1584
18556,7,0.1307
18557,21,0.1335
18562,19,0.1177
18563,24,0.1627
18564,7,0.1453
18565,21,0.1475
18567,24,0.1232
18568,7,0.1884
18569,5,0.1723
18570,24,0.1818
18571,7,0.1472
18572,5,0.1524
18573,7,0.1451
18574,21,0.1130
18576,5,0.1135
18577,24,0.1323
18578,24,0.2680
18579,7,0.1862
18580,7,0.1899
18581,19,0.1233
18582,5,0.1171
18583,7,0.1361
18584,7,0.1513
18585,7,0.1251
18586,5,0.2318
18587,5,0.1116
18588,24,0.2787
18589,24,0.1422
18590,5,0.2368
18591,5,0.3458
18592,5,0.2096
18593,7,0.1499
18595,7,0.1387
18596,5,0.1729
18597,7,0.1371
18598,7,0.1932
18599,7,0.1709
18600,24,0.2042
18601,7,0.1621
18602,7,0.1546
18603,24,0.1550
18604,24,0.1614
18605,21,0.1178
18606,10,0.1274
18607,24,0.2545
18608,7,0.1502
18610,24,0.1235
18611,5,0.2141
18612,5,0.2872
18613,7,0.1766
18614,5,0.1416
18616,21,0.1238
18617,5,0.2166
18618,7,0.1234
18619,5,0.1153
18620,5,0.1462
18621,5,0.1718
18623,24,0.1298
18624,21,0.1445
18625,7,0.1353
18626,7,0.1482
18627,7,0.1686
18628,21,0.1587
18629,21,0.1252
18630,5,0.1552
18631,5,0.1475
18632,7,0.1073
18633,7,0.1126
18634,7,0.1138
18636,5,0.1145
18637,5,0.1934
18638,7,0.1543
18639,7,0.1407
18640,5,0.1759
18641,7,0.1548
18642,19,0.1191
18645,20,0.1990
18646,8,0.5534
18647,8,0.8105
18648,8,0.4262
18649,21,0.1054
18650,30,0.1268
18651,21,0.1127
18652,21,0.1425
18653,19,0.1602
18654,19,0.1066
18655,21,0.1545
18656,7,0.2136
18657,15,0.1243
18658,15,0.1679
18659,21,0.1134
18660,7,0.2582
18661,15,0.1538
18662,5,0.2035
18663,7,0.2077
18664,7,0.2036
18665,5,0.1299
18666,19,0.1356
18667,19,0.1745
18668,6,0.1252
18669,8,0.6365
18671,8,0.1603
18672,8,0.2974
18673,8,0.4825
18674,8,0.4064
18675,8,0.1868
18676,8,0.5589
18677,8,0.1639
18678,8,0.2828
18679,8,0.1603
18680,5,0.1880
18681,15,0.1573
18682,19,0.1311
18683,7,0.2464
18684,19,0.1654
18685,19,0.1717
18686,16,0.1078
18688,6,0.1045
18689,15,0.1163
18690,16,0.1183
18691,8,0.1260
18692,22,0.1197
18693,8,0.1957
18694,28,0.1947
18695,2,0.1126
18696,12,0.1519
18697,12,0.1644
18698,7,0.1047
18699,7,0.1854
18700,5,0.2606
18701,7,0.1035
18702,30,0.1307
18703,8,0.3642
18706,8,0.6264
18707,6,0.1721
18708,5,0.1803
18709,7,0.1095
18711,7,0.1215
18712,21,0.1430
18713,21,0.1345
18714,7,0.1349
18715,7,0.1374
18716,7,0.1075
18718,24,0.1071
18719,21,0.1233
18720,7,0.2024
18721,19,0.1671
18722,0,0.2298
18723,0,0.2170
18724,0,0.1478
18725,0,0.1683
18726,31,0.1027
18727,4,0.5359
18728,4,0.6512
18729,4,0.4773
18730,4,0.4647
18731,4,0.2705
18732,4,0.5333
18734,19,0.1419
18735,31,0.1818
18736,33,0.1289
18737,16,0.2693
18738,28,0.1031
18739,0,0.3020
18740,25,0.1131
18741,15,0.3263
18742,15,0.1815
18743,15,0.2887
18744,15,0.2375
18745,15,0.1198
18746,5,0.2386
18747,7,0.4039
18748,15,0.2686
18749,15,0.1672
18750,7,0.1449
18751,7,0.2411
18752,7,0.1669
18753,31,0.1316
18754,31,0.1159
18755,15,0.1282
18756,5,0.2113
18757,7,0.2158
18758,5,0.2564
18759,7,0.1237
18760,15,0.1736
18761,5,0.2294
18764,5,0.2158
18765,24,0.1088
18766,32,0.1464
18767,15,0.1572
18768,7,0.2014
18769,15,0.1537
18770,7,0.1772
18771,31,0.2211
18773,5,0.1593
18774,0,0.1555
18775,0,0.2308
18776,7,0.1179
18777,33,0.2517
18778,33,0.2143
18779,7,0.1840
18780,5,0.2123
18781,7,0.2293
18782,5,0.2891
18783,5,0.1884
18784,5,0.1632
18785,5,0.2137
18787,7,0.1058
18788,5,0.1910
18789,5,0.1038
18790,19,0.1148
18791,15,0.1109
18793,7,0.1835
18794,7,0.2291
18795,19,0.1840
18796,15,0.1473
18797,7,0.2397
18798,24,0.1421
18799,32,0.1545
18801,5,0.3303
18802,5,0.3017
18803,5,0.4077
18804,5,0.2599
18805,9,0.2501
18806,5,0.1773
18807,5,0.2292
18808,9,0.2711
18809,5,0.1864
18810,9,0.3400
18811,9,0.3357
18812,5,0.2343
18813,5,0.3017
18814,5,0.3191
18815,5,0.2249
18816,5,0.2681
18817,9,0.3779
18818,9,0.4071
18819,9,0.3715
18820,9,0.2647
18821,5,0.2751
18822,5,0.4566
18823,5,0.3244
18824,5,0.3098
18825,6,0.1265
18826,5,0.2049
18827,5,0.3122
18828,5,0.3282
18829,9,0.2744
18830,5,0.2620
18831,5,0.1619
18832,5,0.3011
18833,5,0.2397
18834,5,0.4078
18835,5,0.3384
18836,5,0.1739
18837,5,0.2830
18838,5,0.2380
18839,5,0.2520
18840,5,0.1118
18841,5,0.2352
18842,5,0.3063
18843,5,0.3597
18844,5,0.4036
18845,5,0.5146
18846,5,0.1943
18847,23,0.1305
18848,5,0.2115
18849,5,0.3600
18850,5,0.1547
18851,5,0.1664
18852,5,0.1036
18853,5,0.2394
18854,9,0.3183
18855,9,0.2855
18856,9,0.1905
18857,5,0.1838
18858,5,0.2133
18859,5,0.2289
18860,5,0.3153
18861,5,0.2437
18862,5,0.4022
18863,5,0.4391
18864,5,0.4797
18865,5,0.4299
18866,5,0.2726
18867,5,0.2161
18868,5,0.3053
18869,5,0.2712
18870,9,0.2069
18871,5,0.2674
18872,5,0.2553
18873,5,0.1482
18874,9,0.2999
18875,9,0.2763
18876,5,0.2142
18877,5,0.2546
18878,5,0.3175
18879,9,0.4348
18880,19,0.2024
18881,5,0.1877
18882,9,0.2225
18883,5,0.3154
18884,19,0.1434
18886,9,0.1855
18887,5,0.2928
18888,5,0.4253
18889,5,0.3977
18890,5,0.2987
18891,9,0.3381
18892,5,0.1963
18893,5,0.2558
18894,19,0.1890
18895,5,0.2521
18896,5,0.2142
18897,23,0.1189
18898,23,0.1182
18899,5,0.3519
18900,9,0.1693
18901,5,0.2192
18902,5,0.1393
18903,5,0.2929
18904,5,0.5717
18905,5,0.3795
18906,9,0.2098
18907,5,0.1972
18908,19,0.1436
18909,9,0.2246
18910,5,0.2565
18911,19,0.1715
18912,9,0.2212
18913,9,0.2588
18914,9,0.1929
18915,5,0.2101
18916,5,0.1518
18917,5,0.2309
18918,5,0.2085
18919,5,0.2302
18920,5,0.2162
18921,9,0.2246
18922,8,0.1483
18923,19,0.1568
18924,16,0.1323
18925,5,0.1243
18926,2,0.2262
18928,9,0.3480
18929,5,0.1915
18930,5,0.1794
18931,9,0.1706
18932,5,0.3327
18933,5,0.4466
18934,5,0.2773
18935,9,0.2343
18936,5,0.2104
18937,9,0.1600
18938,5,0.3180
18939,9,0.3157
18940,9,0.2545
18941,5,0.1252
18942,5,0.2096
18943,9,0.2549
18944,19,0.1633
18945,5,0.2762
18946,5,0.2382
18947,5,0.1547
18948,9,0.2364
18949,5,0.2858
18950,5,0.3855
18951,16,0.2196
18952,12,0.1962
18953,19,0.1139
18954,19,0.1047
18955,5,0.1796
18956,4,0.9430
18957,4,0.9630
18958,5,0.1704
18959,19,0.2188
18960,9,0.2009
18961,5,0.3088
18962,5,0.1861
18963,5,0.1573
18964,5,0.2638
18965,5,0.3985
18966,5,0.2065
18967,9,0.1655
18968,9,0.4275
18969,9,0.3256
18970,5,0.3030
18971,5,0.1642
18972,9,0.2374
18973,9,0.2416
18974,9,0.2768
18975,5,0.3169
18976,9,0.1928
18977,5,0.3015
18978,5,0.2624
18979,9,0.3273
18980,9,0.2048
18981,5,0.1709
18982,26,0.1027
18983,12,0.2064
18984,5,0.1264
18985,5,0.1830
18986,5,0.2318
18987,5,0.2590
18988,5,0.3571
18989,5,0.3720
18990,5,0.3569
18991,5,0.1889
18994,2,0.1311
18995,5,0.2867
18996,5,0.3499
18997,5,0.2311
18998,5,0.1417
18999,5,0.2402
19000,5,0.1875
19001,5,0.2369
19002,5,0.4043
19003,5,0.2703
19004,19,0.3266
19005,19,0.3088
19006,19,0.1537
19007,5,0.2069
19008,19,0.3105
19009,5,0.2003
19010,19,0.2085
19011,19,0.1905
19012,9,0.2553
19013,5,0.2167
19014,19,0.2218
19015,19,0.2731
19016,19,0.3024
19017,19,0.3247
19018,19,0.1827
19019,19,0.2182
19020,19,0.3341
19021,19,0.3456
19022,19,0.1732
19023,19,0.2518
19024,19,0.2902
19025,19,0.2624
19026,19,0.2794
19027,19,0.3216
19028,19,0.2794
19029,19,0.2078
19030,19,0.1480
19031,19,0.2656
19032,19,0.2441
19033,19,0.2343
19034,23,0.1943
19035,19,0.2168
19036,19,0.1733
19037,19,0.2531
19038,19,0.2669
19039,23,0.2483
19040,21,0.1909
19041,23,0.2177
19042,19,0.2234
19043,15,0.2358
19044,19,0.2214
19045,19,0.2500
19046,19,0.2431
19047,19,0.2955
19048,19,0.2562
19049,19,0.1929
19050,19,0.2598
19051,9,0.3176
19052,19,0.1727
19053,19,0.2747
19054,19,0.3163
19055,23,0.2139
19056,5,0.1790
19057,5,0.2224
19058,19,0.2989
19059,23,0.2037
19060,9,0.2755
19061,9,0.3039
19062,19,0.2098
19063,19,0.2064
19064,19,0.2278
19065,19,0.2283
19066,19,0.1641
19067,19,0.2431
19068,19,0.1847
19069,19,0.2969
19070,19,0.2044
19071,19,0.2225
19072,19,0.2644
19073,19,0.1998
19074,19,0.2561
19075,13,0.1966
19076,19,0.2316
19077,19,0.2947
19078,19,0.2766
19079,19,0.2060
19080,19,0.2368
19081,19,0.1714
19082,19,0.1704
19083,1,0.1747
19084,19,0.1925
19085,19,0.2045
19086,19,0.2799
19087,19,0.3244
19088,23,0.2853
19089,19,0.2453
19090,9,0.1716
19091,32,0.2555
19092,32,0.3156
19093,32,0.1998
19094,19,0.2556
19095,31,0.1671
19096,32,0.1960
19097,32,0.2408
19098,2,0.1119
19099,32,0.1620
19100,1,0.2215
19101,32,0.1905
19102,15,0.1937
19103,15,0.2031
19104,25,0.1554
19105,31,0.1847
19106,19,0.2433
19107,19,0.1686
19108,19,0.1617
19109,31,0.1384
19110,19,0.2106
19111,32,0.2117
19113,25,0.1402
19114,31,0.1417
19115,19,0.2141
19116,19,0.1596
19117,19,0.2070
19118,25,0.1712
19119,19,0.1648
19120,4,0.1565
19121,28,0.2307
19123,19,0.2225
19124,19,0.1291
19125,19,0.1325
19126,32,0.1503
19127,32,0.2768
19128,32,0.1897
19129,25,0.1499
19130,19,0.1220
19131,31,0.1459
19132,19,0.2149
19133,31,0.1474
19134,19,0.1832
19135,17,0.1192
19136,31,0.1965
19137,19,0.2944
19138,14,0.1409
19139,16,0.1238
19140,28,0.1216
19141,8,0.2195
19142,22,0.2439
19143,22,0.1121
19144,27,0.1193
19145,31,0.1322
19146,15,0.1438
19147,31,0.1344
19148,19,0.1298
19149,19,0.1687
19150,19,0.3734
19151,19,0.2065
19152,19,0.1606
19153,19,0.1675
19154,32,0.1789
19155,19,0.2126
19156,19,0.1342
19157,32,0.1585
19158,19,0.1549
19159,19,0.1533
19160,19,0.1493
19161,32,0.1780
19162,32,0.2840
19163,19,0.1379
19164,19,0.2046
19166,12,0.1776
19167,19,0.1638
19168,21,0.2715
19169,19,0.1547
19170,15,0.2405
19171,19,0.2753
19172,19,0.2034
19173,23,0.1394
19174,19,0.1324
19175,19,0.1682
19176,19,0.1730
19177,19,0.2864
19178,15,0.2208
19179,19,0.2000
19180,19,0.2565
19181,19,0.2157
19182,19,0.1459
19183,19,0.1425
19184,19,0.2062
19185,15,0.2040
19186,15,0.2670
19187,19,0.1224
19188,19,0.1921
19189,32,0.2040
19190,19,0.1634
19191,31,0.1122
19192,32,0.1627
19193,32,0.1869
19194,19,0.1413
19195,19,0.1353
19196,1,0.1355
19197,19,0.2153
19198,19,0.1793
19199,19,0.1493
19200,31,0.1111
19201,19,0.1301
19202,7,0.1896
19203,31,0.1462
19204,19,0.2285
19205,32,0.1698
19206,32,0.2103
19207,19,0.2116
19208,15,0.1855
19209,19,0.1504
19210,31,0.1231
19211,19,0.3042
19212,32,0.2207
19213,31,0.1715
19214,19,0.2245
19215,15,0.1705
19216,19,0.2828
19217,19,0.3367
19218,19,0.1756
19219,19,0.1452
19220,19,0.2881
19221,19,0.2213
19222,19,0.1599
19224,31,0.1216
19225,19,0.1396
19226,19,0.1381
19227,19,0.1812
19228,19,0.1934
19229,5,0.1563
19230,19,0.1915
19231,32,0.1429
19232,32,0.2254
19233,19,0.1609
19234,19,0.2206
19235,19,0.1627
19236,15,0.1231
19237,31,0.1512
19238,19,0.2245
19239,19,0.1169
19240,19,0.1441
19241,1,0.3227
19242,32,0.1794
19243,19,0.1895
19244,19,0.1609
19245,1,0.1630
19246,19,0.2327
19247,19,0.1939
19248,31,0.1353
19249,15,0.1819
19250,19,0.3028
19251,15,0.1777
19252,15,0.2839
19253,15,0.2461
19254,15,0.1638
19255,19,0.1850
19256,5,0.2400
19257,19,0.1278
19259,12,0.1302
19260,31,0.1134
19261,19,0.1752
19262,15,0.1360
19263,7,0.2057
19264,19,0.1418
19265,15,0.1612
19266,1,0.2284
19267,23,0.1250
19268,19,0.1593
19269,19,0.2313
19270,23,0.2096
19271,21,0.1662
19272,19,0.2161
19273,7,0.1915
19274,19,0.2737
19275,21,0.1300
19276,1,0.3199
19277,19,0.1147
19278,7,0.1549
19279,15,0.1300
19280,19,0.1546
19281,7,0.1463
19282,19,0.1812
19283,19,0.1984
19284,19,0.1239
19285,19,0.1902
19286,19,0.1653
19287,19,0.1427
19288,19,0.2692
19289,19,0.1027
19290,23,0.1655
19291,1,0.1930
19293,7,0.1354
19294,15,0.1770
19295,19,0.2382
19296,19,0.2100
19297,9,0.1699
19298,5,0.2444
19299,19,0.1782
19300,19,0.1843
19301,19,0.1508
19302,21,0.2149
19303,21,0.1094
19304,7,0.2111
19305,7,0.2558
19306,19,0.1924
19307,19,0.1246
19308,21,0.1143
19311,24,0.1252
19312,0,0.1178
19313,21,0.1373
19314,7,0.1072
19316,21,0.1036
19317,21,0.1323
19318,1,0.2368
19319,1,0.5551
19320,0,0.2004
19321,8,0.3327
19322,7,0.1452
19323,24,0.1284
19324,24,0.1552
19325,19,0.1391
19327,1,0.1193
19328,8,0.3134
19329,19,0.1719
19330,7,0.1126
19331,0,0.1590
19332,7,0.1208
19333,8,0.1190
19334,7,0.1238
19335,7,0.1220
19336,7,0.1140
19337,7,0.1439
19338,30,0.1481
19339,30,0.1462
19340,7,0.1995
19341,24,0.1815
19342,24,0.1875
19343,19,0.1106
19344,22,0.2385
19345,0,0.2010
19346,0,0.3196
19347,1,0.4982
19348,0,0.1424
19349,8,0.2764
19350,15,0.1437
19351,9,0.1529
19353,19,0.1714
19354,24,0.3023
19355,7,0.2595
19356,24,0.2060
19357,7,0.1426
19358,8,0.2070
19359,8,0.3109
19360,1,0.3713
19361,0,0.2884
19362,0,0.2751
19364,7,0.1768
19365,0,0.1991
19366,0,0.1954
19367,7,0.1557
19368,7,0.1763
19369,19,0.1299
19370,24,0.1422
19372,7,0.3306
19373,7,0.2393
19374,24,0.2253
19375,21,0.1768
19376,21,0.2464
19377,24,0.1077
19378,7,0.1770
19379,7,0.2285
19381,0,0.2031
19382,1,0.1811
19383,1,0.2416
19384,1,0.1341
19385,16,0.1090
19387,24,0.1356
19388,32,0.1430
19390,7,0.1412
19391,21,0.1483
19392,21,0.1239
19393,8,0.3460
19394,8,0.3567
19395,8,0.4733
19396,8,0.1174
19397,7,0.2519
19398,23,0.1552
19400,21,0.1835
19401,24,0.4560
19402,24,0.2934
19403,19,0.1917
19404,7,0.2365
19405,19,0.2024
19406,16,0.1522
19407,16,0.1286
19408,5,0.1160
19409,24,0.1503
19410,8,0.1041
19411,8,0.1092
19412,21,0.1123
19413,8,0.1406
19414,0,0.1476
19415,8,0.3898
19416,2,0.1336
19417,7,0.1524
19418,6,0.1161
19419,6,0.1379
19420,7,0.1904
19421,7,0.1370
19422,24,0.1858
19423,24,0.2228
19424,7,0.1584
19425,7,0.1585
19426,8,0.3936
19427,8,0.3909
19428,12,0.1259
19430,21,0.1226
19431,21,0.1206
19432,21,0.1303
19433,21,0.1107
19434,21,0.1240
19435,7,0.1169
19436,7,0.1450
19437,21,0.1687
19438,21,0.1393
19439,21,0.1162
19440,21,0.1222
19441,21,0.1498
19442,21,0.1423
19444,24,0.1326
19445,7,0.2495
19446,7,0.1477
19447,11,0.1292
19448,21,0.1832
19449,7,0.1341
19450,7,0.1290
19451,24,0.1949
19452,21,0.1694
19453,21,0.1427
19454,5,0.1347
19455,7,0.1557
19456,7,0.1757
19457,19,0.1169
19458,7,0.1640
19459,24,0.3722
19460,21,0.2014
19462,19,0.1199
19463,19,0.1512
19464,7,0.1806
19465,7,0.1586
19466,7,0.1561
19467,21,0.1784
19468,0,0.1338
19469,21,0.2096
19470,7,0.1570
19471,7,0.1365
19472,7,0.1225
19473,7,0.1078
19474,21,0.1737
19475,21,0.1708
19476,24,0.1799
19477,7,0.1410
19478,24,0.1391
19479,7,0.1818
19480,7,0.1942
19481,21,0.1623
19482,21,0.1340
19483,1,0.2097
19484,1,0.1053
19485,7,0.1476
19486,7,0.1878
19487,21,0.1152
19488,7,0.1100
19489,7,0.1122
19490,21,0.1337
19491,19,0.1557
19492,24,0.1923
19493,7,0.1830
19494,21,0.1875
19495,21,0.1567
19496,0,0.1482
19497,7,0.1716
19498,7,0.1522
19499,21,0.1276
19500,0,0.2385
19501,0,0.2970
19502,7,0.1495
19503,21,0.1609
19504,24,0.1551
19505,21,0.1602
19506,7,0.1442
19507,24,0.2379
19508,7,0.2215
19509,21,0.1369
19510,21,0.1560
19511,21,0.1702
19512,21,0.1430
19513,8,0.2609
19514,8,0.4240
19515,21,0.1239
19516,24,0.1269
19517,8,0.3487
19518,20,0.1673
19519,21,0.1417
19520,24,0.1254
19521,20,0.1276
19522,30,0.1379
19523,30,0.1343
19524,21,0.1239
19525,24,0.2483
19526,24,0.2201
19527,30,0.2102
19528,7,0.2689
19529,7,0.1249
19530,8,0.1874
19531,30,0.1713
19532,24,0.2357
19533,1,0.1216
19534,8,0.6563
19535,8,0.4597
19538,8,0.3142
19539,6,0.1270
19540,23,0.1045
19541,8,0.2331
19542,20,0.3074
19543,24,0.1647
19544,21,0.1154
19546,8,0.3801
19547,30,0.1896
19548,7,0.1501
19549,24,0.2437
19550,20,0.2106
19551,20,0.1786
19552,21,0.1262
19553,21,0.1518
19554,24,0.3192
19555,24,0.1617
19556,7,0.1179
19557,7,0.1297
19558,24,0.2132
19559,24,0.3324
19560,19,0.1805
19561,8,0.1334
19562,24,0.2039
19563,24,0.1733
19564,24,0.1350
19565,24,0.1607
19566,21,0.1750
19567,21,0.2006
19568,23,0.1178
19569,23,0.2301
19570,24,0.1737
19571,21,0.1292
19572,21,0.1255
19573,24,0.3420
19574,24,0.2386
19575,24,0.2695
19576,7,0.1535
19577,24,0.2479
19578,22,0.2433
19579,8,0.2590
19580,21,0.1741
19581,21,0.1277
19582,24,0.2107
19583,24,0.2382
19584,4,0.1044
19585,6,0.1358
19586,28,0.1433
19587,28,0.1183
19588,4,0.1210
19589,4,0.1858
19590,4,0.1568
19591,4,0.1563
19592,4,0.2041
19593,5,0.1732
19594,12,0.1174
19595,12,0.1212
19596,9,0.1956
19597,1,0.1603
19598,4,0.1449
19599,9,0.2032
19600,1,0.2901
19601,1,0.1680
19602,1,0.2224
19603,1,0.1661
19606,4,0.1196
19607,28,0.1141
19609,12,0.1162
19610,4,0.2117
19611,4,0.4010
19613,23,0.1566
19614,23,0.1455
19615,9,0.2670
19616,9,0.1059
19617,12,0.1085
19618,4,0.3157
19619,9,0.1057
19620,4,0.1778
19621,4,0.1115
19622,4,0.1962
19623,5,0.1396
19625,5,0.2832
19626,4,0.1565
19627,1,0.1076
19628,1,0.2061
19629,4,0.2707
19631,19,0.1433
19632,1,0.1073
19633,19,0.1436
19634,19,0.2072
19635,5,0.1829
19636,9,0.1996
19637,9,0.1232
19638,5,0.2601
19639,9,0.2422
19640,9,0.2757
19641,9,0.2333
19642,19,0.1450
19643,1,0.1383
19644,4,0.2489
19645,2,0.1079
19646,19,0.1709
19647,9,0.1952
19648,9,0.2052
19649,5,0.1532
19650,19,0.1106
19651,9,0.1310
19652,1,0.2048
19653,1,0.1377
19655,4,0.1168
19657,1,0.2952
19658,1,0.1463
19659,5,0.1684
19660,6,0.1120
19661,8,0.1965
19662,16,0.2030
19663,16,0.2088
19664,19,0.2096
19665,19,0.1179
19666,5,0.1812
19667,5,0.2961
19668,1,0.1672
19669,19,0.1485
19671,12,0.1510
19672,23,0.1413
19673,9,0.1274
19674,5,0.3107
19675,5,0.1423
19676,1,0.1403
19678,1,0.1410
19680,5,0.1666
19681,19,0.1249
19682,5,0.1521
19684,9,0.1898
19685,19,0.1424
19686,19,0.1251
19687,19,0.1327
19689,12,0.1096
19690,5,0.1413
19691,5,0.2055
19692,12,0.1267
19693,12,0.1297
19694,4,0.3178
19695,16,0.1272
19696,19,0.1200
19697,9,0.1948
19698,19,0.2261
19699,19,0.1934
19700,19,0.2184
19701,19,0.2821
19702,19,0.1843
19703,19,0.3174
19704,19,0.2202
19705,19,0.2088
19706,19,0.1672
19707,19,0.2254
19708,8,0.1762
19709,16,0.1305
19710,19,0.2105
19711,8,0.6015
19712,16,0.4854
19713,19,0.3447
19714,19,0.2213
19715,19,0.1941
19716,19,0.1778
19717,23,0.2140
19718,19,0.1526
19719,19,0.1772
19720,19,0.2224
19721,19,0.1538
19722,19,0.2405
19723,15,0.3149
19724,15,0.2390
19725,19,0.1624
19726,16,0.1826
19727,19,0.2104
19728,9,0.2580
19729,8,0.6373
19730,8,0.7902
19731,19,0.2091
19732,19,0.2262
19733,19,0.2280
19734,19,0.3248
19735,19,0.1683
19736,19,0.1795
19737,19,0.2691
19738,16,0.2319
19739,19,0.2156
19740,19,0.2399
19741,9,0.1926
19742,16,0.2849
19743,21,0.2285
19744,23,0.2383
19745,9,0.2395
19746,9,0.2605
19747,9,0.2037
19748,19,0.1912
19749,19,0.2076
19750,19,0.1894
19751,5,0.2271
19752,24,0.1136
19753,19,0.1854
19756,21,0.1211
19757,21,0.1105
19760,1,0.2035
19761,0,0.1109
19762,24,0.1111
19763,21,0.1480
19764,21,0.1635
19765,5,0.1678
19768,5,0.1274
19771,7,0.2044
19772,19,0.1703
19773,12,0.1172
19774,7,0.2010
19775,7,0.1722
19776,5,0.1459
19778,21,0.2644
19779,7,0.2260
19780,21,0.1521
19781,21,0.1520
19782,16,0.2094
19783,8,0.2337
19784,5,0.1104
19786,19,0.2362
19787,7,0.1928
19788,24,0.1976
19789,24,0.4727
19790,24,0.3215
19791,24,0.1705
19792,1,0.1310
19793,11,0.1525
19794,21,0.2824
19795,30,0.1193
19798,19,0.1137
19799,30,0.1310
19800,24,0.1300
19801,7,0.1061
19802,8,0.2629
19803,8,0.4023
19804,19,0.1027
19805,16,0.1992
19806,16,0.1323
19807,8,0.4024
19808,20,0.3235
19809,8,0.3039
19810,16,0.1881
19811,22,0.1138
19812,28,0.1892
19813,24,0.1729
19814,8,0.3358
19815,8,0.2477
19817,28,0.1532
19818,19,0.1374
19821,1,0.1268
19824,21,0.1138
19825,7,0.2343
19826,7,0.1510
19827,7,0.1351
19829,19,0.1366
19830,19,0.1216
19832,16,0.2041
19833,8,0.3850
19834,21,0.1294
19835,24,0.1535
19836,24,0.2123
19837,21,0.1238
19838,23,0.1264
19839,23,0.2667
19840,23,0.1230
19843,24,0.1466
19844,24,0.2295
19845,24,0.2785
19846,21,0.1181
19847,5,0.1038
19849,7,0.1606
19850,24,0.4969
19851,31,0.1948
19853,7,0.1457
19854,24,0.1217
19857,24,0.1060
19858,24,0.2560
19859,19,0.1453
19861,0,0.1182
19862,11,0.1632
19863,0,0.1074
19864,5,0.1444
19865,32,0.1280
19866,32,0.2517
19867,31,0.1270
19868,24,0.1387
19870,18,0.1377
19871,7,0.1367
19872,19,0.1416
19873,21,0.1544
19874,21,0.1921
19875,7,0.1773
19876,7,0.2672
19877,19,0.1182
19878,7,0.1243
19879,24,0.3497
19880,24,0.3251
19881,7,0.1342
19882,7,0.1182
19883,21,0.1547
19884,21,0.2511
19885,7,0.2107
19886,21,0.1247
19887,23,0.1088
19888,23,0.1826
19889,1,0.1164
19890,32,0.1432
19892,7,0.1615
19893,7,0.1611
19894,7,0.1228
19896,8,0.3092
19897,8,0.3900
19899,7,0.1348
19901,24,0.1447
19902,24,0.3726
19903,24,0.1736
19904,21,0.1053
19905,7,0.1315
19906,24,0.2650
19907,24,0.3611
19908,24,0.2092
19909,7,0.1730
19910,7,0.1334
19912,19,0.1826
19913,19,0.1499
19914,5,0.1733
19915,5,0.1433
19916,23,0.1477
19917,19,0.1513
19919,24,0.1225
19920,21,0.1040
19921,23,0.1173
19922,7,0.1347
19923,11,0.1506
19924,1,0.2667
19925,0,0.1365
19926,8,0.2519
19927,21,0.1584
19928,21,0.1506
19929,21,0.1225
19930,7,0.1124
19931,23,0.1124
19932,20,0.1935
19933,7,0.1353
19934,21,0.1285
19935,7,0.1179
19937,9,0.1885
19938,21,0.1589
19939,21,0.1407
19940,7,0.1098
19941,5,0.1049
19943,30,0.1497
19944,7,0.1286
19945,7,0.1140
19946,8,0.1505
19947,19,0.2224
19948,16,0.1407
19949,12,0.1093
19950,2,0.3552
19951,18,0.1071
19952,19,0.1123
19953,5,0.1765
19954,5,0.1081
19955,14,0.1398
19956,21,0.1228
19957,15,0.2212
19958,14,0.1896
19959,8,0.4723
19960,6,0.1446
19961,15,0.2080
19962,13,0.3108
19963,16,0.2533
19964,8,0.6713
19966,14,0.1255
19967,13,0.2015
19968,8,0.2011
19969,21,0.1309
19970,7,0.1701
19971,24,0.1298
19972,24,0.2155
19973,23,0.1208
19975,19,0.1387
19976,21,0.1185
19977,7,0.2229
19978,24,0.2961
19979,21,0.1699
19980,21,0.1202
19981,7,0.1689
19982,19,0.1730
19983,7,0.2373
19984,32,0.1823
19985,1,0.2329
19986,0,0.2301
19987,33,0.1453
19988,21,0.1945
19989,11,0.1901
19990,1,0.1417
19991,7,0.1278
19992,7,0.1969
19993,30,0.1603
19994,32,0.1073
19995,18,0.1395
19996,32,0.1471
19997,32,0.1254
19998,21,0.1601
19999,11,0.1304
20000,5,0.1243
20001,24,0.1854
20002,30,0.1820
20003,8,0.1462
20004,19,0.1782
20005,6,0.1793
20006,10,0.2082
20007,10,0.1831
20008,19,0.1684
20009,19,0.2186
20010,19,0.1524
20011,19,0.1847
20012,19,0.2192
20013,10,0.1648
20014,23,0.1672
20015,7,0.1607
20016,19,0.2333
20017,10,0.1778
20018,10,0.2448
20019,19,0.1852
20020,10,0.1866
20021,23,0.1565
20022,19,0.1521
20023,5,0.2253
20024,10,0.2348
20025,24,0.1863
20026,7,0.1423
20027,10,0.1800
20028,23,0.1764
20029,19,0.1610
20030,10,0.1407
20031,19,0.1363
20032,10,0.1726
20033,10,0.1723
20034,24,0.2149
20035,7,0.1404
20036,10,0.1219
20037,6,0.1300
20038,6,0.1803
20039,23,0.1142
20041,19,0.1529
20042,6,0.1219
20043,7,0.1865
20044,5,0.1536
20045,10,0.1926
20046,23,0.2118
20047,23,0.2439
20048,23,0.1740
20049,23,0.1225
20050,5,0.1442
20051,5,0.4298
20052,19,0.1424
20054,19,0.1352
20055,19,0.1501
20056,23,0.1599
20057,23,0.1634
20058,10,0.1751
20059,19,0.1464
20060,7,0.1648
20061,7,0.1987
20063,5,0.2552
20064,7,0.1258
20065,7,0.1177
20066,24,0.1795
20067,24,0.1724
20068,19,0.1643
20069,10,0.1696
20070,5,0.2359
20071,6,0.1043
20072,28,0.1384
20073,7,0.1838
20074,7,0.1692
20075,19,0.2156
20076,19,0.1797
20077,19,0.1560
20078,7,0.1417
20079,10,0.1585
20080,10,0.1781
20081,19,0.2091
20082,7,0.1578
20083,10,0.1337
20084,8,0.1731
20085,10,0.1727
20086,5,0.2255
20087,10,0.1573
20088,5,0.1521
20089,7,0.1430
20090,7,0.1422
20091,21,0.2492
20092,8,0.1638
20093,8,0.2911
20094,9,0.2330
20095,19,0.2036
20096,21,0.1609
20097,8,0.2710
20098,8,0.4079
20099,9,0.1367
20100,8,0.2333
20101,19,0.1782
20102,7,0.1673
20103,8,0.1612
20104,19,0.1598
20105,19,0.2220
20106,7,0.2872
20107,7,0.1977
20108,21,0.2966
20109,7,0.2111
20110,19,0.1819
20111,21,0.1691
20112,7,0.2403
20113,7,0.1472
20114,7,0.2499
20115,0,0.1283
20116,8,0.2375
20117,8,0.3384
20118,16,0.2690
20119,23,0.2100
20120,9,0.2388
20121,7,0.2064
20122,16,0.1440
20123,16,0.6719
20124,16,0.5286
20125,16,0.4965
20126,8,0.3674
20127,21,0.3312
20128,21,0.1410
20129,7,0.1360
20130,7,0.2506
20131,4,0.1568
20132,0,0.1649
20133,15,0.1602
20134,4,0.4869
20135,1,0.2203
20136,4,0.3540
20137,0,0.3419
20138,7,0.2126
20139,4,0.4314
20140,1,0.2750
20141,0,0.3832
20142,4,0.6009
20143,16,0.2560
20144,19,0.2371
20145,16,0.3026
20146,8,0.3144
20147,8,0.7282
20148,8,0.1804
20149,16,0.1107
20150,8,0.5938
20151,8,0.5453
20152,8,0.2921
20153,19,0.1855
20154,8,0.1738
20155,8,0.3667
20156,8,0.2475
20157,19,0.1523
20158,24,0.2624
20159,19,0.1534
20160,7,0.2912
20161,24,0.2578
20162,30,0.1672
20163,24,0.1269
20164,19,0.1143
20165,24,0.1337
20166,16,0.2256
20167,7,0.1631
20168,7,0.1377
20169,24,0.1661
20170,10,0.1405
20171,24,0.1864
20172,24,0.3028
20173,24,0.2608
20174,21,0.1303
20175,21,0.1359
20176,23,0.2057
20177,19,0.1188
20178,21,0.1458
20179,24,0.3531
20180,24,0.3833
20181,7,0.1790
20182,19,0.1849
20183,19,0.2451
20184,7,0.1972
20185,24,0.1561
20186,24,0.1488
20187,8,0.1530
20188,5,0.1747
20189,21,0.2383
20190,23,0.1368
20191,5,0.2236
20192,7,0.1768
20193,24,0.2039
20194,19,0.1278
20195,5,0.1534
20196,24,0.1247
20197,6,0.1234
20198,21,0.1702
20199,21,0.2522
20200,15,0.1694
20202,7,0.1528
20203,7,0.1144
20204,19,0.1409
20205,5,0.1411
20206,18,0.1036
20207,15,0.1669
20208,5,0.1162
20209,21,0.1318
20210,24,0.1351
20211,24,0.1321
20212,24,0.2302
20213,24,0.1616
20215,19,0.1414
20216,15,0.2035
20217,19,0.1793
20218,19,0.1613
20219,15,0.1542
20220,19,0.1418
20221,6,0.1319
20222,19,0.2045
20223,7,0.1470
20224,5,0.1295
20225,15,0.2320
20226,24,0.2003
20228,32,0.1045
20229,24,0.4222
20230,19,0.1296
20231,19,0.1033
20232,21,0.1270
20233,20,0.1243
20234,12,0.1078
20235,7,0.1830
20236,19,0.1206
20237,7,0.1425
20238,13,0.1170
20240,7,0.1706
20241,21,0.2000
20242,8,0.1972
20243,21,0.2691
20244,23,0.1692
20245,24,0.1971
20246,19,0.1636
20247,7,0.2391
20248,21,0.1631
20249,21,0.2163
20250,21,0.2174
20251,19,0.1263
20252,21,0.1268
20253,9,0.1620
20254,7,0.2030
20255,8,0.4222
20256,9,0.1573
20257,8,0.4647
20258,9,0.1832
20259,9,0.1839
20260,23,0.1631
20261,8,0.1831
20262,8,0.2327
20263,8,0.2906
20264,21,0.1987
20265,5,0.1728
20266,9,0.3151
20267,9,0.1589
20268,8,0.2889
20269,5,0.1704
20270,5,0.2109
20271,21,0.1648
20272,7,0.2437
20273,7,0.2890
20274,19,0.1403
20275,5,0.1965
20276,7,0.2599
20277,21,0.1559
20278,7,0.1953
20279,7,0.2133
20280,5,0.2349
20281,7,0.1171
20282,21,0.2142
20283,21,0.2052
20284,7,0.2055
20285,7,0.2005
20286,24,0.2087
20287,7,0.1814
20288,19,0.1556
20289,9,0.1326
20290,8,0.1809
20291,21,0.2076
20292,21,0.2311
20293,8,0.1822
20294,21,0.2661
20295,8,0.1508
20296,21,0.1251
20297,5,0.1700
20298,19,0.1248
20299,23,0.1463
20300,19,0.1927
20301,19,0.1328
20302,21,0.2761
20303,7,0.1311
20304,7,0.1600
20305,7,0.2505
20306,10,0.1266
20307,7,0.1965
20308,5,0.1599
20309,21,0.1653
20310,10,0.1229
20311,8,0.1962
20312,7,0.1591
20313,5,0.2156
20314,7,0.1897
20315,8,0.3782
20316,9,0.1663
20317,5,0.1141
20318,7,0.1559
20319,5,0.1732
20320,5,0.1799
20321,5,0.2144
20322,7,0.1439
20323,8,0.2448
20324,19,0.1457
20325,9,0.1268
20326,21,0.1683
20327,10,0.1538
20328,21,0.1991
20329,24,0.1307
20330,7,0.1940
20331,9,0.2618
20332,5,0.1648
20333,7,0.1615
20334,7,0.1611
20335,19,0.1525
20336,8,0.4670
20337,21,0.1119
20338,7,0.1933
20339,21,0.1387
20340,8,0.1896
20341,19,0.1129
20342,7,0.2695
20343,19,0.1894
20344,24,0.1038
20345,9,0.1419
20346,8,0.3079
20347,8,0.2850
20348,21,0.3063
20349,19,0.1523
20350,19,0.1778
20351,24,0.1827
20352,19,0.2542
20353,23,0.1330
20354,19,0.1807
20355,12,0.1417
20356,23,0.1502
20357,8,0.1821
20358,22,0.1153
20359,22,0.1934
20360,8,0.2063
20361,23,0.1474
20363,8,0.3257
20364,19,0.1563
20365,19,0.1485
20367,8,0.4976
20368,8,0.1798
20369,8,0.1839
20370,4,0.3339
20371,8,0.7234
20372,8,0.2271
20373,8,0.6793
20374,8,0.5237
20375,8,0.3570
20376,19,0.1107
20377,8,0.1896
20378,4,0.6172
20379,11,0.1276
20380,4,0.9281
20381,4,0.8598
20382,8,0.1272
20383,4,0.7970
20384,4,0.3829
20385,8,0.5875
20386,4,0.9778
20387,8,0.1586
20388,8,0.1278
20389,8,0.2966
20390,16,0.2617
20391,16,0.1255
20392,19,0.1680
20393,16,0.3361
20394,16,0.1689
20395,16,0.2041
20396,19,0.1775
20397,16,0.1559
20398,22,0.1799
20399,16,0.1084
20400,16,0.1457
20401,19,0.1223
20402,8,0.2422
20403,16,0.1802
20404,19,0.2082
20405,19,0.2542
20406,19,0.2595
20407,7,0.1661
20408,7,0.1640
20409,7,0.2007
20410,19,0.1446
20411,24,0.3036
20412,24,0.2868
20413,21,0.1564
20414,8,0.1198
20415,19,0.1299
20416,16,0.1734
20417,7,0.2410
20418,19,0.1680
20419,7,0.2172
20420,7,0.3166
20421,7,0.1895
20422,19,0.2141
20423,7,0.2130
20424,7,0.1823
20425,24,0.2721
20426,16,0.2783
20427,24,0.1493
20428,7,0.1836
20429,19,0.1670
20430,20,0.1199
20431,7,0.1464
20432,7,0.1988
20433,24,0.2966
20434,24,0.2368
20435,7,0.2319
20436,24,0.1873
20437,24,0.1743
20438,24,0.1712
20439,24,0.1510
20440,19,0.2451
20441,19,0.1577
20442,24,0.1735
20443,24,0.2033
20444,15,0.1243
20445,7,0.1613
20446,24,0.1998
20447,7,0.2839
20448,21,0.2252
20449,21,0.2730
20450,21,0.1860
20451,7,0.1961
20452,7,0.2673
20453,7,0.2330
20454,7,0.2135
20455,7,0.2357
20456,7,0.2417
20457,24,0.1966
20458,24,0.1651
20459,7,0.1324
20460,7,0.1783
20461,7,0.3206
20462,7,0.1677
20463,7,0.2109
20464,19,0.1804
20465,7,0.1736
20466,24,0.2640
20467,7,0.2001
20468,7,0.1925
20469,21,0.2668
20470,21,0.1898
20471,7,0.2070
20472,24,0.2377
20473,24,0.2146
20474,24,0.2605
20475,24,0.2196
20476,19,0.1324
20477,7,0.1073
20478,7,0.1755
20479,23,0.1254
20480,20,0.2077
20481,24,0.2421
20482,24,0.3398
20483,8,0.2423
20484,24,0.1496
20485,24,0.2049
20486,24,0.4055
20487,24,0.2258
20488,7,0.1696
20489,24,0.3631
20490,24,0.2611
20491,21,0.1271
20492,21,0.1183
20493,21,0.1452
20494,7,0.1661
20496,19,0.1052
20499,21,0.1474
20501,19,0.1694
20502,8,0.2499
20503,30,0.1978
20504,0,0.1300
20505,23,0.1814
20506,8,0.1600
20508,9,0.1326
20509,8,0.6376
20510,8,0.3339
20511,19,0.1708
20512,5,0.2378
20513,19,0.2023
20514,21,0.1180
20515,8,0.1685
20516,0,0.2184
20517,21,0.1650
20518,21,0.1632
20519,7,0.1688
20521,7,0.1129
20522,8,0.4148
20523,8,0.5078
20524,21,0.1221
20526,8,0.6475
20527,8,0.6455
20528,8,0.1166
20529,8,0.4782
20530,8,0.1722
20531,21,0.1574
20532,21,0.1575
20534,19,0.1185
20535,21,0.1437
20536,21,0.1666
20537,8,0.1663
20538,8,0.2532
20540,8,0.4904
20541,30,0.1613
20542,23,0.1724
20543,19,0.2054
20544,19,0.1609
20545,19,0.1471
20546,5,0.1825
20547,8,0.1276
20548,8,0.1073
20550,24,0.1249
20552,21,0.1054
20553,24,0.1272
20556,21,0.1085
20557,8,0.1947
20559,5,0.1251
20561,8,0.2031
20562,12,0.1099
20563,9,0.1107
20564,8,0.2958
20565,0,0.7355
20566,7,0.1124
20567,9,0.1877
20568,9,0.1689
20569,9,0.1042
20570,8,0.6466
20571,8,0.9116
20572,24,0.1727
20574,7,0.1038
20575,8,0.4151
20576,8,0.5333
20577,21,0.1162
20578,21,0.1333
20579,21,0.1167
20580,24,0.2627
20581,8,0.3583
20582,8,0.5037
20584,7,0.1408
20585,7,0.1310
20586,21,0.1448
20587,21,0.1294
20588,21,0.1401
20589,21,0.1452
20590,33,0.1462
20592,25,0.1173
20593,28,0.1285
20594,12,0.1859
20595,26,0.1542
20596,31,0.1188
20597,1,0.1241
20598,28,0.1085
20599,6,0.1323
20600,23,0.1390
20601,23,0.1554
20602,23,0.1316
20603,19,0.1069
20605,16,0.1780
20606,0,0.2576
20607,0,0.3276
20608,0,0.1706
20609,21,0.1147
20610,19,0.1927
20611,9,0.1330
20612,7,0.1301
20613,24,0.1610
20614,24,0.2359
20615,7,0.1114
20616,7,0.1525
20617,19,0.1099
20619,21,0.1101
20620,5,0.1433
20621,19,0.2029
20622,9,0.1880
20623,9,0.2106
20624,9,0.1764
20625,7,0.2102
20626,19,0.1457
20627,19,0.1469
20628,19,0.1848
20629,19,0.1767
20630,1,0.1094
20631,19,0.1571
20632,0,0.1494
20633,1,0.1488
20634,24,0.1396
20635,19,0.1582
20636,19,0.1382
20637,23,0.1234
20638,7,0.1297
20639,1,0.1902
20640,19,0.1217
20641,19,0.1403
20642,8,0.2284
20643,8,0.6044
20644,23,0.2261
20645,19,0.1723
20647,21,0.1632
20648,9,0.2258
20649,19,0.1878
20650,21,0.1257
20651,21,0.1164
20652,5,0.1540
20654,24,0.1118
20657,8,0.1052
20658,19,0.1321
20659,9,0.1685
20660,9,0.1652
20661,9,0.3553
20662,19,0.1231
20663,16,0.2087
20664,8,0.4480
20665,23,0.1710
20666,28,0.1762
20667,22,0.2371
20668,23,0.1977
20669,23,0.1543
20670,19,0.1071
20671,19,0.1196
20672,19,0.1234
20673,21,0.1689
20674,21,0.1241
20678,8,0.1313
20682,8,0.4906
20683,8,0.6225
20684,24,0.3612
20685,7,0.1684
20686,24,0.1593
20687,7,0.2259
20688,7,0.2629
20689,6,0.1152
20691,7,0.2295
20693,1,0.1819
20695,5,0.1632
20696,7,0.1200
20698,5,0.1308
20699,7,0.1329
20700,24,0.1494
20701,21,0.1184
20702,7,0.1143
20703,23,0.1826
20704,19,0.1800
20705,9,0.1795
20706,19,0.1153
20707,1,0.1628
20708,19,0.1297
20709,19,0.1650
20710,7,0.1275
20711,5,0.1284
20712,24,0.1490
20713,24,0.3401
20714,24,0.5872
20715,24,0.4123
20716,24,0.3049
20717,24,0.1866
20718,7,0.1087
20719,7,0.1596
20720,21,0.1932
20721,7,0.1240
20722,21,0.1363
20723,24,0.1721
20724,21,0.2021
20725,21,0.1761
20726,21,0.1766
20727,7,0.2041
20728,21,0.1996
20729,21,0.1355
20730,7,0.2101
20731,7,0.2242
20732,5,0.1282
20733,24,0.2085
20734,24,0.4944
20735,21,0.1989
20736,1,0.3178
20737,21,0.1868
20738,7,0.2143
20739,7,0.2708
20740,11,0.2344
20741,11,0.1317
20742,11,0.1851
20743,1,0.1535
20744,19,0.1832
20745,7,0.2474
20746,7,0.2102
20747,21,0.1954
20748,21,0.1331
20749,24,0.2813
20750,24,0.2872
20751,24,0.2128
20752,7,0.2101
20753,11,0.1751
20754,11,0.2104
20755,7,0.2637
20756,24,0.2983
20757,24,0.2582
20758,24,0.1541
20759,8,0.5603
20760,8,0.7027
20763,24,0.1136
20764,0,0.1057
20765,7,0.1868
20766,21,0.1260
20767,8,0.4870
20768,8,0.5116
20769,21,0.1599
20770,24,0.1658
20771,21,0.1831
20772,8,0.3601
20773,8,0.2434
20774,24,0.1222
20776,21,0.1530
20777,7,0.1599
20780,24,0.1136
20781,24,0.1639
20782,7,0.2584
20783,19,0.1436
20784,19,0.1200
20785,24,0.3283
20786,19,0.1070
20788,16,0.2443
20790,21,0.1349
20791,7,0.1073
20793,24,0.1230
20794,15,0.1268
20795,7,0.1674
20796,7,0.1031
20798,5,0.1053
20799,5,0.1317
20800,16,0.1028
20801,8,0.2443
20802,19,0.2194
20803,19,0.1518
20804,8,0.3378
20805,8,0.3789
20806,6,0.1028
20808,9,0.2261
20809,8,0.4374
20810,8,0.8881
20811,28,0.1673
20812,12,0.1032
20814,9,0.1167
20815,9,0.1045
20816,8,0.1907
20817,8,0.2351
20818,21,0.1123
20820,9,0.1185
20821,9,0.1589
20822,23,0.1142
20823,30,0.1239
20824,24,0.2355
20825,21,0.1480
20826,21,0.2227
20827,21,0.1281
20828,7,0.1529
20829,24,0.2769
20830,21,0.2164
20831,30,0.1483
20832,16,0.2207
20833,28,0.2473
20834,31,0.1381
20835,32,0.1319
20836,21,0.2042
20837,24,0.1805
20838,24,0.5957
20839,24,0.4796
20840,23,0.1028
20841,30,0.1287
20842,19,0.1338
20843,19,0.1443
20844,7,0.2364
20845,0,0.1168
20847,12,0.1489
20848,32,0.1763
20849,4,0.2729
20850,8,0.1561
20851,8,0.1489
20852,8,0.4166
20853,8,0.3546
20854,30,0.2164
20855,25,0.1227
20857,5,0.2029
20858,7,0.2244
20859,21,0.1587
20860,19,0.1300
20861,7,0.1487
20862,7,0.1939
20863,1,0.1178
20864,11,0.1306
20865,0,0.1142
20866,7,0.1057
20867,7,0.1878
20868,7,0.2549
20869,7,0.1639
20870,1,0.1567
20871,7,0.1252
20872,19,0.1156
20873,11,0.1260
20874,11,0.1150
20875,11,0.1181
20876,11,0.1916
20877,0,0.1942
20878,24,0.1431
20879,7,0.2058
20880,7,0.3070
20881,7,0.1462
20882,24,0.1239
20883,19,0.1434
20884,7,0.2218
20885,21,0.2017
20886,7,0.1529
20887,7,0.2012
20888,15,0.1206
20889,9,0.2489
20890,19,0.2038
20891,7,0.2087
20892,7,0.2124
20893,19,0.1296
20894,19,0.1564
20895,7,0.1315
20896,7,0.2491
20897,24,0.2369
20898,7,0.1786
20899,7,0.2122
20901,19,0.1385
20902,7,0.2149
20903,5,0.1496
20905,9,0.1094
20907,19,0.1036
20908,9,0.3232
20909,9,0.1761
20911,5,0.1090
20913,9,0.1512
20914,19,0.1424
20915,21,0.1282
20916,1,0.1276
20917,21,0.1094
20918,19,0.1986
20919,5,0.1464
20920,7,0.1371
20921,7,0.2850
20922,7,0.2747
20923,15,0.1405
20924,13,0.1474
20925,13,0.1858
20926,5,0.1455
20927,8,0.4857
20928,0,0.2345
20929,7,0.2861
20930,7,0.1082
20931,24,0.1662
20932,7,0.2529
20933,7,0.1043
20934,2,0.1265
20938,7,0.1443
20939,5,0.1045
20941,11,0.1517
20942,32,0.2233
20943,1,0.2456
20944,19,0.1087
20945,7,0.1524
20946,15,0.1440
20947,25,0.1293
20948,7,0.2709
20949,15,0.2443
20950,7,0.2254
20951,11,0.1058
20952,1,0.1737
20953,7,0.1498
20954,24,0.2121
20955,7,0.1794
20956,24,0.1469
20957,24,0.1157
20959,11,0.1687
20960,5,0.1711
20961,7,0.1058
20962,5,0.1353
20963,5,0.1782
20964,7,0.1409
20965,21,0.1286
20967,24,0.1605
20968,24,0.1420
20970,7,0.1371
20972,21,0.1514
20973,24,0.2387
20974,24,0.1302
20975,8,0.1226
20980,6,0.1206
20981,25,0.1143
20982,18,0.1880
20989,31,0.1274
20991,19,0.1046
20992,1,0.1803
20993,0,0.1235
20995,21,0.1203
20996,7,0.1432
20997,7,0.1222
20999,24,0.1146
21000,32,0.1839
21001,32,0.1465
21003,0,0.1114
21004,7,0.1160
21006,7,0.1096
21007,8,0.1290
21008,8,0.1441
21009,9,0.1378
21011,5,0.1048
21012,21,0.1136
21013,33,0.3500
21014,0,0.1798
21015,7,0.1096
21016,8,0.2782
21018,5,0.1447
21019,7,0.1225
21022,0,0.1600
21023,0,0.1037
21025,21,0.1187
21026,21,0.1082
21028,8,0.1322
21031,21,0.1243
21032,7,0.1208
21033,21,0.1180
21034,21,0.1129
21037,5,0.1176
21038,5,0.1143
21040,7,0.1325
21041,7,0.1209
21042,7,0.1208
21045,5,0.1136
21048,7,0.1195
21049,32,0.1346
21050,32,0.1362
21051,21,0.1529
21055,7,0.1170
21057,6,0.1036
21060,19,0.1585
21061,19,0.1767
21062,5,0.1765
21063,21,0.1214
21064,21,0.1433
21065,21,0.1538
21066,21,0.1224
21067,7,0.1226
21068,7,0.1085
21069,5,0.1124
21071,21,0.1206
21072,21,0.1202
21074,21,0.1106
21076,24,0.1080
21081,24,0.1239
21082,21,0.1054
21084,21,0.1075
21085,1,0.1200
21086,1,0.1553
21087,8,0.3840
21088,20,0.1309
21089,19,0.1526
21091,8,0.1547
21092,8,0.1240
21093,0,0.1458
21094,19,0.1393
21095,22,0.1555
21096,19,0.2424
21097,19,0.1955
21098,19,0.2211
21099,8,0.2135
21100,8,0.1175
21102,1,0.1593
21103,7,0.1712
21104,1,0.1086
21106,5,0.1080
21109,6,0.1054
21112,21,0.1194
21114,24,0.1054
21115,0,0.1136
21118,28,0.1566
21121,21,0.1131
21122,0,0.1295
21123,19,0.1476
21124,8,0.1277
21126,19,0.1215
21127,21,0.1296
21128,32,0.1226
21129,32,0.1106
21130,22,0.1271
21131,33,0.1973
21132,1,0.2033
21133,19,0.1423
21134,9,0.1471
21135,7,0.1966
21136,7,0.1610
21138,21,0.1549
21139,21,0.1347
21140,7,0.1509
21141,0,0.1362
21142,28,0.2136
21143,20,0.1747
21144,19,0.1589
21145,19,0.1334
21146,19,0.1323
21147,8,0.1167
21149,8,0.2219
21150,11,0.1290
21152,32,0.1106
21154,30,0.1061
21155,22,0.1276
21156,0,0.1570
21157,19,0.1450
21158,10,0.1296
21159,19,0.2049
21161,21,0.1049
21162,16,0.1180
21163,5,0.1743
21164,19,0.1460
21165,28,0.3077
21166,0,0.1774
21167,11,0.1113
21171,7,0.2149
21172,19,0.1342
21173,16,0.1902
21174,19,0.2736
21175,19,0.2423
21176,7,0.1902
21181,0,0.1253
21183,19,0.1789
21184,19,0.1480
21185,19,0.1029
21186,19,0.1096
21190,19,0.1083
21191,19,0.1472
21193,7,0.1384
21194,19,0.1206
21196,5,0.1745
21197,28,0.1567
21198,28,0.2991
21200,1,0.1037
21202,28,0.1812
21203,8,0.1348
21204,5,0.1346
21205,28,0.1227
21206,23,0.1562
21209,28,0.3255
21210,28,0.3142
21211,28,0.1194
21212,19,0.2178
21213,19,0.1101
21218,23,0.1360
21219,7,0.1297
21221,19,0.1463
21222,19,0.1218
21223,12,0.1174
21224,23,0.1438
21225,24,0.1791
21226,23,0.1150
21227,23,0.1586
21229,19,0.1525
21230,23,0.1899
21232,19,0.1375
21233,24,0.1031
21235,23,0.2657
21236,19,0.2053
21237,23,0.1521
21238,23,0.1682
21239,23,0.1173
21240,20,0.1308
21241,26,0.1043
21242,19,0.1352
21243,23,0.1428
21244,23,0.1146
21245,23,0.2317
21246,23,0.1416
21247,2,0.1522
21248,23,0.1152
21249,23,0.1232
21250,19,0.1814
21251,19,0.1204
21252,9,0.2694
21253,23,0.1509
21254,9,0.1824
21255,4,0.1571
21256,5,0.1972
21257,23,0.1413
21258,24,0.1524
21259,19,0.1486
21260,23,0.1852
21261,23,0.1409
21262,5,0.2350
21263,23,0.1157
21264,23,0.1787
21265,23,0.1678
21266,23,0.2063
21267,23,0.1552
21268,19,0.2427
21269,23,0.2171
21270,23,0.2431
21271,23,0.1157
21272,23,0.1125
21273,8,0.3282
21274,8,0.2365
21275,19,0.1647
21276,9,0.2098
21277,9,0.1677
21278,19,0.1303
21279,23,0.1150
21280,9,0.1547
21281,9,0.1082
21282,5,0.2792
21283,5,0.2606
21284,5,0.2019
21285,12,0.1295
21286,12,0.1099
21287,5,0.2483
21288,9,0.1754
21289,5,0.2104
21290,5,0.2123
21291,5,0.1307
21292,16,0.2417
21293,13,0.2185
21294,19,0.1896
21295,19,0.2573
21296,16,0.2974
21297,8,0.3649
21298,16,0.2014
21299,19,0.2686
21300,19,0.4058
21301,23,0.1916
21302,19,0.2649
21303,9,0.1947
21304,19,0.2946
21305,23,0.1530
21306,19,0.3244
21307,16,0.2403
21308,19,0.3116
21309,8,0.1952
21310,23,0.2012
21311,23,0.1363
21312,9,0.2004
21313,19,0.1677
21314,19,0.2340
21315,19,0.2380
21316,19,0.2196
21317,19,0.3190
21318,19,0.2845
21319,19,0.1474
21320,19,0.2524
21321,19,0.1333
21322,19,0.1889
21323,19,0.1767
21324,19,0.1417
21325,19,0.2574
21326,19,0.1620
21327,19,0.2363
21328,19,0.1934
21329,19,0.1844
21330,19,0.2266
21331,9,0.2027
21332,9,0.2716
21333,5,0.2875
21334,5,0.1238
21335,19,0.1225
21336,5,0.3247
21337,19,0.2203
21338,19,0.1466
21339,5,0.1858
21340,5,0.1894
21341,5,0.2241
21342,5,0.2566
21343,19,0.2131
21344,5,0.2732
21345,5,0.1762
21346,5,0.1772
21347,5,0.2737
21348,5,0.2291
21349,5,0.3994
21350,5,0.2978
21351,9,0.2069
21352,5,0.2937
21353,5,0.1169
21354,5,0.1859
21355,12,0.1086
21356,12,0.1669
21357,9,0.1629
21358,9,0.1745
21359,5,0.2820
21360,5,0.1164
21361,9,0.3906
21362,5,0.2725
21363,5,0.2156
21364,9,0.1704
21365,5,0.2640
21366,5,0.2310
21367,4,0.1504
21368,12,0.1096
21369,9,0.2819
21370,5,0.1868
21371,5,0.1834
21372,5,0.1604
21373,9,0.2940
21374,9,0.2794
21375,5,0.1653
21376,9,0.2432
21377,9,0.3741
21378,9,0.1203
21379,5,0.2292
21380,9,0.2030
21381,9,0.1296
21382,9,0.2346
21383,5,0.2047
21384,5,0.2003
21385,5,0.1899
21386,5,0.3673
21387,5,0.1683
21388,9,0.2677
21389,9,0.3042
21390,9,0.3923
21391,9,0.1865
21392,5,0.2619
21393,5,0.2908
21394,5,0.1674
21395,5,0.2972
21396,5,0.3113
21397,5,0.2289
21398,5,0.2495
21399,5,0.2543
21400,9,0.2166
21401,8,0.7644
21402,8,0.6645
21403,9,0.2489
21404,1,0.1263
21405,9,0.1966
21406,9,0.2964
21407,9,0.1762
21408,5,0.1904
21409,5,0.2294
21410,5,0.3138
21411,16,0.1397
21412,4,0.2662
21413,4,0.3153
21414,4,0.1446
21415,19,0.1673
21416,19,0.1403
21417,5,0.1428
21418,5,0.1732
21419,5,0.2552
21420,9,0.1350
21421,5,0.2329
21422,5,0.1998
21423,5,0.1864
21424,5,0.2703
21425,5,0.1869
21426,9,0.2103
21427,5,0.1286
21428,5,0.2309
21429,5,0.1226
21430,9,0.2998
21431,9,0.3239
21432,5,0.3208
21433,5,0.1630
21434,5,0.1289
21435,5,0.1771
21436,5,0.2458
21437,5,0.1521
21438,5,0.2030
21439,9,0.3171
21440,5,0.2081
21441,5,0.1585
21442,9,0.1896
21443,9,0.1553
21444,9,0.1928
21446,5,0.1559
21447,5,0.2081
21448,5,0.2924
21449,8,0.3536
21450,8,0.5405
21451,5,0.1794
21452,8,0.6103
21453,8,0.6379
21454,9,0.1413
21455,19,0.1285
21456,12,0.1411
21458,5,0.2007
21459,5,0.1390
21460,4,0.2591
21461,5,0.2138
21462,9,0.1717
21463,9,0.1655
21464,0,0.1685
21465,5,0.1045
21466,5,0.1615
21467,5,0.3386
21468,8,0.1557
21469,8,0.1193
21471,5,0.2704
21472,5,0.2023
21473,9,0.1724
21474,12,0.1066
21476,5,0.1701
21477,1,0.3100
21478,1,0.2594
21479,9,0.2518
21480,5,0.2232
21481,9,0.1780
21482,5,0.3603
21483,5,0.1695
21484,5,0.1295
21485,1,0.1322
21486,9,0.1298
21487,19,0.1462
21488,19,0.1444
21489,19,0.1620
21490,17,0.1346
21491,21,0.1700
21492,21,0.1496
21493,19,0.2216
21494,5,0.2508
21495,9,0.1419
21496,19,0.1875
21497,5,0.1989
21499,5,0.1416
21500,19,0.2278
21501,5,0.2106
21502,5,0.2096
21503,19,0.2553
21504,5,0.1357
21505,11,0.1224
21506,7,0.2391
21507,21,0.2170
21508,9,0.1800
21509,9,0.2782
21510,7,0.2168
21511,21,0.1171
21512,19,0.1348
21513,19,0.1602
21514,9,0.2576
21515,19,0.1775
21516,19,0.1945
21517,17,0.1493
21518,15,0.1947
21519,16,0.3654
21520,8,0.2342
21522,19,0.2688
21523,19,0.2913
21524,19,0.2229
21525,19,0.1715
21526,31,0.1548
21527,19,0.2017
21528,21,0.2203
21529,7,0.2424
21530,31,0.1259
21531,31,0.1540
21532,19,0.2256
21533,21,0.2147
21534,19,0.1247
21535,0,0.1646
21536,31,0.2893
21537,24,0.1932
21538,19,0.1454
21539,23,0.1352
21540,23,0.1856
21541,19,0.2133
21542,19,0.2809
21543,19,0.2439
21544,15,0.1294
21545,19,0.1494
21546,19,0.1433
21547,19,0.1419
21548,19,0.1402
21549,7,0.1718
21550,19,0.1900
21551,7,0.2070
21552,1,0.2588
21553,1,0.1346
21554,19,0.2062
21555,21,0.1652
21556,19,0.2073
21557,19,0.1712
21558,1,0.2197
21559,0,0.2023
21560,19,0.1955
21561,21,0.1828
21562,0,0.1355
21563,17,0.1318
21564,15,0.1353
21565,17,0.1453
21566,19,0.1595
21567,15,0.1529
21568,19,0.1873
21569,19,0.1370
21570,11,0.1629
21571,16,0.1447
21572,19,0.1624
21573,19,0.2511
21574,7,0.2308
21575,7,0.1326
21576,19,0.1513
21577,1,0.1658
21578,15,0.1239
21579,0,0.1162
21580,19,0.1499
21581,19,0.1577
21582,21,0.1728
21583,9,0.1413
21584,19,0.1964
21585,0,0.1414
21586,19,0.1653
21587,7,0.2547
21588,19,0.2389
21589,19,0.1394
21590,21,0.1773
21591,9,0.1309
21592,19,0.2086
21593,7,0.2668
21594,7,0.2522
21595,15,0.1855
21596,7,0.1841
21597,0,0.1346
21598,7,0.1341
21599,7,0.2907
21600,19,0.1878
21601,21,0.1580
21602,9,0.1562
21603,11,0.1953
21604,21,0.1807
21605,9,0.1777
21606,9,0.1632
21607,5,0.1988
21608,19,0.2161
21609,0,0.1254
21610,7,0.1480
21611,19,0.2849
21612,19,0.2011
21613,7,0.1901
21614,9,0.1892
21615,9,0.1990
21616,11,0.2518
21617,9,0.1571
21618,19,0.1743
21619,5,0.2189
21620,15,0.1828
21621,15,0.1773
21622,7,0.1325
21623,8,0.6560
21624,13,0.1081
21625,24,0.1732
21626,7,0.1841
21627,7,0.1168
21629,0,0.1478
21630,8,0.2692
21631,24,0.1151
21632,21,0.1122
21633,7,0.1235
21635,21,0.1250
21636,5,0.1376
21638,8,0.1175
21639,7,0.1192
21640,21,0.1412
21641,7,0.1291
21642,21,0.1451
21644,8,0.1233
21645,0,0.1939
21646,4,0.1478
21647,9,0.1154
21648,21,0.1248
21649,21,0.1144
21650,7,0.1440
21651,7,0.1660
21652,7,0.1498
21655,5,0.1617
21656,7,0.1288
21657,21,0.1137
21658,7,0.1814
21659,21,0.1186
21660,10,0.1094
21661,7,0.1338
21664,7,0.1184
21665,5,0.1411
21666,21,0.1156
21667,5,0.1593
21668,7,0.1601
21669,5,0.2011
21671,7,0.1619
21672,5,0.1458
21673,23,0.1275
21674,6,0.1393
21677,7,0.1292
21678,8,0.1426
21679,28,0.1170
21680,7,0.1201
21681,7,0.1450
21682,5,0.1170
21686,24,0.1168
21687,7,0.1101
21688,7,0.1336
21689,21,0.1093
21690,21,0.1187
21691,21,0.1233
21692,7,0.1321
21693,7,0.1236
21694,9,0.1095
21695,21,0.1266
21697,8,0.1373
21698,23,0.1282
21701,5,0.1453
21702,7,0.1298
21703,5,0.1725
21704,19,0.1458
21705,7,0.1374
21706,7,0.1580
21707,24,0.1942
21708,24,0.2920
21709,7,0.2075
21710,7,0.1364
21711,7,0.1292
21712,7,0.1463
21713,7,0.1046
21718,5,0.1201
21719,7,0.1161
21724,21,0.1030
21725,24,0.2180
21726,5,0.1182
21729,5,0.1082
21730,7,0.1072
21731,19,0.1270
21732,19,0.1373
21733,5,0.1960
21735,8,0.2410
21736,7,0.1221
21738,8,0.1373
21739,5,0.1201
21740,19,0.1385
21741,7,0.1747
21742,7,0.1452
21743,8,0.3002
21744,8,0.2423
21745,21,0.1410
21746,21,0.1675
21747,21,0.1959
21748,7,0.2363
21749,21,0.2043
21750,8,0.2272
21751,8,0.2906
21752,30,0.1487
21753,28,0.1336
21754,21,0.1130
21755,21,0.1375
21756,21,0.1258
21757,24,0.1846
21758,19,0.1611
21759,24,0.1054
21760,21,0.1968
21761,19,0.1382
21762,21,0.2799
21763,21,0.2238
21764,0,0.1631
21765,11,0.1719
21766,21,0.1439
21767,8,0.1561
21768,24,0.1471
21769,22,0.1896
21770,0,0.2290
21771,21,0.1427
21773,21,0.1661
21774,21,0.2350
21775,21,0.2011
21776,0,0.2342
21777,21,0.1727
21778,21,0.1688
21779,23,0.1333
21780,21,0.1733
21781,11,0.2216
21782,21,0.1491
21783,16,0.1322
21784,7,0.1129
21785,24,0.2953
21786,24,0.3004
21787,7,0.1875
21788,7,0.2209
21789,7,0.1804
21790,21,0.2669
21791,21,0.2196
21792,21,0.2824
21793,5,0.1647
21794,21,0.1570
21795,31,0.1511
21797,24,0.1698
21798,24,0.2538
21799,21,0.2764
21800,21,0.2347
21801,7,0.1946
21802,19,0.1842
21803,24,0.2500
21804,21,0.2234
21805,21,0.1768
21806,0,0.1049
21807,8,0.1797
21808,8,0.2069
21809,19,0.1636
21810,7,0.1638
21811,24,0.2284
21812,7,0.1613
21813,19,0.1490
21814,30,0.2172
21815,24,0.2832
21816,24,0.2807
21817,7,0.2051
21818,21,0.1360
21819,7,0.2444
21820,24,0.1307
21821,0,0.1968
21823,21,0.1550
21824,20,0.1167
21825,28,0.1388
21826,0,0.2692
21827,21,0.2846
21828,21,0.1410
21829,19,0.1232
21830,8,0.2019
21831,16,0.1240
21832,21,0.1511
21833,7,0.1776
21834,21,0.1598
21835,19,0.1172
21836,0,0.2679
21837,21,0.1547
21838,24,0.1813
21839,8,0.1706
21840,11,0.3757
21841,24,0.2105
21842,24,0.2272
21843,24,0.1235
21845,24,0.2409
21846,24,0.1415
21847,22,0.2228
21848,22,0.4338
21849,24,0.2337
21850,24,0.3368
21851,24,0.2229
21852,19,0.1346
21853,0,0.1038
21855,24,0.2850
21856,19,0.1048
21857,19,0.1175
21858,24,0.1607
21859,24,0.5631
21860,24,0.1127
21861,19,0.1291
21862,24,0.2736
21863,24,0.2272
21864,11,0.2820
21866,19,0.1146
21867,24,0.2807
21868,24,0.3306
21869,24,0.4484
21870,24,0.2086
21871,7,0.1545
21872,24,0.2835
21873,24,0.4427
21874,24,0.4119
21875,24,0.1871
21876,24,0.2604
21877,21,0.1979
21878,24,0.3465
21879,24,0.2520
21880,21,0.1379
21881,21,0.1623
21882,21,0.1089
21883,19,0.1092
21884,7,0.1259
21885,7,0.1443
21886,7,0.1674
21887,7,0.1695
21888,7,0.1346
21889,7,0.1426
21890,7,0.1675
21891,24,0.2763
21893,2,0.1085
21894,4,0.1778
21895,33,0.1613
21896,0,0.1876
21897,8,0.1611
21898,0,0.1911
21899,6,0.1228
21900,30,0.1478
21901,0,0.4559
21911,19,0.1036
21912,12,0.1311
21913,6,0.1628
21919,8,0.1059
21920,21,0.1131
21921,23,0.1554
21922,23,0.1411
21923,23,0.1311
21924,19,0.1618
21925,23,0.1744
21926,6,0.1038
21928,23,0.1493
21929,23,0.1660
21930,8,0.2262
21931,21,0.1175
21932,8,0.1357
21933,9,0.1177
21934,19,0.1246
21935,24,0.1056
21937,19,0.1289
21938,5,0.1663
21939,19,0.1226
21940,5,0.1865
21941,5,0.1239
21943,6,0.1271
21944,23,0.1118
21945,7,0.1738
21946,21,0.1692
21947,23,0.1498
21948,19,0.1602
21949,19,0.1819
21950,7,0.1157
21951,21,0.1114
21953,9,0.1672
21954,5,0.1351
21955,19,0.1576
21956,5,0.1836
21957,5,0.1113
21958,21,0.1261
21959,8,0.1099
21960,19,0.1245
21961,5,0.1164
21964,7,0.1189
21965,9,0.1985
21966,5,0.1319
21967,5,0.1371
21968,19,0.1091
21969,19,0.1287
21970,5,0.1670
21972,5,0.2709
21973,9,0.3034
21974,8,0.1739
21975,5,0.1156
21976,11,0.1365
21978,23,0.1682
21979,24,0.1064
21980,24,0.2769
21981,24,0.2025
21982,21,0.1078
21983,23,0.1224
21984,24,0.1771
21985,24,0.1612
21986,24,0.1701
21987,7,0.1326
21988,31,0.1099
21989,11,0.2024
21990,7,0.1503
21991,24,0.2277
21992,24,0.1938
21993,7,0.1310
21994,32,0.1145
21995,24,0.1333
21996,24,0.4089
21997,24,0.2026
21998,7,0.1472
21999,8,0.4535
22000,8,0.8820
22001,27,0.1372
22002,24,0.1763
22003,24,0.3183
22004,21,0.1453
22005,24,0.3357
22006,7,0.2185
22007,7,0.1994
22008,24,0.1947
22009,19,0.1612
22010,7,0.1796
22011,21,0.1264
22012,21,0.1224
22013,24,0.1622
22014,24,0.2820
22015,24,0.2262
22016,24,0.4569
22017,30,0.1639
22018,28,0.1354
22019,4,0.1107
22020,25,0.1276
22022,19,0.1218
22024,12,0.1104
22026,1,0.1456
22029,4,0.2500
22030,22,0.1597
22036,24,0.1243
22039,27,0.1111
22043,24,0.1393
22046,29,0.1104
22047,28,0.2189
22048,23,0.1881
22049,23,0.1918
22050,10,0.1866
22051,23,0.1701
22052,5,0.2540
22053,8,0.2377
22054,10,0.2023
22055,5,0.3658
22056,19,0.2186
22057,23,0.1893
22058,23,0.1880
22059,19,0.1989
22060,23,0.1665
22061,19,0.2572
22062,19,0.1938
22063,19,0.1803
22064,19,0.2268
22065,19,0.1739
22066,19,0.2507
22067,19,0.2093
22068,24,0.1948
22069,24,0.2759
22070,19,0.1980
22071,23,0.1959
22072,23,0.1772
22073,23,0.2076
22074,19,0.1673
22075,5,0.1787
22076,5,0.3360
22077,9,0.2583
22078,9,0.2143
22079,8,0.3020
22080,8,0.1350
22081,5,0.2222
22082,5,0.1529
22083,9,0.1422
22084,5,0.1873
22085,5,0.2439
22086,19,0.2633
22087,19,0.2569
22088,19,0.2419
22089,7,0.1613
22090,19,0.1306
22091,19,0.2553
22092,19,0.2060
22093,19,0.1850
22094,19,0.1956
22095,15,0.1364
22096,19,0.2117
22097,19,0.2533
22098,14,0.1711
22099,15,0.1690
22100,10,0.1500
22101,19,0.1635
22102,19,0.2223
22103,19,0.1720
22104,7,0.2027
22105,19,0.1492
22106,19,0.2359
22107,19,0.1642
22108,19,0.2000
22109,7,0.1903
22110,5,0.2900
22111,19,0.2103
22112,19,0.1778
22113,19,0.1315
22114,5,0.1611
22115,7,0.2564
22116,5,0.3187
22117,7,0.2699
22118,5,0.2136
22119,5,0.4322
22120,5,0.4186
22121,5,0.2246
22122,19,0.2039
22123,19,0.1416
22124,7,0.1092
22125,5,0.2118
22126,5,0.4036
22127,5,0.2018
22128,5,0.2791
22129,7,0.2110
22130,7,0.1714
22131,19,0.1507
22132,7,0.1600
22133,7,0.3012
22134,7,0.1576
22135,19,0.2257
22136,7,0.2829
22137,19,0.1463
22139,19,0.1878
22140,7,0.2159
22141,7,0.2819
22142,7,0.2433
22143,7,0.2459
22144,19,0.1571
22145,19,0.1752
22146,7,0.2126
22147,7,0.1708
22148,7,0.2616
22149,7,0.2060
22150,5,0.1972
22151,7,0.2342
22152,7,0.1432
22153,19,0.2262
22154,7,0.1963
22155,7,0.1628
22156,7,0.2205
22157,19,0.1651
22158,19,0.1882
22159,5,0.1764
22160,5,0.2749
22161,5,0.1782
22162,5,0.3905
22163,19,0.1592
22164,8,0.9669
22165,8,0.9924
22166,9,0.1683
22167,19,0.2128
22168,8,0.1471
22169,8,0.2175
22170,19,0.1587
22171,19,0.1872
22172,19,0.2773
22173,19,0.1966
22174,19,0.2311
22175,19,0.2622
22176,19,0.2523
22177,7,0.2716
22178,7,0.2368
22179,7,0.2254
22180,19,0.1679
22182,4,0.9405
22183,1,0.2282
22184,5,0.2272
22185,31,0.1034
22186,5,0.1715
22187,5,0.2586
22188,19,0.1694
22189,5,0.2411
22190,7,0.1974
22191,19,0.1898
22192,7,0.1362
22193,1,0.1398
22194,4,0.1248
22195,19,0.2114
22196,7,0.2392
22197,19,0.1796
22198,19,0.1722
22199,19,0.1634
22200,5,0.1496
22201,7,0.2463
22202,7,0.2871
22203,19,0.1666
22204,7,0.2492
22205,5,0.3071
22206,19,0.1643
22207,7,0.1492
22208,7,0.1896
22209,19,0.1792
22210,5,0.3822
22211,5,0.2084
22212,5,0.2003
22213,5,0.2992
22214,5,0.1983
22215,5,0.3038
22216,5,0.2164
22217,5,0.2909
22218,5,0.2550
22219,5,0.1440
22220,5,0.2156
22221,5,0.1688
22222,5,0.3172
22223,5,0.2280
22224,5,0.3079
22225,5,0.2070
22226,5,0.1452
22227,5,0.1980
22228,9,0.1490
22229,5,0.2505
22230,5,0.2806
22231,9,0.1689
22232,8,0.1453
22233,5,0.3088
22234,5,0.1641
22235,5,0.1707
22236,5,0.2835
22237,5,0.1138
22238,5,0.1756
22239,9,0.1510
22240,8,0.1518
22241,8,0.1698
22242,5,0.2159
22243,5,0.2091
22244,5,0.1533
22245,5,0.1945
22246,5,0.1770
22247,19,0.1385
22248,5,0.2065
22249,5,0.1654
22250,5,0.1788
22252,9,0.1592
22253,9,0.1504
22254,5,0.1744
22255,5,0.2995
22256,5,0.2555
22257,7,0.1508
22258,5,0.2703
22259,5,0.2354
22260,5,0.1881
22261,5,0.3703
22262,5,0.4110
22263,5,0.2865
22264,5,0.2631
22265,5,0.1588
22266,5,0.2320
22267,5,0.1391
22268,5,0.1880
22269,4,0.3713
22270,4,0.5585
22271,5,0.1328
22272,5,0.1685
22273,5,0.1218
22274,5,0.2141
22275,5,0.2974
22276,5,0.2544
22277,5,0.1411
22278,1,0.1527
22279,4,0.1031
22280,12,0.1197
22281,5,0.1837
22282,5,0.1187
22283,1,0.1220
22284,5,0.1955
22285,5,0.2826
22286,7,0.1654
22287,5,0.1482
22288,8,0.1577
22289,8,0.7240
22290,8,0.2022
22291,19,0.1415
22292,9,0.3156
22293,19,0.1780
22294,16,0.1995
22295,19,0.1921
22296,16,0.1803
22297,30,0.2560
22298,8,0.3114
22299,8,0.2155
22300,30,0.1289
22301,8,0.3993
22302,20,0.2352
22303,21,0.2127
22304,7,0.1405
22305,31,0.1301
22306,0,0.1140
22307,30,0.1974
22308,25,0.1318
22309,8,0.1368
22310,25,0.1270
22311,25,0.1767
22312,30,0.1312
22313,24,0.2207
22314,24,0.1140
22315,19,0.2037
22316,19,0.1513
22317,19,0.1385
22319,1,0.1192
22320,5,0.1858
22321,19,0.2617
22322,5,0.2116
22323,5,0.1870
22324,9,0.2046
22325,7,0.1692
22326,9,0.1312
22327,5,0.1570
22328,0,0.1398
22329,21,0.1587
22330,7,0.1536
22331,9,0.2371
22332,5,0.2379
22333,19,0.1819
22334,5,0.1907
22335,9,0.1553
22336,19,0.2401
22337,5,0.1409
22338,19,0.1557
22339,5,0.1609
22340,9,0.1450
22341,7,0.1184
22342,5,0.2385
22343,19,0.1860
22344,5,0.1563
22345,5,0.2860
22346,5,0.3090
22347,5,0.2227
22348,5,0.1456
22349,5,0.3349
22350,1,0.1304
22351,1,0.1933
22352,5,0.1904
22353,5,0.2300
22354,5,0.2137
22355,5,0.2674
22356,19,0.1327
22357,0,0.1210
22359,7,0.1444
22360,5,0.2431
22361,1,0.1337
22362,1,0.1514
22363,9,0.1991
22364,19,0.1879
22365,5,0.2091
22366,5,0.2343
22367,5,0.2294
22368,9,0.2169
22369,7,0.1591
22370,5,0.2013
22371,9,0.1989
22372,5,0.1688
22373,9,0.1370
22374,5,0.2512
22375,9,0.2399
22376,9,0.2371
22377,9,0.2592
22378,9,0.2158
22379,5,0.2805
22380,9,0.1343
22381,19,0.1711
22382,5,0.2192
22383,5,0.2357
22384,7,0.1394
22385,9,0.1922
22386,9,0.1813
22387,5,0.2282
22388,9,0.2409
22389,19,0.1853
22390,9,0.1463
22391,21,0.1359
22392,9,0.1938
22393,19,0.2170
22394,9,0.1809
22395,9,0.1541
22396,19,0.1463
22397,9,0.2356
22398,5,0.2728
22399,19,0.3586
22400,19,0.2366
22401,9,0.1244
22402,9,0.2837
22403,5,0.1771
22404,5,0.1437
22405,5,0.2201
22406,5,0.4129
22407,9,0.3026
22408,9,0.4442
22409,9,0.3133
22410,8,0.2343
22411,8,0.2398
22412,8,0.9475
22413,21,0.2398
22414,24,0.2666
22415,24,0.2470
22416,21,0.1444
22419,5,0.1444
22420,5,0.1352
22421,24,0.1565
22423,5,0.1250
22425,24,0.2388
22427,5,0.1206
22428,5,0.1352
22431,7,0.1040
22432,5,0.1257
22434,1,0.2021
22436,7,0.1391
22437,24,0.3637
22438,24,0.2603
22439,21,0.1098
22440,32,0.1170
22441,24,0.1775
22442,23,0.1143
22443,24,0.1400
22444,24,0.2538
22445,24,0.1810
22446,24,0.2296
22447,24,0.1547
22448,24,0.1359
22449,24,0.2785
22450,7,0.1333
22451,21,0.2128
22452,24,0.2855
22453,20,0.1650
22454,30,0.1896
22457,7,0.1880
22458,24,0.5038
22459,24,0.2589
22460,29,0.1297
22461,16,0.1871
22462,24,0.1692
22463,30,0.1338
22464,24,0.2531
22465,8,0.1401
22466,8,0.3953
22467,8,0.1071
22468,24,0.1718
22469,24,0.2863
22470,24,0.1825
22472,24,0.2159
22473,24,0.1456
22474,30,0.1449
22475,24,0.2729
22477,21,0.1163
22478,7,0.1649
22479,24,0.3627
22480,24,0.2675
22481,24,0.2387
22482,24,0.2982
22483,24,0.4461
22484,24,0.2056
22485,25,0.1624
22486,0,0.1306
22487,7,0.1961
22488,1,0.2004
22489,1,0.1159
22490,24,0.3359
22491,21,0.1203
22492,0,0.1127
22493,7,0.1193
22494,7,0.1609
22496,15,0.1725
22497,7,0.1675
22498,21,0.1141
22499,7,0.1260
22500,32,0.1781
22501,24,0.1699
22502,19,0.1140
22503,18,0.1209
22504,7,0.1218
22505,24,0.1972
22506,11,0.1263
22507,11,0.1271
22508,19,0.1199
22509,19,0.1069
22510,19,0.1452
22512,0,0.2277
22513,0,0.1193
22514,33,0.1077
22515,4,0.1598
22518,19,0.1652
22519,19,0.1232
22521,7,0.2303
22522,24,0.1557
22523,5,0.1092
22525,31,0.1162
22526,31,0.1317
22527,7,0.2438
22528,19,0.1097
22529,19,0.1479
22532,24,0.1631
22533,21,0.2056
22534,7,0.1148
22536,32,0.1062
22538,15,0.1030
22539,15,0.1068
22540,24,0.1671
22541,24,0.2020
22542,24,0.1213
22543,21,0.1466
22544,24,0.3194
22545,21,0.1348
22546,7,0.2245
22547,19,0.1035
22549,15,0.1344
22550,19,0.1530
22551,7,0.1808
22552,25,0.1205
22553,8,0.1780
22554,8,0.1273
22555,21,0.1489
22557,14,0.1149
22558,7,0.1249
22559,21,0.1201
22560,15,0.1446
22561,15,0.3205
22562,7,0.2034
22563,5,0.1301
22565,17,0.1098
22566,7,0.1541
22569,16,0.1333
22570,8,0.2164
22571,19,0.1096
22572,2,0.1130
22574,7,0.1254
22575,7,0.1586
22576,5,0.1255
22577,1,0.1387
22578,9,0.1661
22579,1,0.1367
22580,1,0.1646
22581,1,0.1759
22582,19,0.1141
22584,5,0.1314
22585,5,0.1635
22586,7,0.1703
22587,7,0.1499
22588,7,0.1437
22589,7,0.1388
22590,7,0.1168
22591,5,0.2008
22592,4,0.2341
22593,4,0.2704
22594,4,0.4548
22595,12,0.2364
22596,9,0.2169
22598,19,0.1227
22600,19,0.1830
22601,19,0.1941
22602,7,0.1885
22604,12,0.1073
22605,15,0.1223
22606,7,0.1987
22607,5,0.1327
22608,5,0.1881
22609,15,0.1045
22611,5,0.1563
22612,5,0.1985
22613,7,0.1378
22614,7,0.1558
22616,7,0.1999
22617,5,0.4309
22618,13,0.1040
22619,24,0.1196
22621,0,0.4297
22622,0,0.3827
22623,16,0.1169
22624,0,0.2629
22626,4,0.7723
22627,4,0.6959
22629,0,0.5593
22630,0,0.3447
22631,21,0.1060
22635,25,0.1455
22637,13,0.1059
22638,7,0.1177
22639,5,0.1112
22640,8,0.3207
22641,11,0.2286
22642,7,0.1088
22643,7,0.1414
22644,15,0.1466
22646,7,0.1276
22647,7,0.1185
22648,0,0.2164
22649,4,0.2204
22652,7,0.1171
22654,7,0.1308
22657,5,0.1520
22658,23,0.1051
22660,5,0.1152
22669,8,0.2857
22670,30,0.1037
22671,21,0.1248
22672,21,0.1167
22673,24,0.1319
22675,7,0.1482
22676,15,0.1372
22679,7,0.1080
22681,5,0.1198
22683,13,0.1351
22684,18,0.1071
22685,29,0.1273
22686,32,0.2459
22688,15,0.1164
22689,15,0.1027
22690,21,0.1232
22692,7,0.1565
22694,21,0.1045
22697,25,0.1206
22698,7,0.2084
22699,7,0.1856
22700,1,0.1260
22701,0,0.1061
22703,7,0.1215
22704,7,0.1314
22705,5,0.2003
22706,7,0.1744
22707,7,0.1396
22708,23,0.1133
22709,26,0.1063
22711,3,0.1582
22712,14,0.1393
22714,8,0.1156
22716,15,0.1219
22717,7,0.1665
22718,7,0.1098
22720,32,0.2093
22721,4,0.3615
22722,4,0.2113
22724,15,0.1804
22725,18,0.1942
22726,7,0.1456
22727,7,0.1758
22728,5,0.1948
22729,7,0.1049
22730,7,0.1252
22731,7,0.1255
22732,21,0.1299
22733,21,0.1451
22735,21,0.1298
22736,7,0.1326
22737,15,0.1430
22738,15,0.1168
22739,24,0.1171
22740,7,0.1504
22741,19,0.1327
22742,6,0.1456
22743,6,0.1925
22745,24,0.1317
22746,24,0.1469
22747,30,0.1513
22748,24,0.1512
22749,7,0.1350
22750,24,0.2445
22751,24,0.1609
22752,21,0.1505
22753,23,0.1503
22754,8,0.1636
22755,7,0.1544
22756,24,0.2243
22757,24,0.1806
22758,24,0.1856
22759,24,0.1685
22760,21,0.1435
22761,21,0.1717
22762,24,0.1346
22764,21,0.2117
22766,30,0.1120
22767,6,0.1878
22768,6,0.1374
22769,21,0.1408
22770,24,0.2208
22772,22,0.1586
22774,21,0.1037
22775,24,0.3020
22776,24,0.4943
22777,19,0.1153
22778,6,0.1050
22779,24,0.1846
22780,7,0.1623
22781,24,0.2517
22782,19,0.1118
22784,21,0.1433
22785,24,0.2697
22786,19,0.1721
22787,24,0.1855
22788,21,0.1369
22789,30,0.1470
22790,24,0.2123
22791,24,0.3062
22792,24,0.1410
22793,24,0.2508
22794,24,0.2050
22795,23,0.1392
22796,7,0.1713
22797,24,0.2655
22798,24,0.4650
22799,22,0.2177
22800,8,0.1032
22801,7,0.1080
22803,24,0.1059
22804,13,0.1026
22805,8,0.3173
22806,8,0.6194
22807,28,0.2689
22808,28,0.1903
22809,28,0.1553
22810,23,0.2164
22811,2,0.1500
22812,28,0.1800
22813,22,0.1572
22815,27,0.1064
22816,22,0.1384
22817,22,0.1669
22819,25,0.1169
22820,23,0.1168
22821,15,0.1146
22822,32,0.1129
22824,12,0.1061
22825,33,0.1214
22826,28,0.1072
22830,26,0.1351
22831,22,0.1560
22832,8,0.5391
22833,22,0.1551
22834,28,0.1296
22835,9,0.1238
22836,23,0.1746
22841,23,0.1363
22842,5,0.2766
22844,31,0.1682
22846,5,0.1081
22847,5,0.1265
22848,32,0.1225
22849,32,0.1379
22850,32,0.2437
22851,32,0.4293
22852,32,0.3284
22853,32,0.2852
22854,32,0.2259
22855,32,0.1533
22856,32,0.1947
22857,32,0.2740
22858,33,0.2288
22859,13,0.1449
22860,13,0.1453
22861,29,0.1718
22862,33,0.2509
22863,33,0.3441
22864,32,0.2224
22865,33,0.2092
22866,31,0.1096
22867,32,0.2461
22868,12,0.1092
22869,31,0.1169
22870,32,0.1229
22871,32,0.1071
22872,33,0.3121
22873,33,0.3149
22874,16,0.2062
22875,19,0.2079
22876,31,0.1675
22877,4,0.1312
22878,16,0.2932
22879,16,0.2724
22880,24,0.3358
22881,21,0.1641
22882,19,0.2556
22883,16,0.1982
22884,16,0.2259
22885,16,0.1867
22886,23,0.1336
22887,16,0.1179
22888,23,0.1120
22889,23,0.1236
22890,19,0.2734
22891,15,0.2355
22892,31,0.1160
22893,19,0.1772
22894,32,0.1556
22896,33,0.2182
22897,32,0.1510
22899,16,0.1211
22900,33,0.1534
22902,19,0.2464
22903,32,0.1131
22904,33,0.4912
22905,33,0.2209
22907,32,0.2149
22908,33,0.1577
22909,32,0.1539
22910,32,0.1592
22912,32,0.1089
22913,19,0.1231
22914,7,0.2056
22915,19,0.1207
22916,19,0.1934
22917,19,0.2318
22918,19,0.1677
22921,33,0.1189
22922,33,0.1393
22924,19,0.1643
22925,19,0.1315
22926,31,0.1199
22927,32,0.1545
22928,33,0.1457
22929,19,0.1862
22930,7,0.1473
22931,7,0.2118
22932,7,0.1482
22933,32,0.1490
22934,32,0.1297
22936,23,0.1327
22937,19,0.1364
22938,5,0.1548
22941,24,0.2630
22942,19,0.1314
22943,7,0.1236
22944,7,0.1053
22945,19,0.1184
22946,19,0.1714
22947,7,0.1719
22948,7,0.1679
22949,7,0.1211
22950,7,0.1509
22951,24,0.1617
22952,24,0.3360
22953,24,0.2400
22954,7,0.1361
22955,7,0.1044
22956,7,0.1629
22957,1,0.1063
22958,1,0.1387
22959,7,0.1232
22960,7,0.1130
22961,7,0.1439
22962,7,0.1905
22963,1,0.1471
22964,19,0.1304
22965,1,0.1037
22966,7,0.1225
22967,7,0.1398
22968,19,0.1172
22969,19,0.1687
22971,1,0.1720
22972,1,0.2360
22973,7,0.1540
22974,24,0.1760
22975,24,0.1053
22977,7,0.1278
22978,7,0.1279
22981,7,0.1710
22982,24,0.1548
22983,7,0.1369
22984,7,0.1186
22986,7,0.2333
22987,7,0.2595
22988,32,0.1952
22989,1,0.2622
22990,24,0.1589
22991,7,0.1580
22992,19,0.1389
22993,7,0.1347
22994,7,0.2379
22995,7,0.1799
22996,7,0.1894
22997,23,0.1114
22998,19,0.1318
22999,19,0.1048
23000,7,0.1153
23001,7,0.1414
23002,32,0.1518
23003,1,0.1758
23004,1,0.3062
23005,7,0.1695
23006,7,0.1217
23007,19,0.1325
23008,7,0.1492
23009,5,0.1418
23010,7,0.1067
23011,7,0.1418
23012,7,0.1615
23013,7,0.1336
23014,8,0.1135
23016,24,0.1421
23017,7,0.1038
23018,7,0.1132
23021,7,0.1404
23023,7,0.1588
23024,21,0.1303
23026,24,0.1385
23028,0,0.1200
23029,22,0.1945
23030,24,0.1977
23031,7,0.1145
23032,24,0.1484
23033,7,0.1567
23034,19,0.1266
23035,23,0.1195
23036,7,0.1336
23037,7,0.1137
23040,9,0.1469
23041,7,0.1370
23043,5,0.1093
23044,21,0.1095
23050,7,0.1364
23051,19,0.1170
23053,7,0.1165
23055,24,0.1210
23056,7,0.1135
23057,23,0.1402
23058,24,0.1231
23059,23,0.1442
23060,19,0.1719
23061,22,0.2423
23062,24,0.3626
23063,22,0.1917
23064,22,0.1139
23065,22,0.2218
23066,24,0.1991
23067,7,0.1224
23068,23,0.1520
23069,22,0.1956
23071,7,0.2238
23072,24,0.2096
23073,23,0.1694
23074,19,0.1374
23075,23,0.2861
23076,22,0.2489
23077,20,0.1521
23078,8,0.1857
23079,8,0.1073
23080,22,0.1236
23081,24,0.2423
23082,23,0.1497
23083,8,0.2585
23084,23,0.2220
23085,24,0.2285
23086,23,0.1668
23087,23,0.2365
23088,23,0.1953
23089,22,0.2311
23090,24,0.1927
23091,23,0.1890
23092,22,0.2566
23093,16,0.3713
23094,22,0.1675
23095,8,0.1945
23096,22,0.1723
23097,22,0.3776
23098,24,0.1638
23099,22,0.2671
23100,22,0.4307
23101,22,0.2828
23102,23,0.1252
23103,24,0.1563
23104,24,0.1350
23105,24,0.1757
23106,22,0.1435
23107,20,0.1158
23109,23,0.1620
23110,22,0.2855
23111,22,0.2165
23112,22,0.2340
23113,22,0.2049
23114,22,0.2238
23115,22,0.1993
23116,22,0.1954
23117,22,0.1178
23118,22,0.2735
23119,22,0.2210
23120,24,0.1622
23121,22,0.1394
23122,23,0.2119
23123,24,0.2721
23124,22,0.1836
23125,22,0.1255
23126,24,0.1219
23127,22,0.2191
23128,24,0.2015
23129,22,0.1789
23130,24,0.2403
23131,22,0.1745
23132,22,0.1859
23133,23,0.1348
23134,22,0.1349
23135,24,0.2852
23136,24,0.1647
23137,19,0.1825
23138,8,0.2057
23139,24,0.2498
23140,24,0.2768
23141,28,0.1771
23142,22,0.1815
23143,22,0.4085
23144,22,0.2296
23145,22,0.1677
23146,20,0.2719
23147,22,0.2111
23148,24,0.2243
23149,22,0.3306
23150,24,0.2508
23151,22,0.2097
23152,22,0.2887
23153,20,0.2115
23154,22,0.3211
23155,22,0.2658
23156,24,0.1658
23157,23,0.1957
23158,23,0.1988
23159,8,0.1972
23160,24,0.1640
23161,22,0.2871
23162,22,0.2936
23163,22,0.1930
23164,22,0.2500
23165,20,0.2964
23166,20,0.1823
23167,8,0.3929
23168,20,0.2114
23169,31,0.1108
23170,20,0.2488
23171,8,0.2430
23172,8,0.3919
23173,22,0.2106
23174,30,0.1867
23175,24,0.1088
23176,24,0.1088
23177,24,0.1110
23178,21,0.1126
23180,24,0.1633
23181,21,0.1339
23182,21,0.1328
23183,8,0.3031
23184,16,0.4961
23185,25,0.1276
23186,4,0.1806
23188,7,0.1375
23190,18,0.1036
23193,8,0.2060
23195,7,0.1163
23198,7,0.1040
23200,0,0.1055
23201,0,0.3598
23204,7,0.1217
23207,21,0.1171
23208,5,0.1150
23209,5,0.1105
23210,18,0.1830
23211,18,0.2128
23212,0,0.1206
23215,15,0.1395
23216,15,0.1512
23217,7,0.1845
23218,18,0.1216
23219,18,0.2936
23220,18,0.1270
23222,8,0.1067
23223,8,0.1177
23225,24,0.1453
23226,7,0.1458
23227,7,0.1335
23228,11,0.1198
23229,21,0.1655
23230,24,0.1128
23231,30,0.1743
23232,30,0.1128
23233,21,0.1271
23234,7,0.2038
23235,25,0.1349
23236,31,0.1841
23237,12,0.2015
23238,7,0.1033
23242,8,0.3559
23243,13,0.1456
23244,13,0.1094
23245,15,0.1822
23246,15,0.1473
23247,15,0.1621
23248,9,0.1245
23249,13,0.1217
23250,18,0.2448
23251,13,0.1086
23253,30,0.1195
23254,0,0.1900
23255,25,0.1053
23258,21,0.1286
23259,7,0.2039
23260,1,0.2217
23261,1,0.2789
23263,5,0.1066
23266,29,0.1273
23268,7,0.1408
23269,13,0.2661
23270,16,0.2026
23271,18,0.1175
23272,7,0.1783
23273,1,0.1153
23274,1,0.1619
23275,24,0.1450
23277,12,0.1644
23278,5,0.1406
23279,16,0.2567
23280,13,0.1564
23281,25,0.1203
23282,25,0.1400
23283,0,0.1711
23284,0,0.1078
23286,13,0.1695
23287,15,0.1259
23289,21,0.1186
23290,30,0.1093
23291,24,0.1860
23292,21,0.1709
23293,24,0.3562
23294,31,0.1300
23295,1,0.1086
23296,19,0.1152
23297,24,0.1110
23298,24,0.1159
23299,24,0.2748
23300,19,0.1300
23303,7,0.1433
23304,21,0.1460
23305,21,0.1330
23306,21,0.1218
23307,7,0.1333
23308,30,0.1350
23310,21,0.1298
23311,24,0.2070
23312,24,0.1979
23313,24,0.1615
23314,21,0.1818
23315,8,0.5768
23316,8,0.1781
23317,7,0.1185
23318,7,0.1309
23319,24,0.2692
23320,8,0.4434
23321,8,0.7197
23324,7,0.1279
23325,7,0.1138
23326,24,0.1336
23327,24,0.2037
23328,19,0.1494
23329,32,0.1047
23330,7,0.1130
23331,7,0.1558
23332,19,0.1064
23333,24,0.1092
23334,24,0.2089
23335,21,0.1581
23336,21,0.1240
23338,24,0.1610
23339,24,0.2248
23340,24,0.1167
23341,24,0.1139
23344,7,0.1354
23345,24,0.3109
23346,24,0.1434
23348,30,0.1616
23349,24,0.2861
23350,24,0.3557
23351,21,0.1985
23352,24,0.1976
23353,4,0.2564
23354,33,0.1689
23356,24,0.1220
23358,21,0.1135
23359,24,0.3077
23360,22,0.1736
23361,8,0.8512
23362,8,0.3252
23365,24,0.2251
23366,22,0.2695
23367,4,0.3088
23368,25,0.1515
23369,24,0.1713
23370,8,0.4312
23371,8,0.3411
23372,8,0.1732
23373,24,0.2539
23374,24,0.2249
23375,23,0.2448
23376,23,0.1665
23377,21,0.1677
23378,8,0.3167
23379,20,0.1825
23380,16,0.4763
23381,8,0.4624
23382,16,0.4505
23383,8,0.5687
23384,20,0.1847
23385,20,0.2574
23386,24,0.4671
23387,24,0.1726
23388,24,0.2798
23389,24,0.3974
23390,24,0.4513
23391,24,0.2354
23392,24,0.1984
23393,22,0.3623
23394,24,0.4945
23395,24,0.2361
23396,24,0.2850
23397,24,0.2796
23398,24,0.4876
23399,24,0.3192
23400,24,0.2892
23401,24,0.1837
23402,22,0.1993
23403,23,0.3155
23404,23,0.2575
23405,23,0.2362
23406,8,0.3110
23407,8,0.3235
23408,8,0.1869
23409,23,0.2432
23410,8,0.2029
23411,8,0.4151
23412,20,0.2360
23413,8,0.4288
23414,8,0.2130
23415,20,0.2707
23416,24,0.2877
23417,24,0.4111
23418,24,0.5456
23419,24,0.2552
23420,24,0.3429
23421,24,0.4845
23422,24,0.4328
23423,24,0.2162
23424,23,0.1466
23425,23,0.1585
23426,19,0.1655
23427,24,0.3334
23428,24,0.3079
23429,22,0.1778
23430,22,0.2304
23431,8,0.1684
23432,8,0.2100
23433,8,0.3962
23434,16,0.2694
23435,8,0.3361
23436,23,0.2513
23437,23,0.2117
23438,8,0.3338
23439,23,0.2060
23440,16,0.2780
23441,24,0.3106
23442,24,0.2265
23443,8,0.2195
23444,8,0.2429
23445,10,0.1989
23446,8,0.1636
23447,24,0.3116
23448,24,0.2855
23449,24,0.3328
23450,24,0.2238
23451,11,0.1302
23452,19,0.1701
23453,24,0.2563
23454,24,0.2662
23455,24,0.2347
23456,24,0.1739
23457,8,0.2350
23458,8,0.4254
23459,8,0.2070
23460,24,0.1850
23461,22,0.1971
23462,23,0.2881
23463,16,0.1595
23464,20,0.3747
23465,20,0.2649
23466,24,0.2730
23467,23,0.1977
23468,24,0.1860
23469,24,0.4397
23470,24,0.4098
23471,22,0.2790
23472,24,0.1614
23473,23,0.1315
23474,24,0.2714
23475,24,0.2374
23476,24,0.1417
23477,23,0.1371
23478,19,0.1898
23479,19,0.1669
23480,19,0.1965
23481,8,0.3732
23482,8,0.3995
23483,23,0.2261
23484,19,0.1528
23485,8,0.3173
23486,8,0.4768
23487,16,0.3846
23488,8,0.3585
23489,23,0.1716
23490,20,0.1894
23491,23,0.1547
23492,24,0.2128
23493,24,0.2881
23494,24,0.4257
23495,24,0.4523
23496,24,0.2285
23497,8,0.2016
23498,9,0.1919
23499,16,0.2941
23500,8,0.2277
23501,9,0.3556
23502,9,0.4474
23503,9,0.4162
23504,8,0.3516
23505,8,0.3636
23506,9,0.3014
23507,8,0.2783
23508,9,0.2703
23509,9,0.1637
23510,9,0.1459
23511,9,0.1635
23512,8,0.2768
23513,8,0.4244
23514,9,0.1969
23516,5,0.1176
23517,8,0.1253
23518,9,0.1830
23519,8,0.4127
23520,8,0.1322
23521,1,0.1259
23522,8,0.1102
23523,7,0.1370
23524,5,0.1606
23526,8,0.1322
23527,9,0.2343
23528,9,0.2297
23529,9,0.2247
23530,9,0.1512
23531,8,0.1592
23532,5,0.1837
23533,9,0.1430
23534,21,0.1578
23535,8,0.2214
23536,8,0.3164
23537,8,0.2967
23538,8,0.3981
23539,9,0.2299
23540,8,0.3120
23541,8,0.6807
23542,8,0.2684
23543,8,0.3124
23544,8,0.3029
23545,8,0.3052
23546,8,0.5447
23547,8,0.3774
23548,8,0.3933
23549,8,0.3124
23550,16,0.1868
23551,8,0.3962
23552,8,0.4014
23553,8,0.5550
23554,8,0.5029
23555,8,0.3689
23556,9,0.3007
23557,8,0.2659
23558,8,0.4033
23559,8,0.3901
23560,8,0.2079
23561,8,0.1598
23562,8,0.2499
23563,8,0.1701
23564,8,0.5054
23565,8,0.3606
23566,8,0.3625
23567,8,0.4710
23568,8,0.2985
23569,8,0.1714
23570,8,0.2701
23571,8,0.1912
23572,9,0.3718
23573,9,0.2642
23574,8,0.5253
23575,8,0.3177
23576,9,0.2760
23577,8,0.1986
23578,8,0.4150
23579,8,0.3761
23580,9,0.3066
23581,9,0.1109
23582,8,0.2542
23583,8,0.1379
23584,9,0.1731
23585,21,0.1568
23586,8,0.4833
23587,8,0.2539
23588,9,0.3213
23589,9,0.2581
23590,8,0.1153
23591,8,0.2619
23592,8,0.1809
23593,9,0.2777
23594,9,0.1820
23595,16,0.2782
23596,9,0.2735
23597,8,0.2099
23598,9,0.2037
23599,9,0.2686
23600,9,0.1514
23601,9,0.1195
23602,5,0.1572
23603,5,0.1139
23604,5,0.2442
23605,9,0.2392
23606,8,0.3225
23607,9,0.1259
23608,19,0.1903
23609,24,0.1596
23610,23,0.1945
23611,21,0.1664
23612,23,0.2132
23613,23,0.2711
23614,23,0.2212
23615,9,0.3028
23616,23,0.2159
23617,23,0.3003
23618,23,0.3085
23619,23,0.3153
23620,8,0.2446
23621,23,0.2907
23622,23,0.1955
23623,23,0.1338
23624,19,0.2040
23625,19,0.2060
23626,19,0.1615
23627,24,0.1871
23628,23,0.2366
23629,23,0.2551
23630,23,0.2114
23631,21,0.2259
23632,24,0.4700
23633,24,0.2458
23634,24,0.3169
23635,24,0.1624
23636,23,0.2054
23637,8,0.5228
23638,16,0.1638
23639,24,0.1799
23640,24,0.3868
23641,24,0.4222
23642,24,0.5358
23643,24,0.3546
23644,23,0.1773
23645,24,0.2405
23646,24,0.2497
23647,23,0.2404
23648,23,0.2327
23649,8,0.3735
23650,23,0.1903
23651,24,0.1990
23652,21,0.2987
23653,21,0.4041
23654,24,0.2167
23655,24,0.2122
23656,21,0.2275
23657,24,0.2571
23658,24,0.2152
23659,21,0.2332
23660,21,0.1300
23661,24,0.2219
23662,24,0.2947
23663,8,0.2096
23664,24,0.3979
23665,24,0.5697
23666,24,0.2826
23667,24,0.2416
23668,24,0.2570
23669,24,0.2960
23670,24,0.3882
23671,7,0.1628
23672,19,0.2023
23673,19,0.1522
23674,8,0.1612
23675,19,0.1427
23676,7,0.1866
23677,19,0.1603
23678,19,0.1242
23679,7,0.1861
23681,7,0.1226
23682,7,0.1858
23683,7,0.2649
23684,24,0.2104
23685,21,0.1798
23686,9,0.2184
23687,7,0.1413
23688,7,0.1709
23689,7,0.1619
23690,7,0.1201
23691,19,0.1382
23692,7,0.1619
23693,8,0.1354
23694,7,0.1437
23695,7,0.1968
23696,21,0.1575
23697,7,0.1659
23698,7,0.1901
23699,8,0.1239
23700,8,0.2416
23701,7,0.1161
23702,7,0.1446
23703,7,0.1450
23704,8,0.2414
23705,24,0.1400
23706,24,0.2647
23707,21,0.2807
23708,23,0.1337
23709,8,0.3319
23710,21,0.2205
23711,21,0.2154
23712,7,0.2066
23713,19,0.1499
23714,8,0.1748
23715,8,0.1932
23716,24,0.1826
23717,7,0.1354
23718,21,0.1470
23719,21,0.1310
23720,21,0.2083
23721,0,0.1786
23722,8,0.2717
23723,8,0.2781
23724,8,0.3034
23725,9,0.1915
23726,8,0.1680
23727,8,0.2294
23728,9,0.2982
23729,23,0.1731
23730,23,0.2226
23731,8,0.2562
23732,23,0.2150
23733,23,0.1407
23734,21,0.2315
23735,21,0.2271
23736,24,0.2255
23737,24,0.3196
23738,19,0.1614
23739,7,0.1465
23740,7,0.1995
23741,24,0.2722
23742,5,0.1604
23743,8,0.1561
23744,8,0.4148
23745,9,0.4320
23746,8,0.5226
23747,9,0.4604
23748,9,0.3968
23749,9,0.1991
23750,8,0.3375
23751,8,0.6814
23752,8,0.3649
23753,8,0.3071
23754,23,0.1953
23755,8,0.2808
23756,23,0.2275
23757,23,0.2352
23758,23,0.3380
23759,8,0.4883
23760,8,0.1387
23761,8,0.1913
23762,16,0.1806
23763,23,0.1631
23764,8,0.4594
23765,19,0.1957
23766,19,0.1414
23767,19,0.1591
23768,21,0.1388
23769,7,0.2264
23770,10,0.1281
23771,8,0.5665
23772,9,0.2356
23773,8,0.4510
23774,8,0.3286
23775,8,0.2363
23776,8,0.4697
23777,23,0.1670
23778,23,0.1783
23779,23,0.2544
23780,9,0.2903
23781,9,0.3663
23782,9,0.1503
23783,19,0.1348
23784,7,0.1840
23785,19,0.1725
23786,9,0.2799
23787,7,0.1568
23788,8,0.2650
23789,5,0.1180
23790,8,0.1330
23791,8,0.3905
23792,8,0.2756
23793,8,0.3603
23794,8,0.2031
23795,9,0.2850
23796,8,0.4272
23797,8,0.6384
23798,8,0.5247
23799,8,0.6222
23800,8,0.4825
23801,23,0.1630
23802,8,0.3717
23803,8,0.3932
23804,8,0.2532
23805,8,0.4026
23806,9,0.2652
23807,8,0.3191
23808,19,0.1352
23809,22,0.1569
23810,23,0.1647
23811,9,0.4449
23812,8,0.6472
23813,8,0.5951
23814,8,0.2677
23815,8,0.2804
23816,8,0.5538
23817,9,0.2722
23818,19,0.1906
23819,9,0.3893
23820,8,0.4364
23821,8,0.6439
23822,9,0.4047
23823,5,0.2799
23824,19,0.1180
23825,8,0.1591
23826,9,0.2740
23827,9,0.6169
23828,8,0.2672
23829,8,0.3907
23830,8,0.2750
23831,23,0.1799
23832,19,0.1488
23833,9,0.1565
23834,23,0.1269
23835,7,0.2058
23836,24,0.2489
23837,24,0.2997
23840,24,0.1132
23841,9,0.2426
23842,8,0.2560
23843,19,0.1832
23844,16,0.2433
23845,8,0.3813
23846,9,0.1517
23847,1,0.1254
23848,19,0.1463
23849,19,0.1912
23850,9,0.1700
23851,5,0.1802
23853,19,0.1472
23854,23,0.1777
23855,9,0.2560
23856,19,0.1528
23858,24,0.1207
23859,5,0.1295
23860,7,0.1467
23861,21,0.1542
23862,21,0.1415
23863,5,0.1279
23864,8,0.3867
23865,8,0.3950
23866,7,0.1868
23867,7,0.1503
23868,7,0.1596
23869,21,0.2189
23870,9,0.1247
23871,9,0.2771
23872,7,0.1964
23873,7,0.1644
23874,7,0.1079
23875,7,0.1825
23876,7,0.2307
23877,7,0.1938
23878,9,0.1832
23879,21,0.1344
23880,7,0.1514
23881,9,0.1916
23882,9,0.1861
23883,8,0.3301
23884,7,0.1397
23885,8,0.1397
23886,9,0.1860
23887,9,0.3108
23888,8,0.1102
23889,24,0.1437
23890,7,0.1638
23891,7,0.1995
23892,5,0.2527
23893,5,0.1581
23894,5,0.1693
23895,7,0.1641
23896,7,0.1772
23897,19,0.1545
23898,7,0.1473
23899,9,0.1759
23900,19,0.1194
23901,5,0.1391
23902,7,0.1434
23903,5,0.2669
23904,9,0.1318
23905,7,0.1196
23906,9,0.1331
23907,5,0.2454
23908,9,0.2689
23909,9,0.3274
23910,8,0.1544
23911,8,0.1996
23912,19,0.1111
23914,33,0.1943
23915,4,0.2968
23916,4,0.1232
23917,1,0.1617
23918,4,0.2376
23919,8,0.1980
23920,8,0.2691
23921,21,0.1496
23922,7,0.1796
23923,19,0.1561
23924,8,0.2815
23925,23,0.1541
23926,4,0.1737
23929,8,0.1255
23930,21,0.1385
23931,5,0.1971
23933,4,0.1931
23934,4,0.3477
23935,16,0.1950
23936,19,0.1718
23937,9,0.1280
23938,9,0.1354
23939,9,0.3594
23940,9,0.2732
23941,9,0.2433
23942,8,0.3252
23943,8,0.1477
23944,5,0.1581
23945,19,0.2206
23946,5,0.1722
23947,5,0.1331
23948,9,0.2571
23949,9,0.3012
23950,9,0.1828
23951,9,0.2695
23952,9,0.3637
23953,7,0.1679
23954,23,0.1369
23955,23,0.1262
23956,23,0.1805
23957,23,0.1810
23958,8,0.2035
23959,23,0.2444
23960,22,0.1875
23961,8,0.2942
23962,23,0.2149
23963,9,0.1913
23964,4,0.3833
23965,4,0.6859
23966,8,0.1749
23967,8,0.2546
23968,16,0.1738
23969,16,0.4432
23970,8,0.6624
23971,23,0.1599
23972,4,0.2288
23973,0,0.2424
23974,7,0.1490
23975,4,0.1863
23976,4,0.3018
23977,8,0.2445
23978,8,0.1966
23979,23,0.2370
23980,19,0.1906
23981,8,0.2655
23982,9,0.4043
23983,8,0.1667
23984,23,0.1929
23985,19,0.1814
23986,8,0.1428
23987,19,0.1389
23988,5,0.2444
23989,5,0.1860
23990,7,0.1593
23991,7,0.1529
23992,5,0.1154
23993,7,0.1609
23994,7,0.1933
23995,7,0.1856
23996,21,0.1176
23997,7,0.1889
23998,24,0.2040
23999,24,0.1622
24000,9,0.2206
24001,8,0.1593
24002,7,0.1732
24003,21,0.2165
24004,7,0.1874
24005,8,0.1210
24006,7,0.1804
24008,6,0.1032
24009,5,0.1933
24010,19,0.1728
24012,0,0.5543
24013,0,0.5117
24014,0,0.4627
24015,28,0.2651
24016,19,0.2080
24017,10,0.2107
24018,7,0.2040
24019,8,0.1564
24020,7,0.1214
24021,7,0.1922
24022,19,0.1416
24023,24,0.1239
24024,19,0.1964
24025,23,0.1997
24027,19,0.1640
24028,23,0.1629
24029,8,0.2309
24030,8,0.3406
24031,19,0.1696
24032,19,0.2064
24033,9,0.2430
24034,19,0.1462
24035,19,0.1388
24036,24,0.1571
24037,24,0.1738
24038,24,0.1474
24039,19,0.1671
24040,7,0.1441
24041,24,0.1782
24042,8,0.2118
24043,19,0.1686
24044,24,0.1713
24045,5,0.1573
24046,5,0.1602
24047,24,0.1627
24048,7,0.1265
24049,19,0.2291
24050,24,0.3475
24051,24,0.2098
24052,7,0.2215
24053,24,0.1465
24054,20,0.2042
24055,20,0.1474
24056,23,0.1464
24057,8,0.2816
24058,20,0.1729
24059,23,0.1793
24060,20,0.2561
24061,8,0.2797
24062,19,0.1452
24063,24,0.1417
24064,10,0.1390
24065,19,0.1987
24066,10,0.2115
24067,8,0.2492
24068,19,0.1999
24069,23,0.1434
24070,16,0.1072
24071,19,0.1252
24072,24,0.3511
24073,15,0.1566
24074,7,0.1590
24075,24,0.1304
24076,6,0.1314
24078,8,0.2358
24079,19,0.2056
24080,23,0.2139
24081,23,0.2097
24082,23,0.1320
24083,24,0.1871
24084,24,0.1983
24085,23,0.1790
24086,19,0.1607
24087,7,0.2023
24088,5,0.2441
24089,5,0.2160
24090,24,0.2084
24091,6,0.1489
24092,19,0.1890
24093,5,0.1040
24094,5,0.2860
24095,5,0.3364
24096,5,0.2602
24097,9,0.2336
24098,9,0.2083
24099,9,0.1953
24100,5,0.3119
24101,5,0.2046
24102,5,0.2380
24103,23,0.1107
24104,6,0.1285
24105,5,0.1973
24106,5,0.3179
24107,5,0.2646
24108,9,0.1932
24109,19,0.1646
24110,9,0.1783
24111,8,0.1929
24112,19,0.1101
24113,19,0.1687
24114,19,0.1597
24115,5,0.1367
24116,5,0.1196
24117,5,0.2207
24118,5,0.2234
24119,19,0.2458
24120,5,0.1810
24121,5,0.1924
24122,19,0.1636
24123,5,0.2150
24124,19,0.1387
24125,5,0.1535
24126,19,0.1355
24127,19,0.1697
24128,5,0.3680
24129,19,0.1834
24130,19,0.2356
24131,5,0.3121
24132,5,0.1738
24133,9,0.1713
24134,19,0.1397
24135,7,0.2073
24136,23,0.1394
24137,7,0.2224
24138,5,0.2074
24139,19,0.1273
24140,19,0.1825
24141,19,0.1535
24142,23,0.1787
24143,7,0.1415
24144,9,0.1677
24145,5,0.1569
24146,5,0.1602
24147,19,0.1848
24148,19,0.2212
24149,23,0.1562
24150,19,0.2451
24151,19,0.2109
24152,19,0.1663
24153,19,0.2388
24154,19,0.2683
24155,19,0.3306
24156,19,0.2194
24157,19,0.3021
24158,19,0.2303
24159,19,0.2202
24160,19,0.1767
24161,19,0.1882
24162,7,0.2208
24163,19,0.3044
24164,23,0.1880
24165,24,0.1736
24166,24,0.2092
24167,19,0.1948
24168,9,0.2323
24169,19,0.2038
24170,23,0.1662
24171,19,0.1899
24172,19,0.3323
24173,23,0.1834
24174,23,0.2155
24175,23,0.1933
24176,19,0.3177
24177,19,0.1935
24178,19,0.3258
24179,5,0.1894
24180,19,0.2865
24181,19,0.2830
24182,19,0.1959
24183,8,0.3362
24184,19,0.2187
24185,19,0.1995
24186,19,0.1717
24187,7,0.2230
24188,19,0.1897
24189,19,0.1750
24190,19,0.3400
24191,19,0.2494
24192,19,0.2759
24193,5,0.3210
24194,9,0.1487
24195,1,0.1382
24196,7,0.1458
24197,19,0.2134
24198,19,0.2628
24199,23,0.1848
24200,19,0.2436
24201,23,0.1854
24202,19,0.2110
24203,19,0.1646
24204,19,0.1890
24205,19,0.2283
24206,23,0.1643
24207,23,0.1460
24208,19,0.2591
24209,8,0.9969
24210,8,0.9986
24211,8,0.2462
24212,8,0.2630
24213,23,0.1575
24214,23,0.1585
24215,24,0.2512
24216,23,0.1868
24217,28,0.1213
24218,8,0.2027
24219,20,0.1866
24220,23,0.1397
24221,19,0.1733
24222,23,0.1039
24223,19,0.1370
24224,19,0.1629
24225,23,0.1985
24226,23,0.1846
24227,23,0.1945
24228,23,0.1499
24229,19,0.2576
24230,19,0.2501
24231,19,0.1940
24232,19,0.2775
24233,19,0.2138
24234,24,0.1227
24235,23,0.1249
24236,19,0.2066
24237,19,0.2217
24238,19,0.1214
24239,7,0.1470
24240,1,0.1757
24242,19,0.2221
24244,0,0.1064
24245,1,0.1482
24246,1,0.1413
24248,19,0.1679
24249,19,0.1653
24250,19,0.1538
24251,19,0.1610
24252,19,0.1798
24253,19,0.1805
24254,19,0.1611
24255,1,0.1157
24256,23,0.1249
24257,19,0.1619
24258,19,0.1895
24259,23,0.1162
24260,0,0.1462
24261,1,0.2087
24262,32,0.1944
24263,32,0.1636
24264,19,0.1911
24265,19,0.1224
24267,30,0.1942
24268,21,0.1466
24269,19,0.1827
24270,23,0.1354
24273,24,0.1229
24274,7,0.1814
24275,8,0.2141
24276,8,0.4922
24277,19,0.2059
24278,19,0.2219
24279,19,0.1519
24280,19,0.1743
24281,19,0.2545
24282,19,0.1092
24283,7,0.1213
24285,1,0.1523
24286,1,0.1346
24287,11,0.1799
24288,7,0.1548
24289,7,0.1723
24290,5,0.2038
24291,9,0.1703
24292,9,0.1491
24293,7,0.1559
24294,5,0.1454
24295,5,0.1557
24297,1,0.1290
24298,19,0.1319
24299,1,0.1647
24300,5,0.1571
24301,7,0.1538
24302,5,0.2184
24303,7,0.2703
24304,7,0.1317
24305,7,0.1673
24306,7,0.2419
24307,7,0.1564
24308,7,0.1426
24309,7,0.1691
24310,5,0.3470
24311,7,0.1972
24312,7,0.3215
24313,1,0.3440
24314,1,0.2619
24315,7,0.2373
24316,7,0.1788
24317,19,0.1080
24319,19,0.1079
24320,19,0.1413
24321,5,0.2202
24322,7,0.1481
24323,32,0.1805
24324,7,0.1723
24325,7,0.1247
24326,19,0.1439
24327,7,0.1157
24328,19,0.1434
24331,7,0.1952
24332,7,0.2408
24333,7,0.1816
24334,7,0.1551
24335,7,0.1690
24336,7,0.1515
24339,1,0.1261
24342,12,0.1085
24343,7,0.1460
24344,7,0.1912
24345,5,0.1737
24346,7,0.1675
24347,5,0.1609
24348,5,0.2013
24349,5,0.1722
24350,5,0.1950
24351,5,0.4341
24352,5,0.1486
24353,1,0.1294
24354,5,0.1292
24355,24,0.1252
24356,24,0.1328
24357,24,0.1425
24358,24,0.2340
24359,8,0.3806
24360,8,0.6907
24362,19,0.1197
24363,8,0.1544
24364,16,0.2885
24365,7,0.1076
24366,24,0.1841
24367,8,0.2121
24368,8,0.2295
24369,28,0.1088
24370,8,0.1598
24371,8,0.3813
24372,8,0.2952
24373,8,0.1068
24374,24,0.2409
24375,30,0.1430
24376,21,0.1303
24377,28,0.1135
24378,22,0.1655
24379,22,0.1581
24380,16,0.1417
24381,5,0.2348
24382,19,0.1504
24383,7,0.1362
24384,8,0.2315
24386,19,0.1401
24387,24,0.2038
24388,16,0.1053
24389,19,0.1321
24390,24,0.2704
24391,24,0.3384
24392,21,0.1686
24393,24,0.2115
24394,21,0.1765
24395,8,0.2466
24396,8,0.2419
24397,19,0.1978
24398,8,0.2286
24399,19,0.1065
24400,19,0.1350
24401,19,0.1990
24402,20,0.3759
24403,8,0.5026
24404,24,0.3113
24405,24,0.5108
24406,8,0.6696
24407,30,0.1847
24408,24,0.1942
24409,24,0.2347
24410,24,0.2245
24411,8,0.2758
24412,28,0.1331
24413,20,0.1456
24414,8,0.3650
24415,8,0.2013
24416,21,0.1710
24417,7,0.1954
24418,8,0.2700
24419,22,0.2014
24420,19,0.1422
24422,7,0.1383
24423,24,0.1684
24424,23,0.1187
24425,8,0.1155
24426,8,0.1999
24427,23,0.1641
24428,21,0.1298
24429,21,0.1524
24430,19,0.1269
24431,21,0.1577
24432,8,0.1654
24433,28,0.1088
24434,5,0.1800
24435,24,0.1650
24436,19,0.2208
24437,19,0.1806
24438,5,0.1819
24439,7,0.1901
24440,24,0.2434
24441,24,0.2569
24442,19,0.1447
24443,7,0.1328
24444,7,0.1961
24445,7,0.2002
24446,20,0.2048
24447,33,0.1281
24448,24,0.1295
24449,24,0.1741
24450,7,0.1188
24452,24,0.1315
24453,19,0.1247
24454,8,0.3323
24455,8,0.1473
24457,5,0.1665
24458,19,0.1330
24459,22,0.1699
24460,8,0.1996
24461,19,0.1053
24463,7,0.1170
24464,21,0.1095
24465,24,0.1659
24466,21,0.1104
24467,16,0.1083
24469,15,0.1344
24470,7,0.1288
24472,7,0.1151
24474,0,0.1251
24475,5,0.1645
24478,15,0.1446
24479,7,0.1618
24480,12,0.1066
24481,12,0.2774
24482,5,0.2014
24483,5,0.1064
24484,0,0.1088
24486,33,0.1628
24487,12,0.1904
24488,11,0.1087
24489,11,0.1858
24490,5,0.2755
24492,12,0.1229
24493,5,0.1577
24494,0,0.1161
24496,19,0.1296
24497,0,0.1595
24498,5,0.1592
24500,21,0.1251
24501,8,0.1642
24502,0,0.1641
24503,6,0.1106
24506,19,0.1087
24507,8,0.1681
24508,8,0.2787
24509,7,0.1724
24512,12,0.1819
24514,15,0.1035
24515,5,0.1220
24517,12,0.1494
24518,6,0.1066
24519,5,0.1426
24522,0,0.1614
24523,1,0.1690
24525,32,0.1242
24528,1,0.1128
24529,7,0.1032
24530,5,0.1363
24531,13,0.1110
24532,19,0.1303
24533,28,0.1374
24534,28,0.1924
24535,5,0.2339
24537,0,0.1045
24539,12,0.1753
24544,1,0.1220
24545,7,0.1115
24546,7,0.1748
24547,7,0.1493
24552,1,0.1168
24553,8,0.1172
24554,8,0.1077
24555,5,0.1365
24556,5,0.1177
24557,0,0.1370
24559,24,0.1139
24560,8,0.2381
24561,8,0.1151
24562,7,0.1054
24563,8,0.1245
24564,8,0.2117
24565,6,0.1033
24566,24,0.1709
24567,8,0.1666
24568,8,0.1650
24570,8,0.4519
24571,8,0.4478
24572,21,0.1249
24573,8,0.1615
24574,8,0.1360
24575,7,0.1071
24576,8,0.1771
24578,9,0.1417
24579,16,0.2092
24580,23,0.1693
24581,9,0.1654
24582,8,0.1495
24583,8,0.1724
24584,19,0.1081
24585,21,0.1620
24586,8,0.4294
24587,8,0.2932
24589,8,0.1030
24590,7,0.1105
24592,8,0.1198
24593,0,0.1703
24594,7,0.1982
24595,1,0.1237
24596,8,0.2303
24597,8,0.2005
24598,21,0.1492
24600,8,0.1083
24601,24,0.1458
24604,24,0.1633
24605,8,0.2444
24606,8,0.5913
24607,8,0.1315
24608,8,0.1756
24609,5,0.1500
24610,19,0.1914
24611,19,0.1381
24612,8,0.2352
24613,7,0.1667
24614,8,0.1132
24615,8,0.1694
24616,1,0.1171
24617,8,0.1054
24618,24,0.2103
24619,21,0.1591
24620,8,0.3580
24621,8,0.5940
24622,24,0.1673
24623,21,0.1210
24624,8,0.3372
24625,8,0.2217
24626,21,0.1064
24627,24,0.1689
24628,8,0.5996
24629,8,0.4759
24630,24,0.1398
24631,24,0.2787
24632,8,0.7478
24633,8,0.3109
24634,21,0.1959
24635,24,0.2579
24636,8,0.2033
24637,21,0.2641
24638,7,0.1851
24639,24,0.2709
24640,24,0.1766
24641,8,0.1607
24642,24,0.1828
24643,19,0.3017
24644,8,0.1323
24645,8,0.4004
24646,24,0.1926
24647,24,0.3511
24648,23,0.1952
24649,8,0.3559
24650,24,0.1662
24651,24,0.2282
24652,23,0.2626
24653,23,0.1592
24654,24,0.3151
24655,24,0.3123
24656,24,0.4673
24657,21,0.2136
24658,24,0.1860
24659,24,0.3165
24660,24,0.3183
24661,8,0.5228
24662,19,0.1293
24663,19,0.1979
24664,8,0.6297
24665,8,0.4862
24666,7,0.1407
24667,8,0.2248
24668,16,0.3037
24669,19,0.1472
24670,24,0.1970
24671,24,0.4549
24672,24,0.3664
24673,24,0.2453
24674,24,0.6167
24675,24,0.3495
24676,24,0.1298
24677,24,0.2601
24678,24,0.3053
24679,24,0.2578
24680,19,0.1609
24681,24,0.1651
24682,24,0.1391
24683,24,0.1894
24684,21,0.1216
24685,21,0.1541
24686,21,0.1493
24687,21,0.2041
24688,24,0.2656
24689,7,0.2292
24690,7,0.1734
24691,24,0.1836
24692,24,0.2462
24693,0,0.1068
24694,0,0.1078
24695,21,0.1832
24696,24,0.1394
24697,24,0.1136
24698,7,0.1305
24699,21,0.1501
24700,21,0.1482
24701,7,0.1150
24702,19,0.1625
24703,19,0.1131
24704,7,0.1385
24705,21,0.1115
24706,24,0.1272
24707,24,0.1451
24708,21,0.1547
24709,7,0.1614
24710,24,0.2421
24711,7,0.1674
24712,7,0.1741
24713,21,0.1772
24714,21,0.1820
24715,24,0.2300
24716,21,0.2527
24717,7,0.1677
24718,7,0.1816
24719,8,0.3232
24720,8,0.4471
24721,8,0.2297
24722,21,0.1265
24723,5,0.2496
24724,8,0.1760
24725,1,0.1847
24726,21,0.1435
24727,24,0.1189
24728,24,0.3299
24729,24,0.4487
24730,24,0.1844
24731,0,0.1907
24732,0,0.1214
24733,21,0.1914
24734,0,0.1351
24735,1,0.1426
24736,21,0.1338
24737,21,0.1280
24738,19,0.1719
24740,0,0.1042
24741,7,0.1137
24742,21,0.1314
24743,21,0.1191
24744,11,0.1152
24745,21,0.1187
24746,21,0.1836
24747,0,0.1859
24749,5,0.1192
24750,24,0.1095
24751,11,0.1688
24752,0,0.2067
24753,0,0.1909
24754,7,0.1366
24755,7,0.1181
24756,21,0.1426
24757,11,0.2809
24758,11,0.2289
24759,21,0.1088
24760,21,0.1554
24761,21,0.1807
24762,0,0.1806
24763,32,0.1210
24764,4,0.1728
24765,12,0.1637
24766,7,0.1137
24767,19,0.1071
24768,0,0.1828
24769,13,0.1418
24770,3,0.1802
24772,24,0.1550
24773,13,0.1600
24774,15,0.1550
24775,7,0.2254
24776,24,0.2429
24777,0,0.1346
24779,7,0.1498
24780,7,0.1818
24781,24,0.2417
24782,0,0.2840
24783,0,0.2136
24784,4,0.2992
24786,24,0.2208
24787,11,0.1423
24788,0,0.1625
24789,25,0.1345
24790,5,0.1973
24791,5,0.2190
24792,24,0.2135
24793,0,0.2434
24794,0,0.4463
24795,5,0.1526
24796,12,0.1348
24797,5,0.1448
24798,0,0.1687
24799,0,0.3723
24800,3,0.4200
24801,12,0.1182
24802,7,0.1268
24803,7,0.1427
24804,21,0.1324
24805,5,0.1276
24806,19,0.1745
24807,24,0.1552
24808,8,0.6797
24809,8,0.5106
24810,24,0.3794
24811,24,0.3517
24812,8,0.2198
24813,8,0.2843
24814,8,0.2758
24815,24,0.1955
24816,24,0.1264
24817,19,0.1226
24818,21,0.1318
24819,21,0.1609
24820,0,0.3670
24821,11,0.2204
24822,24,0.2126
24823,24,0.1300
24824,8,0.1233
24825,24,0.1573
24826,24,0.2621
24828,19,0.1096
24829,24,0.1949
24830,24,0.1451
24831,19,0.1177
24832,21,0.1553
24833,8,0.4548
24834,8,0.2011
24835,24,0.5074
24836,24,0.1280
24837,0,0.1195
24838,21,0.1925
24839,8,0.1848
24840,8,0.2778
24841,8,0.1611
24842,8,0.2569
24843,8,0.1133
24844,21,0.1444
24845,21,0.1108
24846,8,0.4729
24847,8,0.2516
24848,24,0.2252
24849,8,0.4638
24850,8,0.5047
24851,24,0.2971
24852,8,0.4064
24853,11,0.1049
24854,24,0.3651
24855,8,0.2121
24856,8,0.3628
24857,8,0.3407
24858,8,0.4297
24859,24,0.2091
24860,24,0.3947
24861,8,0.4553
24862,8,0.2864
24863,21,0.1499
24864,8,0.1988
24865,24,0.3823
24866,8,0.5956
24867,8,0.6892
24868,24,0.4637
24869,22,0.1875
24870,8,0.1417
24871,24,0.1854
24872,8,0.2223
24873,24,0.1630
24874,24,0.1242
24875,24,0.3054
24876,24,0.2996
24877,8,0.3837
24878,24,0.4034
24879,8,0.3840
24880,24,0.1276
24881,13,0.1112
24882,13,0.1112
24883,13,0.1130
24884,13,0.1141
24885,13,0.1097
24886,24,0.1125
24887,21,0.1380
24889,5,0.1116
24890,19,0.1275
24891,8,0.5608
24892,8,0.2611
24893,21,0.2453
24894,8,0.1619
24895,8,0.1275
24897,7,0.1184
24898,21,0.1224
24900,8,0.8135
24901,8,0.7059
24902,5,0.1728
24903,21,0.1248
24904,16,0.1948
24905,8,0.7829
24906,8,0.6099
24907,16,0.1862
24908,24,0.2322
24909,19,0.1888
24910,4,0.1247
24911,5,0.1522
24912,7,0.1315
24913,21,0.1387
24914,8,0.6005
24915,8,0.5863
24916,7,0.1413
24917,7,0.1350
24918,24,0.1679
24919,0,0.1526
24920,19,0.1703
24921,7,0.1971
24922,7,0.1799
24923,7,0.2432
24924,8,0.2056
24925,16,0.2127
24926,5,0.3749
24927,5,0.3025
24928,5,0.1450
24929,8,0.2451
24930,8,0.6731
24931,16,0.1614
24932,15,0.3186
24933,15,0.3543
24934,19,0.2193
24935,16,0.5151
24936,8,0.8037
24937,15,0.2711
24938,7,0.1927
24939,7,0.1838
24940,19,0.1187
24941,15,0.2446
24942,5,0.4374
24943,7,0.1990
24944,7,0.1371
24946,8,0.1590
24947,7,0.1878
24948,7,0.2338
24949,7,0.1255
24950,5,0.1879
24952,16,0.1879
24953,15,0.1448
24954,15,0.1328
24955,5,0.1647
24956,19,0.1240
24957,19,0.1880
24958,8,0.3069
24959,5,0.1153
24960,19,0.1037
24961,16,0.2369
24962,7,0.3426
24963,15,0.4652
24964,15,0.1450
24965,7,0.1560
24966,5,0.1081
24967,19,0.1491
24968,23,0.2191
24969,19,0.1248
24970,5,0.2124
24971,7,0.1969
24972,24,0.1983
24973,24,0.1613
24974,7,0.1406
24975,5,0.1064
24976,19,0.1916
24977,16,0.1672
24978,8,0.6371
24979,16,0.2793
24980,7,0.1574
24981,5,0.1786
24982,5,0.2141
24983,7,0.1471
24984,21,0.2649
24985,21,0.2552
24986,8,0.4292
24987,8,0.8048
24988,15,0.1345
24989,16,0.5700
24990,8,0.6812
24991,8,0.5532
24992,16,0.2903
24993,16,0.2070
24994,15,0.3310
24995,15,0.1762
24996,16,0.1601
24997,15,0.2865
24998,15,0.2312
24999,5,0.1650
25000,7,0.1921
25001,7,0.1630
25002,7,0.2127
25003,7,0.1560
25004,7,0.1573
25005,7,0.1410
25006,5,0.1740
25007,5,0.2143
25008,5,0.1160
25009,19,0.1077
25010,19,0.1253
25011,19,0.1700
25012,9,0.2708
25013,8,0.1770
25014,9,0.1159
25015,9,0.2103
25016,19,0.1751
25017,8,0.3833
25018,16,0.3214
25019,16,0.2094
25020,16,0.1678
25021,19,0.2325
25022,9,0.1858
25023,9,0.1931
25024,23,0.2351
25025,16,0.2612
25026,19,0.2198
25027,19,0.1727
25028,16,0.1595
25029,16,0.3391
25030,19,0.1708
25032,5,0.1309
25033,23,0.1728
25034,23,0.2383
25035,19,0.2081
25036,8,0.1301
25037,5,0.1516
25038,5,0.1542
25039,5,0.2081
25040,13,0.1646
25041,19,0.3190
25042,19,0.1953
25043,8,0.1287
25044,9,0.1480
25045,19,0.1773
25046,19,0.2399
25047,19,0.2174
25048,9,0.3912
25049,9,0.2220
25050,9,0.2128
25051,9,0.3317
25052,9,0.2693
25053,9,0.3659
25054,9,0.3225
25055,9,0.2548
25056,16,0.2322
25057,16,0.2182
25058,24,0.2526
25059,7,0.1995
25060,30,0.1686
25061,8,0.3901
25062,30,0.1749
25063,16,0.2889
25064,16,0.3570
25065,21,0.1287
25067,21,0.1561
25068,23,0.1065
25069,19,0.1663
25070,19,0.1971
25071,19,0.1156
25072,7,0.2240
25073,8,0.2143
25074,16,0.4657
25075,19,0.1314
25076,1,0.1635
25077,5,0.1085
25078,7,0.1965
25079,7,0.2060
25080,19,0.1837
25081,7,0.1986
25082,7,0.1550
25083,33,0.1382
25084,7,0.1262
25085,32,0.1156
25086,7,0.1422
25087,24,0.1672
25090,24,0.1101
25092,9,0.1117
25093,5,0.1795
25094,5,0.1906
25097,23,0.1417
25098,23,0.1390
25099,5,0.1754
25100,5,0.1281
25101,5,0.1651
25102,5,0.1528
25103,23,0.1291
25104,5,0.1056
25105,5,0.1408
25106,9,0.1579
25107,5,0.1286
25108,5,0.1472
25109,5,0.2094
25110,5,0.1046
25111,5,0.1277
25112,5,0.1096
25113,5,0.1078
25114,7,0.1030
25115,5,0.1285
25116,5,0.1464
25117,5,0.2102
25118,5,0.1411
25119,7,0.1234
25120,5,0.1469
25121,5,0.2184
25122,5,0.1281
25123,5,0.1308
25124,5,0.1665
25125,5,0.1270
25126,5,0.1644
25127,5,0.1371
25129,5,0.1355
25130,5,0.1325
25132,23,0.1229
25133,19,0.1344
25134,24,0.1834
25135,7,0.1171
25136,7,0.1407
25137,21,0.1198
25139,28,0.1669
25140,7,0.1460
25141,5,0.1441
25142,5,0.1136
25143,7,0.1029
25144,7,0.1655
25145,16,0.1106
25147,19,0.1568
25148,5,0.1410
25149,9,0.1316
25150,5,0.1041
25151,5,0.1260
25152,23,0.1849
25153,23,0.1894
25154,19,0.1141
25155,5,0.1557
25156,5,0.1061
25159,23,0.1839
25160,5,0.2400
25161,5,0.1180
25164,19,0.1759
25165,19,0.1063
25167,13,0.1115
25168,13,0.1130
25170,24,0.1116
25171,13,0.1077
25172,29,0.1166
25173,21,0.1247
25175,21,0.1212
25176,24,0.1209
25177,19,0.2065
25178,19,0.2172
25179,19,0.1830
25180,21,0.1514
25181,24,0.1617
25182,7,0.1740
25183,8,0.3162
25184,8,0.4733
25186,7,0.1081
25187,7,0.1466
25189,8,0.3256
25190,0,0.1902
25192,21,0.2534
25193,21,0.1174
25194,15,0.2494
25195,19,0.1822
25196,7,0.1057
25198,4,0.5361
25199,8,0.2951
25201,7,0.1395
25202,21,0.1967
25203,8,0.2066
25204,16,0.1705
25206,21,0.1948
25207,24,0.1842
25208,21,0.1165
25209,21,0.1733
25210,19,0.1924
25211,8,0.1131
25212,5,0.1338
25213,16,0.4035
25214,8,0.4789
25215,5,0.1340
25216,9,0.1622
25217,7,0.2373
25218,24,0.1337
25219,8,0.8147
25220,16,0.3846
25222,21,0.2149
25223,24,0.1640
25224,24,0.3048
25225,24,0.2436
25226,19,0.1469
25229,8,0.5257
25230,16,0.2480
25231,29,0.1187
25232,21,0.1905
25233,5,0.1308
25235,8,0.5593
25236,7,0.1867
25237,7,0.1610
25238,21,0.1646
25239,7,0.1773
25240,8,0.1365
25241,8,0.3220
25242,24,0.1827
25243,24,0.1845
25244,19,0.2099
25245,19,0.1406
25247,5,0.1320
25248,19,0.1765
25249,11,0.1127
25250,23,0.1650
25251,16,0.1374
25252,7,0.1579
25254,19,0.1681
25255,24,0.1375
25256,21,0.1277
25257,15,0.1616
25258,15,0.1658
25259,7,0.1741
25260,21,0.2556
25261,0,0.1123
25262,0,0.2133
25263,19,0.1583
25264,16,0.4638
25265,19,0.2589
25266,15,0.1228
25267,24,0.2000
25268,8,0.1250
25269,21,0.1329
25270,24,0.2195
25271,7,0.2726
25272,24,0.2520
25273,16,0.5655
25274,22,0.1695
25275,24,0.1835
25276,23,0.1873
25277,19,0.2089
25278,19,0.1681
25279,19,0.2854
25280,19,0.2516
25281,19,0.1142
25282,16,0.2192
25283,16,0.2042
25284,14,0.1589
25285,19,0.1600
25286,7,0.1868
25287,7,0.1600
25288,19,0.1643
25289,7,0.1255
25290,0,0.1117
25291,11,0.1433
25292,7,0.1435
25293,19,0.1440
25294,7,0.1603
25295,19,0.1148
25296,23,0.1891
25297,24,0.1646
25298,22,0.1801
25299,19,0.1225
25300,7,0.1315
25301,9,0.2083
25302,23,0.1542
25303,23,0.1796
25304,28,0.1690
25305,23,0.1945
25306,8,0.2532
25307,8,0.1509
25308,23,0.2623
25309,19,0.1129
25310,19,0.1492
25311,23,0.1554
25312,24,0.1658
25313,21,0.1805
25314,7,0.1923
25315,8,0.1881
25316,8,0.4096
25317,5,0.1325
25318,8,0.1485
25319,8,0.2465
25320,23,0.1293
25321,19,0.1122
25322,19,0.1464
25323,23,0.1026
25324,22,0.2580
25325,8,0.4528
25326,23,0.1212
25328,8,0.1250
25329,19,0.1574
25330,8,0.6471
25331,8,0.8307
25332,8,0.1427
25333,8,0.3784
25334,24,0.1693
25335,24,0.1209
25336,8,0.5429
25337,8,0.5166
25338,21,0.1300
25339,24,0.1749
25340,9,0.1330
25341,23,0.1947
25342,7,0.1691
25343,24,0.2460
25344,21,0.1367
25345,19,0.1823
25346,24,0.2120
25347,21,0.1242
25348,30,0.2064
25349,7,0.2807
25351,19,0.1182
25352,7,0.1697
25353,7,0.1865
25354,22,0.1928
25355,21,0.1901
25356,24,0.2698
25357,23,0.1658
25358,10,0.1458
25359,7,0.1423
25360,8,0.1962
25361,8,0.5619
25362,21,0.1176
25363,21,0.1393
25364,7,0.1912
25366,7,0.1781
25367,24,0.1351
25369,21,0.1998
25370,24,0.2289
25371,21,0.1744
25372,21,0.1876
25373,19,0.1609
25374,21,0.1197
25375,21,0.1175
25376,23,0.2162
25377,23,0.1763
25378,5,0.1133
25379,24,0.1669
25380,24,0.1318
25382,23,0.1237
25384,21,0.1184
25385,21,0.1418
25387,9,0.1208
25388,8,0.1645
25389,24,0.1243
25390,21,0.1224
25391,24,0.1525
25392,7,0.1246
25393,7,0.1165
25394,21,0.1378
25395,24,0.1372
25396,21,0.1172
25397,7,0.1181
25398,7,0.1361
25399,24,0.1119
25400,24,0.1026
25401,21,0.1160
25402,21,0.1061
25403,24,0.1062
25404,24,0.1125
25405,21,0.1144
25406,5,0.1180
25407,7,0.1294
25408,21,0.1160
25409,24,0.1083
25410,24,0.1043
25412,7,0.1449
25413,21,0.1214
25414,24,0.1215
25416,9,0.1577
25417,5,0.1319
25418,21,0.1283
25419,24,0.1291
25420,24,0.1987
25421,21,0.1754
25422,5,0.1833
25423,7,0.1277
25424,7,0.3008
25425,15,0.2310
25426,18,0.2272
25427,7,0.1037
25428,21,0.1373
25429,8,0.5513
25430,8,0.3084
25432,18,0.2576
25433,15,0.1035
25435,5,0.1518
25436,16,0.4604
25437,8,0.5752
25438,5,0.1643
25439,5,0.2288
25440,5,0.1240
25442,8,0.3960
25443,8,0.3313
25445,14,0.1415
25446,15,0.1241
25447,15,0.1161
25448,18,0.1694
25449,8,0.5297
25450,15,0.1089
25451,5,0.1742
25452,5,0.2379
25454,19,0.1769
25455,7,0.2011
25456,7,0.1942
25457,7,0.1208
25458,8,0.4805
25459,8,0.8536
25460,16,0.2089
25461,5,0.1978
25462,8,0.2290
25463,8,0.7819
25464,8,0.7740
25465,23,0.1643
25466,19,0.1873
25467,9,0.1632
25468,16,0.2074
25469,8,0.6762
25470,19,0.2602
25471,19,0.1862
25472,19,0.1495
25473,8,0.6135
25474,8,0.1569
25475,5,0.1713
25476,11,0.1154
25477,16,0.3870
25478,8,0.6198
25479,19,0.1155
25480,19,0.1491
25481,5,0.1435
25482,8,0.7545
25483,8,0.6414
25484,19,0.2224
25485,19,0.1569
25486,23,0.1484
25487,8,0.7672
25488,8,0.3334
25489,19,0.1791
25490,16,0.2221
25491,8,0.5913
25492,19,0.1168
25493,24,0.2385
25494,7,0.1210
25495,1,0.1257
25496,19,0.1026
25497,28,0.1080
25498,7,0.1254
25499,7,0.1408
25500,7,0.1502
25502,30,0.1136
25503,7,0.1413
25504,7,0.1817
25505,7,0.1730
25506,24,0.1532
25507,0,0.1354
25508,8,0.7193
25509,20,0.3103
25510,24,0.1195
25511,7,0.1597
25512,7,0.1587
25515,7,0.1556
25516,6,0.1069
25517,24,0.2060
25518,7,0.1288
25519,1,0.1917
25520,32,0.1776
25521,32,0.2158
25522,32,0.1962
25523,7,0.2071
25524,7,0.1590
25525,32,0.2088
25526,7,0.1892
25527,32,0.1152
25529,0,0.1147
25530,16,0.1734
25531,19,0.1693
25532,16,0.2968
25533,19,0.1280
25534,16,0.2136
25535,16,0.1793
25536,16,0.1945
25537,19,0.2107
25538,19,0.1706
25539,9,0.1354
25540,9,0.2923
25541,19,0.1751
25542,16,0.1480
25544,9,0.2032
25545,9,0.2107
25546,9,0.3234
25547,7,0.1200
25548,32,0.1528
25550,7,0.1685
25551,1,0.1068
25552,19,0.1035
25553,24,0.1143
25554,32,0.1296
25555,7,0.1282
25556,7,0.2234
25557,21,0.1526
25558,7,0.1516
25559,7,0.1845
25560,24,0.1655
25561,24,0.4357
25562,8,0.2681
25563,8,0.5864
25564,23,0.1904
25565,23,0.1308
25566,8,0.1414
25567,19,0.1051
25569,7,0.1061
25571,7,0.1026
25572,7,0.1317
25573,24,0.1090
25574,8,0.3271
25575,8,0.7546
25576,8,0.4394
25578,7,0.1558
25579,7,0.1621
25580,1,0.1969
25581,7,0.1689
25582,19,0.1037
25583,28,0.1569
25584,8,0.2874
25585,23,0.1645
25586,5,0.1440
25587,7,0.1480
25588,7,0.1614
25589,24,0.2056
25590,24,0.1825
25591,7,0.1029
25592,23,0.1389
25593,8,0.2694
25594,23,0.2144
25595,0,0.1027
25596,7,0.1314
25597,24,0.1659
25598,30,0.1816
25599,7,0.1729
25600,24,0.4215
25601,24,0.3223
25602,24,0.1893
25603,24,0.2540
25604,7,0.1883
25605,7,0.1736
25606,7,0.2159
25607,5,0.1580
25608,8,0.1836
25609,8,0.9056
25610,8,0.4416
25611,5,0.1765
25612,5,0.2426
25613,7,0.1512
25614,7,0.1405
25615,21,0.1320
25616,19,0.1122
25617,7,0.1488
25618,5,0.1559
25619,7,0.1404
25620,7,0.1576
25621,21,0.1768
25623,8,0.4462
25624,8,0.7466
25625,7,0.2174
25626,5,0.1558
25627,7,0.1401
25628,24,0.1215
25629,5,0.1515
25630,19,0.1596
25631,8,0.6456
25632,8,0.3756
25633,5,0.1623
25634,5,0.1880
25635,7,0.1530
25636,7,0.1490
25637,5,0.1713
25638,8,0.3983
25639,8,0.3980
25640,19,0.1449
25642,7,0.1561
25643,7,0.1545
25645,8,0.2505
25646,23,0.1061
25648,7,0.1309
25649,7,0.1986
25650,7,0.1929
25651,5,0.1581
25652,19,0.1638
25653,19,0.1981
25654,19,0.1572
25655,19,0.1084
25656,7,0.1558
25657,7,0.1473
25658,7,0.1392
25659,7,0.1327
25660,7,0.1409
25661,19,0.1109
25662,19,0.1873
25663,19,0.1505
25664,19,0.1085
25665,7,0.1900
25666,7,0.1920
25667,7,0.1606
25668,24,0.1793
25669,22,0.1335
25670,28,0.1172
25671,7,0.1256
25672,5,0.1492
25673,5,0.1416
25674,7,0.1706
25675,7,0.1509
25676,7,0.1476
25677,7,0.1414
25678,7,0.1611
25679,21,0.1612
25680,7,0.1696
25681,7,0.1628
25682,7,0.2402
25683,7,0.2703
25684,7,0.1904
25685,7,0.1532
25686,7,0.1653
25687,7,0.1517
25688,7,0.1652
25689,7,0.1271
25691,28,0.1152
25692,7,0.1281
25693,7,0.1254
25695,1,0.1701
25696,1,0.2483
25697,9,0.1810
25698,23,0.1345
25700,2,0.1538
25702,16,0.1438
25703,28,0.1794
25704,26,0.1201
25705,23,0.1035
25706,19,0.1225
25707,19,0.1515
25708,19,0.1781
25711,28,0.1667
25712,8,0.1650
25713,24,0.1085
25715,19,0.1045
25716,19,0.1489
25717,19,0.1115
25718,5,0.1359
25720,19,0.1160
25721,6,0.1445
25722,24,0.2352
25723,24,0.1163
25724,27,0.1169
25725,28,0.1387
25726,22,0.1120
25728,23,0.1288
25729,7,0.1531
25730,5,0.1392
25731,5,0.1424
25732,7,0.1152
25733,19,0.1416
25734,7,0.1181
25735,19,0.1232
25736,23,0.1224
25737,23,0.1554
25739,18,0.1580
25740,19,0.1088
25741,7,0.1175
25745,32,0.1026
25746,19,0.1040
25748,6,0.1493
25750,32,0.1250
25751,23,0.1191
25757,1,0.1745
25760,5,0.1034
25762,23,0.1118
25763,2,0.1193
25765,5,0.1093
25766,6,0.1209
25768,23,0.1144
25769,8,0.2948
25770,8,0.7561
25771,8,0.3458
25772,1,0.1607
25773,16,0.2155
25774,8,0.8569
25775,8,0.1336
25776,19,0.1777
25778,23,0.1895
25779,16,0.4912
25780,8,0.4226
25781,11,0.1210
25782,24,0.2851
25783,8,0.4409
25784,8,0.8340
25785,8,0.2730
25786,24,0.1081
25787,7,0.1060
25788,8,0.8427
25789,8,0.7581
25791,5,0.1174
25792,19,0.1202
25793,8,0.8152
25794,8,0.5473
25795,8,0.1378
25796,21,0.1082
25797,8,0.6344
25798,8,0.8412
25799,21,0.1353
25800,7,0.1274
25801,8,0.6896
25802,8,0.8566
25803,22,0.1430
25804,24,0.1187
25805,24,0.1755
25806,16,0.2287
25807,16,0.2976
25808,11,0.2624
25809,21,0.2478
25810,21,0.1577
25811,8,0.7966
25812,8,0.3204
25813,0,0.1379
25814,7,0.1941
25815,21,0.1621
25816,24,0.2956
25817,8,0.5167
25818,8,0.5468
25819,4,0.2046
25820,0,0.1075
25821,24,0.4784
25822,16,0.1860
25823,16,0.3516
25824,8,0.6517
25825,16,0.4243
25826,4,0.2123
25828,20,0.1890
25829,20,0.1791
25830,21,0.2275
25831,16,0.2211
25832,21,0.2102
25833,15,0.1960
25834,21,0.2972
25835,24,0.3630
25836,24,0.2602
25837,15,0.1181
25838,21,0.1680
25839,19,0.1382
25840,16,0.1119
25841,16,0.1093
25845,23,0.2002
25846,19,0.1737
25847,9,0.2600
25848,23,0.1137
25849,9,0.1339
25850,8,0.2178
25851,8,0.1764
25852,5,0.1365
25853,24,0.1264
25854,5,0.1338
25855,21,0.1140
25856,9,0.1168
25857,24,0.1272
25858,8,0.1510
25859,21,0.1230
25860,24,0.2593
25861,7,0.1925
25862,19,0.2218
25863,11,0.1297
25865,15,0.1241
25867,21,0.1239
25868,5,0.1785
25869,7,0.1312
25870,7,0.1844
25871,21,0.1792
25872,21,0.2125
25873,21,0.1916
25874,24,0.2313
25875,8,0.3337
25876,8,0.3345
25877,8,0.2659
25878,21,0.1828
25879,21,0.2005
25880,21,0.1558
25881,21,0.1421
25882,16,0.1135
25883,8,0.5898
25884,8,0.6049
25885,8,0.5188
25886,5,0.1761
25887,7,0.1482
25888,21,0.1787
25889,21,0.1773
25890,7,0.1722
25891,5,0.1463
25892,16,0.2322
25893,8,0.8473
25894,8,0.3687
25895,7,0.1184
25896,21,0.1743
25897,21,0.1762
25898,21,0.2210
25899,21,0.1942
25900,24,0.2451
25901,8,0.4126
25902,8,0.7965
25903,8,0.1730
25904,7,0.1487
25905,21,0.1570
25906,21,0.1815
25907,21,0.1775
25908,21,0.1610
25909,7,0.1331
25910,23,0.2663
25911,8,0.4325
25912,21,0.1232
25914,7,0.1038
25915,24,0.1520
25916,7,0.1439
25917,21,0.1819
25918,8,0.2496
25919,8,0.4771
25920,24,0.1094
25921,21,0.1625
25922,24,0.1458
25923,21,0.1206
25925,8,0.5002
25926,8,0.3080
25927,21,0.1091
25928,21,0.1763
25929,21,0.1754
25930,7,0.1359
25931,8,0.2353
25932,8,0.8637
25933,8,0.6433
25934,21,0.1185
25935,24,0.1665
25936,21,0.1304
25937,24,0.1423
25938,24,0.1192
25939,16,0.1640
25940,23,0.1384
25941,21,0.1267
25942,24,0.1514
25943,24,0.1901
25944,21,0.1515
25945,24,0.1249
25946,24,0.1036
25947,24,0.1384
25948,8,0.5504
25949,8,0.3863
25950,24,0.1392
25951,21,0.1726
25952,24,0.1354
25953,24,0.1129
25954,16,0.1069
25955,8,0.4441
25956,8,0.5133
25957,21,0.1446
25958,21,0.1826
25959,24,0.1848
25960,24,0.2151
25961,8,0.1876
25962,8,0.5449
25963,2,0.2223
25964,2,0.2430
25965,0,0.1103
25966,21,0.1410
25967,24,0.1445
25968,24,0.1707
25969,24,0.1491
25970,8,0.1803
25971,8,0.4211
25972,16,0.2377
25973,5,0.1125
25974,24,0.1744
25975,21,0.1143
25976,24,0.1435
25977,24,0.1707
25978,8,0.1341
25979,6,0.1164
25980,24,0.1436
25981,24,0.1328
25982,21,0.1502
25983,24,0.1542
25984,24,0.1421
25985,24,0.1552
25986,8,0.1365
25987,8,0.1513
25988,24,0.1264
25989,24,0.1336
25990,24,0.1118
25991,24,0.1294
25992,24,0.1531
25993,7,0.1230
25994,7,0.1157
25995,7,0.1569
25996,24,0.1729
25997,7,0.1390
25998,7,0.1545
25999,7,0.1646
26000,21,0.1392
26001,21,0.1539
26002,7,0.1211
26004,6,0.1344
26005,19,0.1657
26006,10,0.1634
26007,6,0.1562
26008,8,0.2637
26010,21,0.2219
26011,8,0.3372
26012,23,0.1477
26013,23,0.1736
26014,19,0.2220
26015,8,0.2010
26016,8,0.2886
26017,8,0.2655
26018,21,0.1568
26019,21,0.1692
26020,21,0.2400
26021,7,0.1908
26022,21,0.3151
26023,7,0.3120
26024,7,0.2574
26025,24,0.2233
26026,7,0.2004
26027,21,0.2755
26028,21,0.1578
26029,7,0.1322
26030,7,0.1719
26031,11,0.1510
26032,7,0.1184
26033,19,0.1193
26034,24,0.2110
26035,21,0.1475
26036,19,0.1403
26037,19,0.1436
26038,7,0.2396
26039,24,0.1311
26040,19,0.1746
26041,21,0.1817
26042,21,0.1774
26043,23,0.1776
26044,23,0.1034
26045,7,0.2322
26046,19,0.1818
26047,23,0.1781
26048,7,0.1426
26049,5,0.1990
26050,7,0.1414
26051,24,0.1633
26052,19,0.2167
26053,21,0.2321
26054,21,0.1456
26055,24,0.3929
26056,23,0.1334
26057,19,0.1160
26059,8,0.1229
26060,21,0.1280
26061,21,0.1981
26062,10,0.1371
26063,7,0.1314
26064,21,0.1318
26065,8,0.1211
26066,21,0.1435
26067,21,0.1533
26068,23,0.1240
26069,6,0.1618
26070,10,0.1207
26071,24,0.1346
26072,24,0.1371
26074,21,0.1094
26075,21,0.2148
26076,7,0.1977
26077,9,0.1739
26078,7,0.1412
26079,8,0.1637
26080,24,0.1059
26081,24,0.1203
26082,24,0.1224
26083,24,0.1111
26084,24,0.1199
26085,8,0.3057
26086,8,0.4803
26087,21,0.1629
26088,19,0.1939
26089,23,0.2096
26090,8,0.1651
26091,19,0.1625
26092,10,0.1376
26093,23,0.1581
26094,23,0.1368
26095,23,0.1639
26096,19,0.1639
26097,7,0.1497
26098,24,0.2675
26100,7,0.1298
26101,20,0.1523
26106,9,0.1763
26107,19,0.1339
26108,7,0.1199
26109,9,0.1097
26110,8,0.2139
26111,8,0.4799
26112,19,0.1052
26113,8,0.1393
26114,9,0.1140
26116,8,0.2945
26117,21,0.1126
26119,8,0.5241
26120,8,0.4467
26121,8,0.2397
26122,8,0.1267
26123,8,0.1231
26124,8,0.5069
26126,8,0.2144
26127,21,0.1251
26129,8,0.1528
26130,19,0.1033
26131,21,0.1070
26133,7,0.1485
26136,8,0.1032
26137,19,0.1087
26138,21,0.1553
26139,24,0.1935
26140,24,0.3562
26142,19,0.1226
26143,21,0.1509
26144,19,0.1678
26145,19,0.1408
26146,8,0.2025
26148,19,0.1317
26149,8,0.1673
26150,19,0.1740
26151,19,0.1479
26152,19,0.2108
26154,21,0.2306
26155,19,0.2859
26156,19,0.1703
26157,19,0.2583
26158,19,0.1559
26159,10,0.1809
26160,24,0.1682
26161,24,0.2536
26162,19,0.2206
26163,19,0.1796
26164,19,0.2289
26165,19,0.1819
26166,19,0.1490
26167,19,0.2483
26168,24,0.2134
26169,19,0.1405
26170,19,0.2091
26171,24,0.4226
26172,30,0.1607
26173,19,0.1081
26174,8,0.5396
26175,8,0.3215
26176,7,0.1796
26177,8,0.5476
26178,28,0.1891
26179,16,0.2642
26180,16,0.2219
26181,8,0.3598
26182,8,0.3350
26183,16,0.2842
26184,16,0.2061
26185,16,0.1209
26186,21,0.1931
26187,31,0.1574
26188,33,0.1767
26190,19,0.1704
26191,7,0.2764
26192,7,0.1898
26193,19,0.1337
26194,16,0.1472
26195,8,0.1287
26197,19,0.1730
26198,19,0.1479
26200,5,0.1255
26202,9,0.1317
26203,19,0.1693
26204,23,0.1047
26205,23,0.1316
26206,21,0.1170
26207,21,0.1051
26208,5,0.1400
26209,7,0.1370
26212,21,0.1349
26213,19,0.1703
26214,8,0.1374
26215,8,0.4079
26216,8,0.1137
26218,16,0.2109
26219,20,0.1350
26220,0,0.1765
26221,0,0.2878
26222,7,0.2224
26223,21,0.2334
26224,21,0.1845
26225,19,0.1147
26226,7,0.2261
26227,24,0.2642
26228,7,0.1637
26229,1,0.2080
26230,7,0.1278
26231,7,0.1398
26232,8,0.2667
26233,24,0.1598
26234,19,0.2233
26235,19,0.1558
26236,19,0.1165
26237,7,0.1425
26238,7,0.1125
26240,8,0.2348
26241,21,0.1635
26242,7,0.1077
26243,24,0.1156
26244,8,0.2660
26245,8,0.2055
26246,7,0.1535
26247,7,0.1538
26248,8,0.3883
26249,8,0.3579
26250,21,0.1491
26251,24,0.1795
26252,21,0.1484
26253,8,0.1497
26254,1,0.1618
26255,19,0.1199
26256,24,0.2303
26259,24,0.1352
26260,20,0.1777
26261,8,0.2805
26262,28,0.1336
26263,7,0.1301
26264,23,0.1035
26265,24,0.1372
26266,8,0.4772
26267,0,0.1840
26268,7,0.1247
26269,21,0.1607
26270,21,0.1657
26271,24,0.1678
26272,24,0.1308
26273,24,0.1847
26274,7,0.1473
26275,24,0.1812
26276,21,0.1573
26277,21,0.1693
26279,16,0.1289
26280,8,0.2454
26281,8,0.2446
26282,22,0.1154
26283,8,0.1264
26285,1,0.1260
26286,21,0.1307
26287,21,0.1345
26288,7,0.1228
26289,7,0.1155
26290,24,0.1250
26291,24,0.1290
26292,24,0.1208
26293,24,0.1299
26294,21,0.1327
26295,24,0.2542
26296,21,0.1535
26298,28,0.1275
26299,28,0.1502
26300,16,0.1960
26301,8,0.1818
26302,24,0.1031
26303,7,0.1503
26304,7,0.1481
26306,1,0.1290
26307,31,0.1486
26310,7,0.2358
26311,9,0.1791
26312,9,0.1742
26313,19,0.2708
26314,16,0.2309
26315,30,0.1820
26316,21,0.1577
26317,1,0.1293
26318,28,0.2814
26319,16,0.1171
26320,16,0.1451
26322,23,0.3368
26323,8,0.2378
26324,19,0.1713
26325,20,0.1326
26326,23,0.1732
26327,19,0.1488
26329,19,0.1201
26330,32,0.1336
26331,1,0.3093
26332,1,0.2390
26333,4,0.3831
26334,32,0.1574
26335,1,0.2510
26336,1,0.2153
26337,8,0.2365
26338,28,0.3021
26339,28,0.1614
26340,12,0.1113
26341,5,0.2549
26342,5,0.2338
26344,24,0.1626
26348,6,0.1598
26349,31,0.1329
26350,7,0.2120
26351,7,0.2037
26352,21,0.1203
26353,15,0.1568
26354,24,0.1310
26356,0,0.1162
26357,1,0.1250
26359,21,0.1067
26360,7,0.1435
26361,24,0.1057
26362,7,0.1660
26363,7,0.1168
26364,7,0.1226
26365,7,0.1471
26366,5,0.1110
26367,5,0.1182
26368,1,0.1319
26369,7,0.1190
26370,21,0.1775
26371,7,0.2414
26372,7,0.1671
26373,16,0.2132
26374,8,0.2173
26375,1,0.1657
26377,19,0.1617
26378,19,0.3457
26379,19,0.2253
26380,5,0.1698
26381,19,0.1811
26382,8,0.2378
26383,23,0.1875
26385,19,0.1407
26386,24,0.1830
26387,19,0.1239
26388,21,0.1618
26389,7,0.2248
26390,5,0.1173
26391,1,0.1415
26392,1,0.1233
26394,32,0.1436
26395,1,0.2137
26397,12,0.1311
26398,32,0.1601
26401,9,0.1727
26403,1,0.1213
26405,1,0.1087
26406,1,0.1194
26407,32,0.1736
26408,1,0.1155
26412,1,0.1070
26414,8,0.1772
26415,8,0.7599
26416,8,0.4080
26417,1,0.1343
26418,19,0.1418
26420,7,0.1373
26421,5,0.1488
26422,5,0.1216
26423,8,0.4920
26424,8,0.8449
26425,8,0.2193
26426,16,0.4381
26427,8,0.4035
26428,8,0.8268
26429,8,0.6066
26430,23,0.1985
26431,23,0.2392
26432,8,0.4445
26433,8,0.6739
26434,8,0.6794
26435,8,0.2222
26436,23,0.1573
26437,0,0.2256
26438,21,0.3088
26439,24,0.4389
26440,24,0.1771
26441,27,0.1106
26442,30,0.1415
26444,3,0.1046
26445,4,0.1939
26447,19,0.1696
26448,7,0.1483
26449,24,0.1230
26450,1,0.1661
26451,32,0.1396
26452,28,0.1082
26453,26,0.1200
26454,22,0.1180
26455,30,0.1128
26456,0,0.2637
26457,31,0.1086
26458,19,0.1240
26460,7,0.1285
26461,16,0.4766
26462,8,0.6782
26463,23,0.1779
26464,19,0.1992
26465,23,0.1437
26466,19,0.1572
26467,8,0.2096
26468,9,0.2329
26469,9,0.1955
26470,9,0.1095
26472,8,0.1614
26473,19,0.1493
26474,23,0.1066
26475,5,0.2301
26476,5,0.2163
26477,5,0.1905
26478,9,0.1574
26479,9,0.2935
26480,8,0.3435
26483,19,0.1181
26484,19,0.1390
26485,5,0.1896
26486,7,0.1833
26487,19,0.1520
26488,19,0.2106
26489,8,0.2858
26492,23,0.1561
26493,19,0.1633
26494,24,0.1711
26495,30,0.1456
26496,0,0.2200
26497,21,0.2270
26498,7,0.1571
26499,24,0.4039
26500,19,0.1884
26501,19,0.1537
26502,7,0.1903
26503,7,0.1414
26505,0,0.1189
26506,7,0.1459
26507,7,0.2189
26508,5,0.1967
26509,7,0.1305
26510,7,0.1202
26511,7,0.1834
26512,21,0.1554
26513,21,0.1171
26514,7,0.1028
26515,7,0.1433
26516,21,0.1137
26517,24,0.1730
26518,24,0.1428
26519,21,0.1369
26520,5,0.1858
26521,8,0.2331
26522,8,0.4510
26523,5,0.1705
26524,19,0.1262
26525,8,0.2759
26526,7,0.1532
26527,7,0.1293
26528,8,0.3418
26529,8,0.3410
26530,19,0.1741
26531,21,0.2295
26532,16,0.1967
26533,8,0.2644
26536,19,0.1492
26539,7,0.1555
26540,11,0.1635
26541,21,0.1074
26543,19,0.1036
26544,19,0.1846
26545,8,0.1377
26547,21,0.1131
26548,7,0.1306
26549,7,0.1405
26550,7,0.1105
26551,24,0.1200
26552,7,0.1566
26553,19,0.1678
26554,19,0.1501
26555,7,0.1068
26558,8,0.2493
26559,8,0.2106
26560,8,0.1488
26561,20,0.1463
26562,20,0.2233
26563,28,0.1693
26564,8,0.4947
26565,16,0.4853
26566,8,0.2342
26567,24,0.2893
26568,21,0.1876
26569,21,0.2883
26570,21,0.1889
26571,24,0.3151
26573,19,0.1218
26574,7,0.1093
26575,7,0.1142
26576,7,0.1476
26577,21,0.1516
26578,24,0.1965
26579,19,0.1073
26580,24,0.1369
26581,21,0.1556
26582,23,0.1395
26583,28,0.1692
26584,7,0.1603
26585,24,0.1479
26586,24,0.2641
26587,8,0.2407
26588,21,0.1870
26589,24,0.1956
26590,19,0.1714
26591,7,0.1419
26592,24,0.1259
26593,24,0.3274
26594,24,0.2556
26595,24,0.1484
26596,21,0.2151
26597,21,0.1984
26598,24,0.2116
26599,19,0.1666
26600,24,0.2203
26601,19,0.1786
26602,7,0.1808
26603,24,0.2306
26604,7,0.2011
26605,7,0.1643
26606,7,0.1399
26607,24,0.1401
26609,24,0.1683
26610,24,0.2756
26611,24,0.1195
26612,24,0.1368
26613,24,0.2720
26614,24,0.1853
26615,19,0.1128
26616,19,0.1550
26617,19,0.1668
26619,24,0.1801
26620,24,0.1527
26621,7,0.1338
26622,24,0.1571
26623,24,0.1178
26625,6,0.1028
26626,24,0.3037
26627,24,0.2046
26628,19,0.1508
26629,27,0.1539
26630,3,0.2436
26631,31,0.1315
26632,23,0.1144
26635,19,0.1380
26636,5,0.1147
26637,7,0.1402
26638,7,0.1043
26639,9,0.1307
26641,12,0.1611
26643,12,0.1043
26645,19,0.1373
26646,8,0.1302
26647,8,0.2264
26648,8,0.4868
26649,8,0.1322
26650,19,0.2126
26651,22,0.1524
26652,22,0.1357
26653,30,0.1411
26654,19,0.1051
26655,8,0.2625
26656,8,0.2847
26657,7,0.1405
26658,0,0.1187
26659,0,0.2891
26660,19,0.1875
26661,8,0.7899
26662,8,0.7564
26663,19,0.1780
26664,8,0.3174
26665,8,0.1593
26666,1,0.1360
26668,8,0.1575
26669,11,0.1348
26670,0,0.1414
26671,8,0.8080
26672,8,0.5274
26673,8,0.8938
26674,8,0.5527
26675,23,0.1594
26676,19,0.1908
26677,8,0.6473
26678,8,0.2539
26682,21,0.1060
26685,5,0.1089
26686,5,0.1258
26687,8,0.1336
26688,8,0.2069
26689,21,0.1221
26696,24,0.1045
26697,1,0.1610
26698,1,0.1126
26699,33,0.1192
26701,1,0.1071
26705,8,0.3126
26706,4,0.2417
26707,4,0.1407
26708,33,0.2497
26709,0,0.3200
26710,0,0.1507
26711,1,0.1249
26713,7,0.1416
26714,7,0.1448
26715,7,0.1544
26716,5,0.1210
26717,8,0.6541
26718,8,0.9103
26719,21,0.1783
26721,0,0.2830
26722,1,0.4170
26723,21,0.1842
26724,23,0.1026
26725,1,0.1437
26726,23,0.1958
26727,31,0.1739
26728,11,0.1413
26729,1,0.1269
26730,11,0.2317
26731,0,0.1488
26732,0,0.1276
26734,9,0.1493
26735,8,0.8767
26736,8,0.9145
26737,8,0.3219
26738,9,0.1694
26739,9,0.1876
26740,5,0.1353
26741,7,0.1051
26742,9,0.1396
26743,8,0.2650
26744,0,0.9300
26745,0,0.8813
26748,23,0.1028
26749,19,0.1058
26751,9,0.1290
26752,8,0.6033
26753,8,0.1786
26754,7,0.2411
26755,31,0.1529
26756,21,0.1714
26757,16,0.1673
26758,21,0.1375
26759,23,0.1494
26760,23,0.2182
26761,19,0.3355
26762,19,0.2183
26763,19,0.1881
26764,16,0.2835
26765,16,0.2471
26766,8,0.2922
26767,8,0.7531
26768,28,0.3026
26769,28,0.2037
26770,0,0.1798
26771,0,0.1571
26772,19,0.1070
26773,5,0.2353
26774,5,0.2273
26775,19,0.1591
26776,19,0.1528
26777,5,0.1650
26778,19,0.2389
26779,19,0.2104
26780,19,0.2273
26781,7,0.2254
26782,7,0.2149
26783,7,0.2439
26784,7,0.1910
26785,21,0.2289
26786,7,0.1629
26787,7,0.1791
26788,24,0.2442
26789,19,0.1256
26790,19,0.1147
26791,24,0.1545
26792,24,0.1854
26793,24,0.1329
26794,8,0.1930
26795,7,0.1310
26797,7,0.1339
26798,19,0.1206
26799,23,0.1140
26800,5,0.1651
26801,7,0.1161
26802,21,0.1819
26803,21,0.1786
26804,24,0.1309
26805,24,0.1922
26806,7,0.2002
26807,1,0.1097
26809,21,0.1575
26810,21,0.1518
26811,21,0.1474
26813,7,0.1351
26814,7,0.1041
26816,21,0.1283
26818,7,0.1202
26819,7,0.1148
26820,24,0.1437
26821,24,0.1798
26822,7,0.1203
26823,7,0.1706
26824,19,0.1254
26825,24,0.1493
26826,21,0.1565
26827,21,0.1450
26828,24,0.1887
26831,5,0.1506
26832,7,0.1602
26833,21,0.1491
26834,7,0.1794
26835,7,0.1321
26836,7,0.1348
26837,24,0.2003
26838,7,0.1686
26839,7,0.1287
26840,24,0.2119
26841,1,0.1629
26842,32,0.1369
26844,7,0.1345
26846,28,0.1288
26847,28,0.1562
26849,23,0.1557
26850,8,0.3554
26851,8,0.2978
26852,6,0.1447
26854,19,0.1082
26855,7,0.1043
26856,19,0.1055
26857,9,0.1229
26858,19,0.1764
26859,19,0.1415
26860,19,0.1176
26861,19,0.1652
26862,19,0.1867
26863,19,0.2556
26864,5,0.2379
26865,7,0.1930
26866,8,0.2857
26867,23,0.1854
26868,19,0.2747
26869,19,0.2355
26870,19,0.1736
26871,19,0.1521
26872,7,0.2140
26873,19,0.1731
26874,23,0.1759
26875,8,0.1339
26876,7,0.1883
26877,23,0.1045
26878,19,0.1471
26880,28,0.1318
26881,24,0.3110
26882,21,0.1234
26883,19,0.2108
26884,19,0.1644
26885,19,0.2201
26886,19,0.1569
26888,24,0.1813
26889,19,0.1875
26890,19,0.2237
26891,8,0.2025
26892,24,0.2686
26893,24,0.1519
26894,24,0.1935
26895,21,0.1566
26896,24,0.2593
26897,24,0.2540
26898,20,0.1448
26900,19,0.2012
26901,7,0.2056
26902,19,0.2421
26903,19,0.1078
26904,6,0.1036
26905,11,0.1633
26906,0,0.2043
26907,23,0.1550
26908,0,0.1920
26910,7,0.2512
26911,31,0.1554
26912,21,0.1234
26913,31,0.1593
26914,0,0.1066
26915,30,0.1421
26916,30,0.2333
26917,30,0.1695
26920,8,0.1613
26921,8,0.1348
26922,7,0.1569
26923,19,0.1333
26924,8,0.1547
26925,8,0.1651
26926,19,0.1717
26927,19,0.1392
26928,19,0.1654
26929,7,0.1822
26931,6,0.1033
26933,24,0.2065
26936,10,0.1454
26937,5,0.1488
26938,24,0.2117
26939,7,0.1289
26940,7,0.1579
26941,7,0.1385
26942,0,0.1312
26944,5,0.1485
26945,7,0.1382
26946,5,0.1664
26947,21,0.1091
26948,21,0.1032
26950,7,0.1095
26951,5,0.1440
26952,5,0.1358
26955,7,0.1154
26956,7,0.1730
26959,7,0.1241
26960,7,0.1149
26965,7,0.1281
26966,7,0.1236
26967,7,0.1101
26968,7,0.1447
26969,7,0.1751
26970,7,0.1514
26971,7,0.2207
26972,7,0.1560
26973,21,0.1938
26974,21,0.1035
26975,8,0.1116
26976,24,0.1121
26977,21,0.1232
26978,7,0.1516
26979,24,0.1575
26980,24,0.1854
26981,19,0.2195
26982,24,0.1599
26984,9,0.1729
26985,9,0.2318
26986,5,0.1267
26987,7,0.1370
26988,24,0.1992
26989,24,0.4739
26990,24,0.1897
26991,7,0.2238
26992,24,0.1351
26993,5,0.1516
26994,9,0.1066
26995,24,0.2434
26996,24,0.2672
26997,8,0.8244
26998,8,0.5372
26999,24,0.2288
27000,5,0.1446
27001,5,0.2302
27002,8,0.2128
27003,8,0.1570
27004,21,0.1624
27005,21,0.1231
27006,24,0.2926
27007,24,0.4084
27008,7,0.1304
27009,1,0.1236
27010,9,0.2024
27011,8,0.2100
27013,1,0.1159
27014,21,0.1389
27015,7,0.1469
27016,8,0.1126
27017,24,0.1178
27018,19,0.1183
27019,5,0.1413
27021,21,0.1415
27022,7,0.1180
27023,5,0.1411
27024,7,0.1424
27025,24,0.1774
27026,7,0.1581
27027,19,0.1430
27028,19,0.1106
27029,7,0.1227
27030,5,0.1328
27031,7,0.1096
27032,7,0.1521
27033,7,0.1702
27035,19,0.1515
27036,24,0.1539
27037,24,0.1842
27038,7,0.1035
27039,5,0.1117
27040,21,0.1251
27041,24,0.1324
27042,19,0.1234
27043,11,0.2795
27044,9,0.2020
27045,7,0.1084
27046,21,0.1187
27051,21,0.1206
27052,1,0.1695
27053,7,0.1754
27054,7,0.2764
27055,13,0.1074
27056,13,0.1108
27058,24,0.1644
27059,8,0.2138
27061,24,0.1853
27062,24,0.2327
27063,7,0.2752
27064,19,0.1437
27065,19,0.2381
27066,19,0.1249
27067,21,0.1902
27068,7,0.2262
27069,1,0.1922
27070,11,0.1489
27071,19,0.2152
27073,19,0.1386
27074,19,0.1158
27075,32,0.1611
27076,19,0.1189
27077,24,0.1428
27078,21,0.1068
27079,24,0.2868
27080,24,0.2718
27082,7,0.1726
27083,21,0.1683
27084,5,0.1211
27086,5,0.1109
27087,5,0.1505
27088,16,0.1146
27089,8,0.4088
27090,7,0.1229
27091,7,0.1088
27092,7,0.1068
27093,20,0.1427
27094,7,0.1253
27095,8,0.5372
27096,8,0.3543
27097,8,0.3260
27098,8,0.3721
27100,8,0.2637
27101,7,0.1657
27102,24,0.2133
27103,24,0.1208
27104,24,0.2690
27105,19,0.1123
27106,24,0.1222
27107,21,0.1683
27108,21,0.1540
27109,21,0.1150
27110,24,0.1683
27111,19,0.2058
27112,19,0.1365
27115,24,0.1402
27117,24,0.1469
27118,21,0.1484
27119,24,0.1737
27120,19,0.1168
27122,8,0.2695
27123,24,0.1919
27125,19,0.1320
27126,8,0.2397
27127,8,0.3351
27128,8,0.7142
27129,8,0.3268
27130,0,0.6239
27131,8,0.7314
27133,19,0.1544
27134,19,0.1344
27136,16,0.1288
27137,19,0.1676
27138,24,0.1563
27139,19,0.1965
27140,7,0.2847
27141,19,0.1969
27142,7,0.2096
27143,7,0.4469
27144,7,0.2502
27145,19,0.1964
27146,19,0.1993
27147,24,0.1728
27148,8,0.3013
27149,16,0.2112
27151,0,0.5411
27152,8,0.6303
27153,8,0.3122
27154,16,0.2440
27155,28,0.1192
27156,8,0.3984
27157,8,0.5915
27158,30,0.1095
27159,24,0.2227
27160,21,0.2458
27161,30,0.2152
27162,21,0.1874
27163,21,0.2445
27165,1,0.1388
27166,21,0.1407
27167,15,0.1094
27168,0,0.1692
27169,19,0.1353
27170,24,0.1585
27171,21,0.1298
27172,21,0.2272
27173,8,0.2231
27174,19,0.1660
27175,19,0.1115
27176,7,0.1070
27177,19,0.1309
27178,24,0.2357
27179,7,0.1334
27180,5,0.2159
27181,5,0.2283
27184,7,0.1066
27186,21,0.1142
27187,8,0.4057
27188,8,0.6923
27189,21,0.1504
27190,8,0.1086
27191,7,0.2192
27192,21,0.1199
27193,8,0.3911
27194,24,0.2062
27195,30,0.3007
27196,7,0.1380
27197,8,0.1410
27198,11,0.1918
27199,7,0.2816
27200,24,0.1911
27201,24,0.3204
27202,0,0.2133
27203,11,0.2303
27204,24,0.3527
27205,15,0.1263
27206,19,0.1133
27207,21,0.2041
27208,24,0.2450
27209,5,0.2121
27210,31,0.1592
27211,25,0.1577
27212,7,0.1751
27213,7,0.1359
27215,24,0.2879
27216,24,0.1818
27218,8,0.1998
27221,8,0.1584
27222,8,0.1755
27223,21,0.1235
27224,0,0.1074
27225,4,0.3608
27226,11,0.2407
27227,0,0.1027
27228,7,0.1367
27229,22,0.1123
27230,4,0.4141
27231,25,0.1403
27232,19,0.1476
27233,28,0.1152
27234,8,0.1693
27236,5,0.1576
27237,7,0.1946
27238,7,0.1921
27239,8,0.1184
27241,15,0.1135
27242,7,0.1442
27243,7,0.1800
27244,19,0.1493
27245,8,0.2558
27246,8,0.1699
27247,24,0.1723
27248,7,0.1601
27249,22,0.1291
27251,21,0.1302
27252,7,0.1918
27253,7,0.1969
27254,24,0.2282
27255,24,0.1696
27256,24,0.1677
27257,24,0.1912
27258,21,0.1630
27259,19,0.1747
27260,19,0.1642
27262,24,0.1092
27263,8,0.6024
27264,20,0.2124
27265,19,0.1406
27266,16,0.2195
27267,8,0.3581
27268,16,0.3065
27269,16,0.2543
27270,21,0.1340
27271,21,0.1451
27272,21,0.1568
27273,21,0.1640
27274,21,0.1580
27275,7,0.1517
27276,24,0.4714
27277,23,0.1183
27278,33,0.1983
27279,0,0.1897
27280,15,0.1169
27281,31,0.1116
27282,21,0.2518
27283,19,0.1109
27284,0,0.1171
27285,21,0.2379
27286,15,0.1054
27287,31,0.1159
27289,24,0.1607
27290,0,0.1171
27291,21,0.1958
27292,8,0.2228
27293,8,0.3514
27294,24,0.2109
27295,19,0.2149
27296,8,0.6278
27297,8,0.5246
27298,8,0.1809
27299,19,0.1669
27300,19,0.2403
27301,19,0.2995
27302,24,0.2263
27303,24,0.2507
27304,24,0.5732
27305,24,0.3162
27306,19,0.1921
27307,23,0.1849
27308,0,0.2855
27309,0,0.4000
27310,0,0.3165
27311,0,0.2946
27312,19,0.1528
27313,19,0.2735
27314,21,0.2743
27315,21,0.1883
27316,21,0.2129
27317,8,0.3010
27318,23,0.2274
27319,8,0.2723
27320,19,0.2122
27321,7,0.2365
27322,24,0.2978
27323,19,0.1943
27324,7,0.2462
27325,7,0.1651
27326,21,0.2414
27327,30,0.1643
27328,21,0.1706
27329,21,0.2148
27330,21,0.2530
27331,19,0.1972
27332,11,0.1992
27333,11,0.3158
27334,8,0.3484
27335,8,0.1377
27336,24,0.2797
27337,19,0.1833
27338,24,0.2384
27339,15,0.1802
27340,21,0.2821
27341,16,0.1745
27342,11,0.2822
27343,21,0.1789
27344,21,0.1848
27345,7,0.2203
27346,21,0.2175
27347,24,0.2279
27348,19,0.1588
27349,8,0.3840
27350,8,0.2047
27351,19,0.1185
27352,8,0.3057
27353,19,0.1479
27354,19,0.2996
27355,21,0.2025
27356,24,0.2086
27357,7,0.2091
27358,19,0.2132
27359,7,0.2164
27361,19,0.1378
27362,24,0.2658
27363,5,0.1618
27366,24,0.1289
27367,8,0.2665
27368,12,0.1202
27369,0,0.1096
27370,21,0.1049
27372,12,0.1293
27373,4,0.2294
27375,21,0.1258
27377,12,0.1525
27378,0,0.2395
27379,24,0.1520
27381,7,0.1107
27382,21,0.2502
27383,21,0.2328
27384,21,0.2371
27385,7,0.1697
27386,7,0.1650
27387,5,0.1377
27388,21,0.2072
27389,24,0.1790
27390,24,0.2459
27391,24,0.1617
27392,0,0.1343
27393,4,0.9316
27394,8,0.6038
27395,8,0.2023
27396,25,0.1284
27397,19,0.1139
27398,19,0.1060
27399,4,0.1610
27400,16,0.1390
27401,24,0.1970
27402,24,0.2017
27403,7,0.1480
27404,7,0.1618
27405,21,0.1392
27406,21,0.1600
27407,7,0.2309
27408,7,0.1309
27409,0,0.2553
27410,8,0.2180
27411,8,0.3230
27412,4,0.4769
27413,4,0.2459
27414,24,0.3313
27415,21,0.1740
27416,21,0.2675
27417,24,0.5421
27418,24,0.3912
27419,24,0.1026
27420,8,0.2311
27421,24,0.1534
27422,24,0.3098
27423,21,0.1413
27424,16,0.2079
27425,24,0.1557
27426,24,0.2369
27427,8,0.2518
27428,8,0.3569
27429,0,0.4848
27430,0,0.2337
27431,21,0.1936
27432,5,0.1368
27433,21,0.1811
27434,30,0.2925
27435,21,0.2369
27436,21,0.2029
27437,21,0.3291
27438,8,0.1599
27439,24,0.1800
27440,21,0.2921
27441,24,0.2272
27443,2,0.2111
27444,2,0.1109
27446,32,0.1973
27447,12,0.1213
27448,7,0.1540
27449,0,0.1076
27452,21,0.1053
27453,32,0.1458
27454,12,0.1379
27455,19,0.1038
27456,5,0.1142
27457,5,0.2036
27458,7,0.1344
27459,21,0.1723
27460,21,0.1288
27461,24,0.1359
27462,7,0.2130
27463,7,0.1079
27464,7,0.1602
27465,7,0.1616
27467,8,0.7344
27468,8,0.1048
27469,11,0.1412
27471,8,0.1379
27472,24,0.2905
27473,0,0.2868
27474,0,0.2564
27475,21,0.2615
27476,8,0.3239
27477,24,0.1912
27480,24,0.2131
27481,19,0.1644
27482,5,0.1396
27483,9,0.1049
27484,8,0.1878
27485,19,0.1305
27488,8,0.2947
27489,24,0.1409
27490,7,0.1139
27491,24,0.3673
27492,24,0.2198
27496,24,0.1911
27497,0,0.1076
27501,21,0.1219
27503,21,0.1524
27507,0,0.1636
27508,21,0.1938
27509,21,0.1779
27510,21,0.2716
27511,21,0.1851
27512,8,0.4386
27513,16,0.1518
27514,19,0.1891
27515,24,0.1882
27516,19,0.1656
27517,24,0.3782
27518,19,0.1105
27519,7,0.1481
27520,8,0.4069
27521,8,0.4694
27523,24,0.1089
27525,8,0.1488
27526,21,0.1462
27528,24,0.2175
27529,21,0.1452
27530,7,0.1193
27532,24,0.1183
27534,8,0.5780
27535,8,0.2097
27536,7,0.1173
27537,8,0.4287
27538,8,0.5226
27539,24,0.2504
27540,24,0.6283
27541,24,0.5511
27542,24,0.1779
27543,8,0.2622
27544,24,0.2419
27545,24,0.3007
27546,24,0.3074
27547,24,0.4042
27548,7,0.1484
27549,7,0.1407
27550,7,0.1715
27551,21,0.1461
27552,24,0.1637
27553,24,0.1363
27554,24,0.1628
27555,24,0.1939
27556,24,0.1214
27557,24,0.1767
27558,24,0.2790
27559,24,0.2867
27560,24,0.1675
27561,24,0.1334
27562,7,0.1564
27563,24,0.1485
27564,7,0.1423
27565,24,0.3187
27566,19,0.2278
27567,19,0.2407
27568,24,0.2018
27569,24,0.1798
27570,19,0.1653
27571,8,0.2086
27572,21,0.1689
27573,21,0.1362
27574,8,0.1157
27575,24,0.1415
27576,24,0.1972
27577,19,0.1489
27579,7,0.1518
27580,24,0.1672
27581,7,0.1658
27582,24,0.1480
27583,21,0.1792
27584,0,0.1349
27586,24,0.1231
27587,24,0.1498
27588,24,0.3083
27589,19,0.1974
27590,24,0.1767
27591,24,0.2157
27592,24,0.3186
27593,19,0.1555
27594,24,0.1338
27595,19,0.1141
27596,19,0.1553
27597,19,0.1047
27598,19,0.1541
27599,19,0.1255
27600,19,0.1279
27601,19,0.2008
27602,19,0.1386
27603,24,0.1844
27604,7,0.2173
27605,7,0.1693
27606,24,0.1261
27607,24,0.1794
27608,24,0.2131
27609,24,0.1264
27610,23,0.1589
27611,23,0.2814
27612,23,0.1559
27613,8,0.1874
27615,0,0.1197
27616,19,0.1554
27617,19,0.1428
27619,16,0.1306
27622,25,0.1485
27623,16,0.2119
27624,8,0.1611
27625,19,0.1188
27626,8,0.2002
27627,19,0.1206
27628,8,0.4332
27629,21,0.1125
27630,8,0.1221
27631,8,0.2065
27632,21,0.3260
27633,21,0.1342
27634,8,0.1232
27635,19,0.1657
27636,11,0.1595
27637,1,0.3298
27638,1,0.2821
27639,7,0.1445
27640,24,0.2575
27642,0,0.1123
27643,8,0.7002
27644,8,0.4369
27646,8,0.5466
27647,8,0.6933
27649,30,0.1409
27650,24,0.3377
27651,24,0.2454
27652,8,0.2547
27653,24,0.1467
27654,8,0.2607
27655,8,0.4441
27656,8,0.4568
27657,24,0.1487
27662,29,0.1229
27663,24,0.1113
27664,8,0.1353
27666,7,0.1082
27668,28,0.1858
27669,28,0.1370
27670,7,0.1367
27672,21,0.1131
27675,32,0.1660
27676,11,0.1562
27677,21,0.1224
27678,21,0.1502
27679,21,0.1417
27680,0,0.1175
27681,8,0.8532
27682,16,0.3752
27683,32,0.1046
27684,21,0.1406
27685,8,0.6387
27686,8,0.8038
27687,8,0.2695
27688,30,0.1896
27689,30,0.1517
27690,7,0.1802
27691,7,0.2003
27692,21,0.1711
27693,8,0.6176
27694,19,0.1503
27695,14,0.1656
27696,18,0.1597
27699,8,0.3475
27700,8,0.5248
27701,21,0.1554
27702,16,0.1712
27703,20,0.1854
27704,24,0.2043
27705,19,0.1046
27706,19,0.1339
27707,24,0.2103
27708,8,0.2754
27709,30,0.2672
27710,21,0.1883
27711,7,0.1073
27715,24,0.1128
27717,8,0.4146
27718,8,0.7605
27720,7,0.1041
27721,21,0.1169
27722,21,0.1810
27724,6,0.1214
27725,7,0.1735
27728,7,0.1391
27729,7,0.1992
27730,7,0.1464
27731,8,0.2204
27732,30,0.1313
27733,21,0.2719
27734,7,0.2512
27735,28,0.2375
27736,8,0.5138
27737,21,0.1530
27738,19,0.1460
27739,19,0.1775
27740,19,0.1985
27741,23,0.2183
27742,8,0.2983
27743,19,0.1402
27744,19,0.1538
27745,24,0.2486
27746,24,0.3778
27747,21,0.2045
27748,21,0.1380
27749,0,0.2935
27750,8,0.2181
27751,8,0.2729
27752,23,0.1640
27753,8,0.4112
27754,8,0.2248
27755,23,0.1956
27756,24,0.1689
27757,24,0.2427
27758,19,0.2731
27759,19,0.2982
27760,24,0.2339
27761,7,0.1832
27762,24,0.2299
27763,7,0.2047
27764,7,0.2008
27765,24,0.3677
27767,21,0.2086
27768,21,0.2771
27769,21,0.2279
27770,21,0.2168
27771,7,0.2234
27772,7,0.1219
27773,21,0.1026
27775,24,0.3011
27776,24,0.1242
27777,7,0.1048
27781,7,0.1606
27782,7,0.1246
27783,21,0.1376
27785,7,0.1214
27786,7,0.1257
27788,24,0.1238
27790,21,0.1191
27792,8,0.3603
27797,9,0.1077
27798,7,0.1367
27799,7,0.1215
27800,24,0.1298
27801,21,0.1562
27802,7,0.1267
27803,5,0.2193
27804,7,0.1766
27805,24,0.1696
27806,21,0.1462
27807,21,0.1326
27808,21,0.1617
27809,24,0.1823
27810,7,0.1541
27811,21,0.1880
27812,7,0.1482
27813,21,0.1147
27814,7,0.1026
27816,13,0.1284
27817,21,0.1295
27818,24,0.2516
27819,24,0.2280
27820,24,0.2613
27821,19,0.1654
27822,24,0.2345
27823,19,0.1588
27826,24,0.1892
27827,24,0.1631
27828,21,0.1970
27829,7,0.1647
27830,21,0.1470
27831,32,0.1749
27832,19,0.1055
27833,21,0.1330
27834,7,0.1835
27835,8,0.5652
27836,0,0.3837
27837,8,0.4024
27838,4,0.2801
27840,18,0.1083
27841,15,0.1730
27842,7,0.2308
27843,5,0.2251
27844,13,0.1235
27845,18,0.1125
27846,14,0.1085
27847,19,0.1763
27848,24,0.2162
27849,19,0.1940
27850,23,0.2024
27851,24,0.3205
27852,24,0.4373
27853,24,0.2385
27854,7,0.1790
27855,7,0.2072
27856,7,0.1485
27857,7,0.2162
27858,21,0.1671
27859,24,0.2136
27860,8,0.2295
27861,7,0.1528
27862,19,0.1291
27863,8,0.1398
27864,7,0.1565
27865,7,0.1419
27866,5,0.1663
27867,18,0.2012
27868,7,0.1594
27870,5,0.1258
27871,15,0.1084
27872,7,0.1375
27874,7,0.1621
27875,7,0.2010
27877,17,0.1138
27878,19,0.1475
27880,32,0.1374
27882,24,0.3130
27884,4,0.2520
27885,0,0.1737
27886,21,0.1678
27887,21,0.1581
27888,11,0.3184
27889,0,0.4907
27890,0,0.1505
27891,0,0.2285
27892,0,0.1591
27893,21,0.1727
27894,21,0.1948
27895,21,0.2732
27896,21,0.2878
27897,21,0.2745
27898,31,0.1634
27899,0,0.2154
27900,0,0.2161
27901,11,0.2447
27902,21,0.1568
27905,7,0.1061
27907,19,0.1260
27908,21,0.1239
27909,21,0.2206
27910,24,0.2093
27911,7,0.1157
27912,7,0.1789
27913,21,0.1162
27914,8,0.1626
27915,1,0.1246
27916,21,0.1225
27917,7,0.1254
27921,0,0.1082
27923,7,0.1487
27924,7,0.1075
27926,21,0.1129
27927,21,0.1755
27928,21,0.2318
27929,21,0.1628
27930,21,0.1284
27931,21,0.1141
27932,21,0.1373
27933,21,0.1295
27934,24,0.1909
27935,21,0.1915
27940,7,0.1370
27941,7,0.1426
27942,24,0.1146
27943,24,0.1103
27945,21,0.1475
27946,21,0.1641
27947,21,0.1685
27948,7,0.1061
27950,21,0.1278
27951,21,0.1395
27952,7,0.1277
27953,10,0.1695
27954,24,0.2602
27955,24,0.1229
27956,24,0.1139
27957,21,0.1091
27958,21,0.1499
27959,21,0.1263
27960,21,0.1420
27961,7,0.1411
27962,24,0.1935
27963,19,0.1481
27964,24,0.2668
27965,24,0.2826
27966,24,0.1519
27967,21,0.1289
27968,7,0.1602
27969,5,0.2054
27970,5,0.1148
27971,7,0.1448
27972,24,0.3553
27973,24,0.2534
27974,19,0.1111
27975,21,0.1386
27976,21,0.1410
27977,21,0.1151
27978,5,0.1393
27979,7,0.1651
27980,19,0.1583
27981,24,0.1633
27982,21,0.1479
27983,21,0.2304
27984,21,0.1183
27985,23,0.1030
27986,12,0.1365
27987,12,0.2117
27988,8,0.3612
27989,8,0.2245
27990,23,0.1656
27991,24,0.1765
27992,24,0.3010
27993,21,0.1579
27995,7,0.2002
27996,24,0.2337
27997,19,0.1642
27998,8,0.2799
27999,8,0.5608
28000,21,0.1440
28001,7,0.1695
28002,21,0.1896
28003,21,0.2430
28004,21,0.1394
28005,24,0.1402
28006,21,0.1231
28007,21,0.1994
28008,21,0.1432
28009,21,0.1426
28010,21,0.2691
28011,24,0.2682
28012,19,0.1383
28013,21,0.2362
28014,21,0.1663
28015,21,0.1478
28016,21,0.1201
28017,21,0.1500
28018,7,0.1167
28019,7,0.1956
28020,19,0.1507
28021,21,0.1371
28022,21,0.1316
28023,7,0.1365
28024,24,0.1493
28025,21,0.1677
28026,5,0.1632
28027,7,0.1871
28028,7,0.1377
28029,21,0.1381
28030,21,0.1724
28031,7,0.1497
28032,7,0.1125
28034,5,0.1886
28035,7,0.1469
28036,21,0.1155
28037,21,0.1347
28038,24,0.2127
28039,7,0.1234
28040,24,0.1450
28041,5,0.1151
28042,21,0.1293
28043,21,0.1179
28044,7,0.1300
28045,7,0.1401
28046,7,0.1552
28047,7,0.1579
28048,7,0.1786
28049,7,0.1613
28050,7,0.1535
28051,24,0.2406
28052,21,0.1315
28053,24,0.1872
28054,24,0.1440
28055,24,0.2461
28056,24,0.1743
28057,24,0.1959
28058,7,0.1785
28059,24,0.2077
28060,7,0.1801
28061,24,0.1838
28062,24,0.2269
28063,7,0.1440
28064,24,0.1759
28065,5,0.1573
28066,24,0.1383
28067,7,0.1673
28068,24,0.1844
28069,24,0.2034
28070,24,0.1496
28071,24,0.1624
28072,7,0.1457
28073,5,0.1822
28074,24,0.1754
28075,7,0.1677
28076,7,0.1558
28077,24,0.1443
28078,24,0.1365
28079,21,0.1300
28080,7,0.1874
28081,7,0.1496
28082,7,0.1634
28083,7,0.1439
28084,21,0.1311
28085,24,0.1441
28086,7,0.1659
28087,24,0.1800
28088,7,0.1347
28089,19,0.1713
28090,24,0.1935
28091,7,0.1555
28092,24,0.1647
28093,7,0.1531
28094,7,0.1759
28095,7,0.1288
28096,7,0.1379
28097,7,0.1855
28098,5,0.1631
28099,7,0.1547
28100,24,0.1528
28101,7,0.1243
28102,7,0.1495
28103,24,0.1654
28104,24,0.1469
28105,7,0.1431
28106,24,0.1701
28107,24,0.1431
28108,21,0.1293
28109,24,0.1340
28110,7,0.1465
28111,24,0.1409
28112,24,0.1665
28113,24,0.1637
28114,24,0.1758
28115,24,0.1751
28116,7,0.1424
28117,5,0.2175
28118,7,0.1271
28121,5,0.2329
28122,19,0.1203
28123,5,0.1643
28124,21,0.1332
28125,21,0.1257
28126,7,0.1460
28127,24,0.1514
28128,5,0.1563
28129,24,0.2195
28130,7,0.1560
28131,7,0.1259
28132,7,0.1763
28133,24,0.1961
28134,7,0.1998
28135,7,0.1914
28136,24,0.2410
28137,24,0.1893
28138,7,0.1294
28139,7,0.1202
28140,21,0.1538
28141,24,0.1614
28142,24,0.1518
28143,24,0.2166
28144,8,0.1190
28145,19,0.1429
28146,7,0.1502
28147,5,0.1986
28148,24,0.1786
28149,24,0.1707
28150,24,0.1655
28151,5,0.1569
28152,24,0.2120
28153,7,0.1895
28154,5,0.1776
28155,7,0.1763
28156,5,0.2023
28157,7,0.1720
28158,7,0.1466
28159,24,0.1555
28160,24,0.2512
28161,24,0.1469
28162,7,0.1494
28163,19,0.1690
28164,24,0.1658
28165,19,0.1627
28166,19,0.1629
28167,7,0.1404
28168,24,0.1524
28170,4,0.7287
28171,8,0.9625
28172,8,0.8288
28173,0,0.9859
28174,0,0.9581
28175,8,0.5079
28176,8,0.8249
28177,8,0.8935
28178,8,0.5647
28179,8,0.4516
28180,8,0.8195
28181,0,0.9699
28182,8,0.2389
28183,19,0.1216
28184,19,0.2444
28185,24,0.1530
28186,7,0.1626
28187,24,0.1433
28188,24,0.1574
28189,5,0.1931
28190,7,0.1743
28191,7,0.1383
28192,24,0.2286
28193,21,0.1416
28194,7,0.1565
28195,7,0.1588
28196,5,0.1785
28197,7,0.1591
28198,7,0.1413
28199,7,0.1700
28200,7,0.1370
28201,24,0.1767
28202,7,0.1248
28203,24,0.1387
28204,24,0.1185
28205,7,0.1641
28206,7,0.1512
28207,7,0.1440
28208,24,0.1932
28209,5,0.1607
28210,24,0.1605
28211,8,0.1670
28212,5,0.1214
28213,5,0.1785
28214,19,0.1147
28215,5,0.1476
28216,24,0.1269
28217,5,0.1488
28218,7,0.1573
28219,7,0.1724
28220,7,0.1792
28221,7,0.1664
28222,7,0.1497
28223,7,0.1720
28224,5,0.2233
28225,5,0.1720
28226,7,0.1665
28227,10,0.1411
28228,10,0.1314
28229,5,0.1486
28230,24,0.1963
28231,7,0.1625
28232,7,0.1616
28233,5,0.1834
28234,7,0.1675
28235,7,0.1576
28236,7,0.1701
28237,7,0.1583
28238,7,0.1655
28239,7,0.1511
28240,7,0.1636
28241,7,0.1637
28242,7,0.1572
28243,7,0.1499
28244,7,0.1745
28245,7,0.1680
28246,7,0.1518
28247,7,0.1344
28248,24,0.1391
28249,7,0.1849
28250,7,0.1578
28251,7,0.1680
28252,7,0.1376
28253,24,0.1726
28254,7,0.1367
28255,7,0.1441
28256,7,0.1276
28257,21,0.1272
28258,15,0.1763
28259,21,0.2421
28260,8,0.1919
28261,19,0.1717
28262,15,0.1658
28263,21,0.1947
28264,8,0.1839
28265,7,0.2631
28266,7,0.2493
28267,8,0.1449
28268,8,0.4632
28269,7,0.2908
28270,7,0.1959
28271,7,0.1588
28272,24,0.2873
28273,24,0.1886
28274,8,0.1736
28275,21,0.1679
28276,7,0.1450
28277,24,0.4190
28278,24,0.1819
28280,19,0.1107
28281,21,0.1777
28282,24,0.1501
28283,5,0.1557
28284,21,0.1964
28285,7,0.1879
28286,5,0.1562
28287,24,0.1594
28288,7,0.2249
28289,24,0.2267
28290,24,0.1832
28291,24,0.2723
28292,24,0.2051
28293,24,0.2414
28294,8,0.3847
28295,19,0.3050
28296,19,0.2668
28297,24,0.2756
28298,19,0.1519
28299,24,0.1769
28300,19,0.1486
28301,19,0.2225
28302,19,0.2228
28303,8,0.2230
28304,8,0.2444
28305,19,0.2378
28306,8,0.1856
28307,19,0.1467
28308,19,0.1810
28309,24,0.2553
28310,21,0.2597
28311,21,0.2012
28312,19,0.2560
28313,7,0.2223
28314,19,0.2104
28315,21,0.2042
28316,19,0.2718
28317,19,0.2728
28318,19,0.1957
28319,19,0.2655
28320,19,0.1600
28321,19,0.2216
28322,19,0.2606
28323,19,0.2673
28324,8,0.3075
28325,8,0.2512
28326,16,0.2798
28327,19,0.1768
28328,19,0.2085
28329,24,0.1515
28330,7,0.1131
28331,7,0.1378
28333,19,0.1507
28334,7,0.2349
28335,8,0.6986
28336,1,0.2408
28337,7,0.1445
28340,19,0.1462
28341,16,0.1234
28342,24,0.1448
28344,12,0.1522
28345,8,0.1076
28346,7,0.1701
28347,8,0.6510
28348,4,0.1388
28349,4,0.1266
28350,8,0.6958
28351,0,0.1040
28352,5,0.1045
28353,8,0.3066
28354,8,0.2950
28355,21,0.1034
28356,0,0.2689
28357,8,0.3412
28358,0,0.1210
28359,0,0.1161
28360,8,0.1109
28361,0,0.1053
28363,0,0.1851
28365,16,0.1329
28366,4,0.1218
28372,2,0.2319
28373,12,0.1031
28374,1,0.1590
28375,0,0.1196
28378,0,0.1144
28383,31,0.1248
28386,1,0.2634
28387,21,0.2330
28388,7,0.2152
28389,21,0.1879
28390,21,0.1921
28391,7,0.1552
28392,21,0.1635
28393,24,0.1943
28394,24,0.1800
28398,7,0.2056
28399,7,0.1642
28400,21,0.1089
28401,9,0.2176
28402,16,0.1262
28403,11,0.1312
28405,8,0.1977
28406,21,0.1922
28407,21,0.1762
28408,24,0.2201
28409,21,0.1976
28410,24,0.1701
28412,17,0.1232
28413,7,0.1469
28414,19,0.1675
28415,7,0.2182
28416,19,0.1572
28417,7,0.1940
28418,7,0.2342
28419,7,0.1377
28420,19,0.1493
28421,24,0.1831
28422,30,0.2062
28423,24,0.2999
28424,21,0.1853
28425,11,0.1689
28426,5,0.1919
28427,24,0.2021
28428,21,0.1700
28429,19,0.1277
28430,19,0.2373
28431,7,0.1861
28432,11,0.1246
28433,11,0.2650
28434,24,0.2142
28435,24,0.2463
28436,24,0.1985
28437,24,0.2381
28438,24,0.2651
28439,19,0.1876
28440,8,0.1847
28441,24,0.4084
28442,5,0.1405
28443,19,0.1429
28444,8,0.1635
28445,8,0.2043
28446,23,0.1241
28447,19,0.1564
28448,23,0.1931
28449,19,0.1401
28450,7,0.1728
28451,24,0.4317
28452,7,0.1130
28453,24,0.2368
28454,24,0.3547
28455,24,0.2075
28456,19,0.1081
28457,5,0.1027
28458,24,0.2105
28459,7,0.1485
28461,7,0.1872
28462,7,0.2027
28463,7,0.1673
28464,7,0.1406
28465,7,0.2089
28469,19,0.1468
28471,19,0.1132
28472,24,0.1749
28473,24,0.2871
28474,24,0.1804
28475,19,0.2068
28476,9,0.1281
28477,9,0.1432
28478,7,0.1893
28479,19,0.1510
28480,1,0.1340
28482,24,0.2745
28483,7,0.1700
28485,5,0.1529
28486,9,0.1089
28488,18,0.1092
28489,19,0.2628
28490,16,0.1113
28491,4,0.3546
28493,33,0.1140
28494,12,0.1969
28495,16,0.1136
28497,19,0.1051
28499,5,0.1111
28500,7,0.1384
28501,21,0.1622
28505,32,0.1276
28506,18,0.1526
28507,7,0.1937
28508,0,0.4394
28509,4,0.3866
28510,8,0.4533
28511,16,0.1520
28512,7,0.1103
28513,24,0.1611
28514,24,0.1430
28515,16,0.2065
28516,13,0.1495
28517,24,0.1748
28518,21,0.1676
28519,23,0.1556
28520,8,0.1201
28521,7,0.1378
28522,23,0.1106
28524,21,0.1041
28525,6,0.1038
28526,8,0.1190
28527,8,0.1227
28528,8,0.4784
28529,8,0.2867
28530,8,0.3042
28531,8,0.5002
28532,7,0.2414
28533,8,0.3767
28534,8,0.2538
28535,24,0.1836
28536,8,0.1736
28537,9,0.1473
28538,9,0.2142
28539,21,0.1798
28540,8,0.3312
28541,19,0.1975
28542,19,0.1912
28543,7,0.2353
28544,21,0.2278
28545,21,0.2370
28546,16,0.1744
28547,8,0.2858
28548,8,0.2944
28549,19,0.2083
28550,8,0.3575
28551,8,0.3417
28552,8,0.1653
28553,8,0.4164
28554,9,0.1254
28555,8,0.3278
28556,19,0.1385
28557,16,0.1701
28558,19,0.1041
28559,8,0.1738
28560,8,0.2003
28561,8,0.3231
28562,8,0.2939
28563,8,0.3524
28565,8,0.4111
28566,8,0.4070
28567,9,0.1506
28568,8,0.6475
28569,19,0.1243
28570,8,0.2750
28571,8,0.3645
28572,21,0.1376
28573,21,0.1197
28574,21,0.1522
28575,7,0.1742
28576,8,0.1240
28577,16,0.2474
28578,16,0.1722
28579,8,0.1925
28580,5,0.2365
28581,5,0.2597
28582,5,0.2423
28583,19,0.1971
28584,19,0.2268
28585,19,0.1190
28586,24,0.2155
28587,24,0.2896
28588,19,0.1862
28589,19,0.2204
28590,8,0.1672
28591,19,0.1603
28592,8,0.1703
28593,8,0.1507
28594,24,0.1040
28595,7,0.1508
28596,24,0.2651
28597,24,0.2481
28598,23,0.1423
28599,8,0.2400
28600,7,0.2022
28601,8,0.3370
28602,8,0.1478
28603,8,0.4121
28604,8,0.1718
28605,16,0.2590
28606,8,0.4018
28607,9,0.1651
28608,8,0.3458
28609,9,0.1920
28610,16,0.6006
28611,8,0.6397
28612,9,0.1781
28613,8,0.1969
28614,19,0.1724
28615,8,0.2482
28616,0,0.1747
28617,8,0.1758
28618,28,0.1424
28619,23,0.1181
28620,8,0.1260
28621,23,0.1273
28622,8,0.2750
28623,19,0.2179
28624,19,0.2368
28625,7,0.2114
28626,16,0.2892
28627,16,0.1172
28628,8,0.1280
28629,8,0.4518
28630,23,0.1888
28631,8,0.1707
28632,19,0.1143
28633,8,0.3749
28634,8,0.3922
28635,8,0.3992
28636,24,0.1885
28637,5,0.1946
28638,19,0.2005
28639,21,0.1788
28640,21,0.1096
28641,21,0.1561
28642,7,0.2096
28643,19,0.1344
28644,6,0.1045
28645,5,0.1611
28646,19,0.1161
28647,12,0.2488
28648,28,0.2256
28649,4,0.8155
28650,16,0.1068
28651,19,0.1940
28652,19,0.1457
28654,0,0.1093
28655,15,0.1961
28656,19,0.2397
28657,19,0.2186
28658,21,0.1814
28659,8,0.2121
28660,19,0.1644
28661,19,0.2327
28662,23,0.2617
28663,19,0.1949
28664,11,0.1637
28665,8,0.1364
28666,19,0.1210
28667,19,0.1736
28668,21,0.1288
28669,21,0.1732
28670,7,0.1728
28671,19,0.1709
28672,8,0.3155
28673,8,0.1326
28674,21,0.1025
28675,21,0.1906
28676,24,0.1383
28677,24,0.2782
28678,19,0.1155
28679,24,0.1645
28680,24,0.3774
28681,24,0.3829
28682,19,0.1671
28683,7,0.1804
28684,21,0.2663
28685,21,0.1857
28686,19,0.1541
28687,5,0.1142
28688,5,0.1109
28689,5,0.1508
28690,5,0.1196
28692,9,0.1704
28693,19,0.1570
28694,7,0.1391
28695,5,0.1283
28697,5,0.1390
28698,7,0.1429
28700,9,0.1982
28701,10,0.1569
28702,21,0.1540
28703,21,0.1261
28704,7,0.1181
28705,7,0.1710
28706,5,0.2029
28707,7,0.1102
28708,21,0.1200
28712,21,0.1051
28715,5,0.1941
28716,7,0.1367
28717,5,0.1482
28718,9,0.3368
28719,19,0.2607
28720,5,0.1695
28721,5,0.1175
28723,5,0.1921
28724,9,0.1752
28725,8,0.1056
28727,9,0.1195
28728,23,0.1356
28729,19,0.1243
28730,21,0.1038
28731,5,0.1043
28733,5,0.1696
28734,7,0.1333
28735,24,0.1469
28736,8,0.1136
28737,10,0.1482
28738,8,0.1445
28739,21,0.1066
28740,21,0.1182
28741,5,0.1863
28742,7,0.2206
28743,21,0.1618
28744,7,0.2008
28745,7,0.1868
28746,19,0.1834
28747,21,0.2116
28748,19,0.1858
28749,19,0.1683
28750,8,0.2509
28751,24,0.1478
28752,8,0.2277
28753,24,0.1909
28754,19,0.1049
28756,21,0.1434
28757,21,0.2046
28758,7,0.1443
28759,7,0.1151
28760,7,0.1078
28761,7,0.2086
28762,7,0.2058
28763,7,0.1233
28764,8,0.2900
28765,21,0.3043
28766,5,0.1219
28768,8,0.1334
28769,7,0.1229
28770,19,0.1287
28771,19,0.1640
28772,19,0.1833
28773,19,0.1548
28774,19,0.1591
28775,19,0.1929
28776,28,0.1768
28777,16,0.2250
28778,28,0.2365
28779,23,0.2330
28780,28,0.1926
28781,28,0.1776
28782,12,0.1838
28783,23,0.1651
28784,23,0.2791
28785,23,0.3010
28786,23,0.1084
28787,23,0.2095
28788,23,0.2186
28789,23,0.2498
28790,23,0.2587
28791,23,0.1513
28792,19,0.3248
28793,23,0.1905
28794,23,0.1403
28795,5,0.3614
28796,5,0.3085
28797,9,0.2021
28798,23,0.1769
28799,19,0.1165
28800,19,0.1531
28801,19,0.1758
28802,23,0.1433
28803,23,0.1268
28804,19,0.1737
28805,19,0.1706
28806,9,0.1522
28808,19,0.1505
28809,8,0.1455
28810,9,0.2690
28811,19,0.1252
28812,19,0.1274
28813,19,0.1526
28814,9,0.1513
28815,5,0.2337
28817,5,0.2051
28818,5,0.1977
28819,5,0.1381
28820,9,0.3049
28821,5,0.1192
28822,9,0.1213
28823,9,0.4262
28824,9,0.4066
28825,5,0.2957
28826,5,0.1855
28827,9,0.2879
28828,8,0.1541
28829,23,0.1118
28830,23,0.1422
28831,8,0.2832
28832,23,0.1400
28833,5,0.1870
28834,5,0.2850
28835,5,0.2809
28836,23,0.1692
28837,16,0.1989
28838,16,0.2729
28839,28,0.1036
28840,19,0.1951
28841,23,0.2006
28842,22,0.1620
28843,23,0.1615
28844,19,0.2653
28845,8,0.4517
28846,8,0.8322
28847,19,0.1328
28848,8,0.3852
28849,8,0.5588
28850,19,0.1038
28851,9,0.1617
28852,9,0.1071
28853,9,0.1121
28854,9,0.3576
28855,9,0.1577
28856,23,0.1059
28857,9,0.1453
28858,9,0.2162
28859,9,0.2169
28860,9,0.2878
28861,9,0.3025
28862,9,0.2382
28863,5,0.1303
28864,9,0.1145
28865,5,0.2636
28866,5,0.2649
28867,9,0.2123
28868,9,0.1722
28869,9,0.1714
28870,5,0.1266
28871,9,0.1568
28872,23,0.1092
28874,5,0.2372
28875,5,0.2217
28877,19,0.1154
28878,5,0.2260
28879,5,0.1863
28880,16,0.1766
28881,5,0.1750
28882,9,0.2490
28883,8,0.3156
28884,8,0.1191
28886,5,0.1556
28887,5,0.1067
28888,5,0.1414
28889,5,0.1290
28890,5,0.2239
28892,4,0.2074
28894,8,0.3662
28895,8,0.4126
28896,5,0.1798
28897,16,0.2566
28898,8,0.4795
28899,19,0.1923
28900,8,0.2258
28901,8,0.3847
28902,8,0.2661
28903,5,0.2096
28904,9,0.1363
28905,9,0.1943
28906,9,0.1352
28907,9,0.1434
28908,5,0.1444
28909,1,0.1129
28910,5,0.1484
28911,5,0.1450
28912,9,0.1446
28913,9,0.1768
28914,4,0.1518
28915,4,0.1230
28916,4,0.2362
28917,12,0.1335
28920,4,0.1914
28921,9,0.1556
28922,9,0.2702
28923,9,0.3188
28924,1,0.1660
28926,4,0.1456
28928,28,0.1044
28929,9,0.2424
28930,4,0.2036
28931,9,0.1082
28932,9,0.1748
28933,5,0.1845
28934,9,0.1678
28935,9,0.2304
28936,9,0.1646
28939,9,0.2194
28940,9,0.3356
28941,9,0.2168
28942,9,0.2720
28943,9,0.3664
28944,9,0.2268
28945,9,0.1055
28946,5,0.2370
28947,9,0.2593
28948,5,0.2653
28949,4,0.2062
28950,9,0.1322
28951,4,0.1203
28953,9,0.1174
28954,5,0.1199
28955,9,0.1704
28956,9,0.2292
28957,9,0.1451
28958,9,0.1344
28959,9,0.1488
28960,4,0.1335
28961,9,0.2298
28962,4,0.1787
28963,12,0.1147
28965,5,0.1310
28966,5,0.1729
28967,0,0.4987
28968,0,0.9904
28969,0,0.3092
28970,4,0.1207
28971,1,0.2059
28972,0,0.3839
28973,0,0.5539
28974,12,0.1030
28975,5,0.1236
28976,9,0.1637
28977,9,0.2395
28978,5,0.2775
28979,19,0.1426
28980,1,0.1379
28981,5,0.1437
28982,1,0.1026
28983,9,0.1202
28984,9,0.1443
28985,9,0.2668
28986,4,0.1933
28987,16,0.1302
28988,9,0.1320
28989,12,0.1497
28990,4,0.1450
28993,23,0.1086
28995,4,0.1066
29001,9,0.1737
29006,5,0.1379
29009,1,0.1029
29010,1,0.1135
29011,9,0.2041
29012,4,0.1192
29016,9,0.1839
29017,5,0.2192
29018,5,0.2363
29019,5,0.1230
29020,9,0.1257
29021,1,0.1778
29023,9,0.3363
29024,9,0.2174
29025,8,0.1507
29026,19,0.1302
29027,4,0.2020
29029,9,0.1946
29030,9,0.1631
29031,4,0.1825
29033,9,0.3421
29034,9,0.2264
29035,13,0.1050
29036,13,0.1077
29037,13,0.1050
29038,13,0.1041
29039,13,0.1036
29041,24,0.1043
29042,9,0.1150
29043,8,0.1813
29044,9,0.1132
29046,21,0.1063
29050,5,0.1131
29051,7,0.1090
29058,23,0.1666
29059,10,0.1733
29061,23,0.2073
29062,16,0.2089
29065,9,0.1816
29066,5,0.2019
29067,9,0.1189
29068,16,0.2292
29069,16,0.1225
29070,23,0.1609
29071,19,0.2545
29072,23,0.1650
29073,16,0.3362
29074,16,0.1401
29075,23,0.1679
29076,9,0.2896
29077,23,0.2369
29078,23,0.2778
29079,23,0.1321
29080,9,0.1356
29081,9,0.2317
29082,23,0.2568
29083,23,0.1377
29084,23,0.1910
29085,23,0.1225
29087,23,0.1508
29088,23,0.1709
29089,23,0.1216
29090,33,0.1245
29091,27,0.1027
29092,23,0.1327
29093,23,0.1939
29094,22,0.1412
29095,28,0.1797
29096,28,0.1369
29097,23,0.2094
29098,19,0.1705
29100,16,0.2543
29103,5,0.2566
29104,19,0.1564
29105,23,0.1127
29107,19,0.1245
29108,19,0.1516
29109,6,0.1887
29110,14,0.1421
29111,16,0.3615
29112,23,0.1621
29113,28,0.2553
29114,23,0.2006
29115,16,0.1536
29116,22,0.1500
29117,23,0.1463
29118,4,0.1228
29120,23,0.1590
29121,23,0.1651
29122,6,0.1426
29123,9,0.1923
29124,23,0.1946
29125,23,0.2325
29126,16,0.2233
29127,23,0.1404
29128,23,0.1904
29129,19,0.1946
29130,23,0.1144
29131,16,0.2843
29132,19,0.1511
29133,28,0.1303
29134,23,0.1724
29135,19,0.1137
29136,22,0.1635
29137,16,0.2320
29138,16,0.1519
29139,23,0.1073
29140,19,0.2333
29141,19,0.2193
29142,19,0.1246
29143,9,0.1123
29145,28,0.1272
29146,12,0.1307
29147,20,0.1457
29148,16,0.2423
29149,12,0.1464
29150,23,0.1613
29151,23,0.1198
29152,23,0.1169
29153,28,0.2207
29154,28,0.1301
29155,19,0.1498
29156,16,0.1047
29157,7,0.1478
29158,19,0.1308
29159,22,0.1312
29160,22,0.1956
29161,23,0.1852
29162,19,0.1111
29163,19,0.1072
29164,19,0.1554
29166,19,0.1167
29167,21,0.1137
29168,23,0.1594
29169,23,0.1384
29171,7,0.1145
29173,23,0.2632
29174,8,0.1221
29175,7,0.1046
29176,9,0.1224
29177,16,0.1421
29179,21,0.1253
29180,5,0.1171
29181,23,0.1231
29185,23,0.1259
29186,19,0.1437
29187,5,0.1050
29189,16,0.1202
29190,16,0.1926
29192,21,0.1220
29193,21,0.1168
29194,7,0.1090
29195,9,0.2583
29196,5,0.2977
29197,5,0.2042
29198,7,0.1113
29199,5,0.1231
29201,23,0.1819
29204,21,0.1039
29205,9,0.1574
29206,5,0.1393
29208,21,0.1167
29209,21,0.1467
29210,21,0.1481
29211,9,0.1241
29212,9,0.1852
29213,7,0.1108
29214,7,0.1135
29215,21,0.1067
29218,24,0.1038
29220,29,0.1038
29221,29,0.1152
29222,29,0.1033
29225,7,0.1070
29227,32,0.1162
29228,24,0.1241
29229,7,0.1654
29231,7,0.1614
29232,15,0.1187
29233,11,0.1030
29234,21,0.1075
29235,7,0.1616
29236,21,0.1701
29237,24,0.3990
29238,24,0.2173
29239,8,0.1503
29241,24,0.1665
29242,31,0.1935
29243,15,0.1900
29244,7,0.1557
29245,7,0.2599
29246,11,0.1768
29248,5,0.1374
29249,5,0.3862
29252,5,0.1543
29253,5,0.1510
29254,9,0.1720
29255,9,0.1547
29256,21,0.1182
29257,19,0.1074
29258,19,0.1547
29259,19,0.1409
29261,32,0.1633
29262,24,0.1468
29263,21,0.2231
29264,21,0.1216
29265,15,0.1646
29266,8,0.1097
29267,7,0.2367
29268,0,0.1656
29269,0,0.3309
29270,7,0.1904
29271,21,0.1440
29272,7,0.1923
29273,24,0.2410
29274,7,0.1443
29275,15,0.1381
29276,32,0.2017
29277,7,0.2069
29278,7,0.2760
29279,0,0.2103
29280,0,0.1355
29281,7,0.1547
29282,7,0.2194
29283,7,0.2042
29284,21,0.1460
29285,7,0.1591
29286,7,0.1273
29287,7,0.1640
29288,7,0.1746
29289,21,0.1378
29290,0,0.1597
29291,24,0.1787
29293,21,0.1107
29294,7,0.1737
29295,21,0.1604
29296,7,0.1733
29297,7,0.1592
29298,7,0.1554
29299,7,0.1967
29300,7,0.1677
29301,21,0.1216
29302,7,0.2229
29303,32,0.2341
29304,32,0.1912
29305,24,0.2183
29306,24,0.1701
29307,32,0.2692
29308,32,0.1925
29309,21,0.1568
29310,32,0.1677
29311,7,0.1623
29312,7,0.1859
29313,24,0.2098
29314,15,0.2212
29315,7,0.2375
29316,32,0.2962
29317,32,0.1565
29318,5,0.1327
29320,1,0.2305
29321,1,0.1217
29322,7,0.1060
29323,19,0.1353
29324,7,0.1283
29325,21,0.1847
29326,7,0.1316
29327,24,0.1295
29328,24,0.1714
29330,7,0.1213
29331,7,0.1834
29332,21,0.3377
29333,21,0.2214
29334,24,0.2265
29335,21,0.1829
29336,7,0.2114
29337,7,0.2107
29338,7,0.2227
29339,21,0.1805
29340,33,0.1440
29341,0,0.1406
29342,7,0.2113
29343,7,0.1799
29344,21,0.1342
29345,0,0.1149
29346,21,0.1770
29347,21,0.1622
29348,32,0.1573
29349,21,0.2672
29350,7,0.1800
29351,7,0.1357
29352,31,0.1884
29353,31,0.1514
29354,24,0.2566
29355,30,0.1561
29356,22,0.1028
29357,7,0.2547
29358,8,0.2930
29359,8,0.5025
29360,16,0.2251
29362,22,0.3118
29363,8,0.2607
29364,24,0.2397
29365,8,0.5029
29366,8,0.2653
29367,7,0.2830
29368,30,0.1261
29369,8,0.2617
29370,7,0.1337
29371,31,0.1478
29372,31,0.1645
29374,7,0.1911
29375,19,0.1660
29376,8,0.4862
29377,8,0.4150
29378,8,0.3059
29379,8,0.1225
29380,22,0.1158
29381,19,0.1320
29382,7,0.2040
29383,21,0.1638
29384,7,0.1464
29385,7,0.1173
29386,21,0.1369
29387,21,0.1146
29388,29,0.1104
29389,13,0.1122
29390,13,0.1125
29391,13,0.1132
29392,13,0.1137
29393,13,0.1150
29394,13,0.1146
29395,13,0.1053
29396,21,0.1027
29397,21,0.1344
29398,7,0.1444
29399,21,0.2185
29400,24,0.1807
29401,7,0.1781
29402,7,0.1620
29403,7,0.1730
29404,24,0.2486
29405,24,0.3439
29406,7,0.1302
29408,24,0.1077
29410,13,0.1087
29412,21,0.1264
29413,5,0.1809
29416,16,0.1510
29419,19,0.1307
29420,19,0.1421
29422,23,0.1759
29423,19,0.1223
29424,7,0.1358
29425,8,0.3171
29426,8,0.7974
29427,8,0.5819
29428,23,0.1589
29429,19,0.1543
29430,21,0.1825
29431,8,0.4272
29432,8,0.1429
29433,23,0.1721
29435,19,0.1591
29436,16,0.1771
29437,16,0.1726
29439,21,0.1385
29440,7,0.1099
29441,24,0.1761
29442,10,0.1168
29443,10,0.1031
29444,23,0.1296
29445,19,0.1364
29447,21,0.1861
29448,10,0.1510
29449,19,0.1944
29450,7,0.1483
29452,7,0.1368
29453,5,0.1471
29455,19,0.1059
29456,31,0.1070
29457,17,0.1325
29458,7,0.1369
29459,23,0.1059
29460,23,0.1062
29462,31,0.1735
29464,19,0.1651
29465,20,0.1123
29467,16,0.1055
29468,8,0.3930
29469,16,0.3278
29470,28,0.1613
29471,21,0.1189
29473,7,0.2013
29474,24,0.2206
29475,10,0.1127
29476,21,0.1507
29478,23,0.1383
29479,30,0.1536
29481,23,0.1208
29482,16,0.1330
29483,28,0.1264
29484,19,0.1421
29485,16,0.1234
29486,21,0.1979
29487,22,0.1071
29489,21,0.1395
29490,7,0.1617
29491,19,0.1195
29492,15,0.1057
29493,21,0.2036
29494,21,0.2242
29496,19,0.1131
29497,11,0.1915
29498,21,0.1359
29499,20,0.1577
29500,20,0.1626
29501,14,0.1157
29502,30,0.1501
29503,19,0.1070
29504,15,0.1503
29506,19,0.1042
29507,19,0.1305
29508,14,0.1243
29509,6,0.1215
29510,23,0.1403
29511,19,0.1688
29512,5,0.1095
29513,19,0.1315
29514,19,0.1366
29515,19,0.1802
29516,20,0.1472
29517,5,0.1272
29518,7,0.1233
29519,23,0.1030
29521,21,0.1556
29523,18,0.3215
29524,7,0.1761
29525,7,0.1116
29526,5,0.1561
29527,21,0.1160
29531,8,0.2595
29532,8,0.2167
29533,7,0.1193
29534,24,0.1030
29535,21,0.1757
29536,21,0.1074
29538,28,0.1651
29539,23,0.1430
29540,24,0.3010
29541,21,0.1940
29542,5,0.1128
29543,19,0.1906
29544,5,0.1216
29545,5,0.1495
29546,7,0.1026
29547,23,0.1162
29548,16,0.1513
29550,7,0.2276
29551,7,0.1309
29554,5,0.1325
29555,7,0.1506
29556,7,0.1611
29557,21,0.1670
29558,7,0.1328
29559,5,0.1080
29560,21,0.1096
29561,21,0.1175
29563,7,0.1419
29564,24,0.1427
29566,7,0.1074
29567,21,0.1068
29569,7,0.1190
29570,5,0.1399
29571,7,0.1050
29576,29,0.1122
29577,21,0.1100
29579,7,0.1831
29580,19,0.1374
29581,21,0.1247
29582,21,0.1607
29583,21,0.1750
29584,21,0.2471
29585,7,0.2112
29587,7,0.2043
29588,7,0.2177
29589,21,0.1541
29590,24,0.1174
29591,24,0.2170
29592,21,0.2734
29593,7,0.1770
29594,7,0.1838
29595,5,0.1597
29596,21,0.2330
29597,7,0.2058
29598,7,0.3031
29599,7,0.2100
29600,7,0.1423
29601,5,0.1541
29602,7,0.1840
29603,7,0.1828
29604,7,0.1819
29605,24,0.1241
29606,19,0.1047
29607,21,0.2065
29608,21,0.3355
29609,7,0.2298
29610,21,0.2286
29611,21,0.2060
29612,21,0.1183
29613,19,0.2961
29614,5,0.2012
29615,21,0.2045
29616,21,0.2055
29617,21,0.2810
29618,21,0.2915
29619,21,0.2639
29620,24,0.1844
29621,21,0.1186
29622,21,0.2849
29623,0,0.3479
29624,1,0.2132
29625,21,0.1801
29626,7,0.2798
29627,7,0.1766
29628,7,0.2267
29629,19,0.1829
29630,21,0.1328
29631,19,0.1351
29632,19,0.1395
29633,19,0.1271
29634,21,0.1645
29635,21,0.1993
29636,7,0.2466
29637,7,0.1434
29638,7,0.1814
29639,7,0.1945
29640,7,0.2287
29641,7,0.2356
29642,7,0.1956
29643,21,0.2139
29644,7,0.2047
29645,11,0.1515
29646,7,0.2506
29647,1,0.5732
29648,1,0.3324
29649,7,0.1562
29650,7,0.2288
29651,1,0.3946
29652,1,0.4505
29653,5,0.1239
29654,21,0.1118
29655,9,0.1446
29656,0,0.2182
29657,21,0.1759
29658,9,0.1796
29659,0,0.2128
29660,21,0.3289
29661,19,0.1196
29662,0,0.2167
29663,11,0.3001
29664,7,0.2475
29665,21,0.1615
29666,21,0.2142
29667,7,0.2703
29668,11,0.3427
29669,11,0.2138
29670,7,0.1774
29671,7,0.1592
29672,11,0.1585
29673,24,0.1732
29674,7,0.1311
29675,7,0.1826
29676,15,0.1664
29677,7,0.1661
29678,7,0.1810
29679,11,0.1497
29680,7,0.1411
29681,7,0.2119
29682,19,0.1580
29683,19,0.1577
29684,11,0.1474
29685,7,0.1537
29687,12,0.1666
29688,0,0.2084
29689,21,0.1471
29690,7,0.3017
29691,21,0.1545
29692,21,0.1618
29693,21,0.1902
29694,19,0.1693
29695,21,0.1653
29696,21,0.1896
29697,21,0.3138
29698,21,0.2478
29699,7,0.2084
29700,19,0.1603
29701,0,0.1200
29702,30,0.1237
29703,1,0.3536
29704,0,0.3310
29705,21,0.3143
29706,21,0.2160
29707,0,0.3859
29708,15,0.1586
29709,21,0.3205
29710,21,0.1745
29711,7,0.2853
29712,21,0.2755
29713,0,0.1491
29714,11,0.3521
29715,21,0.2012
29716,31,0.1583
29717,21,0.1836
29718,0,0.1414
29719,15,0.1308
29720,1,0.3008
29721,21,0.1225
29722,7,0.1890
29723,21,0.1175
29724,7,0.1165
29727,1,0.1580
29728,1,0.1830
29729,0,0.1384
29730,21,0.1806
29731,21,0.2839
29732,21,0.2984
29733,11,0.1401
29734,7,0.2067
29735,7,0.2362
29736,11,0.1987
29737,7,0.1912
29738,11,0.3044
29739,11,0.1934
29740,7,0.1288
29743,24,0.1185
29744,21,0.1338
29745,21,0.1359
29746,21,0.1300
29747,7,0.1245
29748,21,0.1142
29749,7,0.1212
29750,7,0.1140
29752,7,0.1142
29753,9,0.1354
29754,9,0.1650
29755,5,0.1583
29756,21,0.1113
29757,24,0.1426
29758,9,0.1308
29759,5,0.1242
29760,8,0.1275
29761,9,0.1279
29762,9,0.1493
29763,8,0.6544
29764,20,0.2256
29765,24,0.5392
29766,24,0.2044
29767,5,0.1725
29768,8,0.1099
29769,8,0.1498
29770,9,0.1638
29771,8,0.1074
29772,9,0.1677
29773,8,0.1688
29774,8,0.1402
29775,8,0.1472
29776,16,0.1928
29777,21,0.1863
29778,8,0.4924
29779,7,0.1709
29780,19,0.1134
29781,19,0.1078
29782,8,0.1647
29783,5,0.1852
29784,8,0.2051
29785,8,0.2251
29786,21,0.1491
29787,0,0.1351
29788,21,0.1202
29789,21,0.1046
29790,23,0.1176
29791,8,0.1056
29792,9,0.2597
29793,9,0.2009
29794,9,0.2255
29795,8,0.3329
29796,21,0.2052
29797,16,0.5365
29798,8,0.2160
29799,21,0.1205
29800,8,0.1242
29801,8,0.1635
29802,5,0.1928
29804,16,0.1903
29805,21,0.1788
29806,30,0.1361
29807,8,0.7214
29808,21,0.1375
29810,8,0.1062
29811,8,0.1736
29812,8,0.1289
29813,9,0.2365
29814,16,0.1211
29816,8,0.6296
29817,8,0.2385
29822,8,0.1430
29823,9,0.1026
29824,19,0.1382
29825,16,0.1438
29826,8,0.5472
29827,21,0.1409
29828,7,0.1142
29830,8,0.1289
29832,8,0.1045
29833,21,0.1458
29834,8,0.7086
29835,8,0.5060
29836,21,0.1223
29838,7,0.1178
29839,5,0.1107
29840,9,0.1274
29841,23,0.1089
29842,19,0.1438
29843,21,0.2320
29844,21,0.1859
29845,8,0.2640
29846,24,0.1657
29848,21,0.1047
29849,24,0.1082
29850,7,0.1415
29851,8,0.1318
29852,8,0.2274
29853,21,0.1157
29854,30,0.1563
29855,8,0.6403
29856,24,0.1928
29860,6,0.1042
29861,10,0.1188
29862,7,0.1298
29863,8,0.2375
29864,8,0.2272
29865,21,0.2081
29866,24,0.1158
29867,21,0.1551
29868,24,0.1714
29869,24,0.1266
29870,19,0.1314
29872,8,0.1537
29873,8,0.2040
29874,8,0.6836
29875,8,0.7855
29876,24,0.1580
29877,5,0.1191
29878,5,0.1894
29879,7,0.1492
29880,7,0.1208
29881,10,0.1368
29882,19,0.1839
29883,23,0.1148
29884,8,0.6263
29885,8,0.3278
29886,21,0.1327
29887,24,0.1274
29888,24,0.1120
29889,24,0.1489
29890,21,0.1524
29891,7,0.2020
29892,23,0.1282
29893,16,0.2272
29894,19,0.1550
29895,8,0.2573
29896,19,0.1667
29897,24,0.1775
29898,24,0.1213
29899,19,0.1593
29900,19,0.1736
29901,8,0.1526
29902,9,0.3543
29903,19,0.1363
29904,8,0.1159
29905,9,0.1412
29906,21,0.2140
29907,21,0.2410
29908,11,0.2379
29909,11,0.2385
29910,21,0.1490
29911,19,0.2003
29912,7,0.2267
29913,9,0.2900
29914,9,0.3241
29915,23,0.1546
29916,9,0.4030
29917,9,0.4622
29918,9,0.2202
29919,23,0.1031
29921,19,0.1581
29922,19,0.2710
29923,8,0.5813
29924,8,0.7147
29925,8,0.2987
29926,23,0.2070
29927,7,0.2430
29928,19,0.2259
29929,19,0.2362
29930,8,0.2058
29931,8,0.1845
29932,8,0.1566
29933,19,0.1763
29934,7,0.2118
29935,7,0.2013
29936,7,0.2097
29937,7,0.1270
29938,19,0.2331
29939,19,0.1824
29941,11,0.2040
29942,11,0.1851
29943,19,0.1168
29944,23,0.1293
29945,8,0.1155
29946,16,0.3632
29947,16,0.1985
29948,1,0.2106
29949,8,0.2902
29950,19,0.1420
29951,7,0.2773
29952,7,0.2420
29953,1,0.3340
29954,12,0.1636
29955,16,0.1483
29956,1,0.1273
29957,9,0.1780
29958,9,0.1164
29959,8,0.3117
29960,8,0.3861
29961,10,0.1833
29962,19,0.2503
29963,19,0.1651
29964,7,0.1173
29965,21,0.1239
29966,24,0.1948
29967,19,0.1823
29968,23,0.1356
29969,24,0.1296
29970,21,0.1611
29972,24,0.1898
29973,5,0.1835
29974,19,0.1098
29975,19,0.1368
29976,21,0.1285
29977,19,0.1354
29978,5,0.1745
29979,5,0.2065
29980,8,0.1151
29982,2,0.1909
29983,1,0.2991
29984,7,0.1665
29985,19,0.1869
29986,0,0.2291
29987,0,0.2698
29988,19,0.1470
29989,5,0.1405
29990,16,0.1335
29991,16,0.1057
29992,19,0.1367
29993,8,0.1300
29994,19,0.1157
29996,24,0.1132
29997,24,0.1687
29998,24,0.1212
29999,24,0.1154
30000,7,0.1456
30001,24,0.1917
30002,24,0.1944
30003,24,0.1027
30004,24,0.2269
30005,24,0.2176
30006,21,0.1237
30007,24,0.1113
30008,5,0.1221
30009,24,0.1084
30010,21,0.1059
30013,8,0.2552
30014,24,0.2937
30015,24,0.1806
30016,8,0.8294
30017,8,0.3713
30018,8,0.2439
30019,24,0.2315
30020,21,0.1426
30021,8,0.1039
30022,8,0.2158
30023,24,0.1770
30025,7,0.1117
30026,7,0.1049
30027,7,0.1201
30028,8,0.3832
30029,8,0.4593
30030,8,0.7315
30031,8,0.7005
30032,24,0.1925
30033,8,0.1211
30034,8,0.3181
30035,5,0.1478
30036,7,0.1222
30038,8,0.1377
30039,8,0.2545
30040,8,0.7250
30041,8,0.4395
30042,21,0.1157
30043,16,0.1133
30044,8,0.1732
30047,21,0.1205
30048,8,0.1800
30049,28,0.2090
30050,8,0.5058
30051,30,0.1416
30052,24,0.1912
30053,24,0.2095
30054,24,0.1535
30055,24,0.1458
30056,21,0.1460
30057,8,0.1804
30058,8,0.8218
30059,8,0.3927
30060,8,0.3389
30061,24,0.1674
30062,21,0.1176
30063,20,0.1037
30064,8,0.1524
30065,7,0.1237
30067,8,0.1506
30068,8,0.3250
30069,8,0.8763
30070,20,0.1424
30071,21,0.1110
30072,29,0.1032
30073,7,0.1351
30074,7,0.1348
30075,21,0.1408
30076,21,0.1381
30077,21,0.1594
30078,8,0.5118
30079,8,0.8274
30080,8,0.2434
30081,24,0.1101
30082,24,0.2994
30083,24,0.2364
30084,21,0.1705
30085,7,0.1506
30086,8,0.4383
30087,8,0.8636
30088,8,0.5756
30089,7,0.1462
30090,24,0.1151
30091,24,0.2666
30092,7,0.1981
30093,21,0.1664
30094,21,0.1120
30095,8,0.1069
30096,8,0.8126
30097,8,0.2563
30098,8,0.4565
30099,24,0.2431
30100,24,0.2070
30101,7,0.1368
30102,24,0.1570
30103,19,0.1380
30105,7,0.1184
30106,8,0.2468
30107,20,0.1718
30108,8,0.4294
30109,24,0.1866
30110,24,0.2790
30111,24,0.1895
30112,24,0.1783
30113,19,0.1789
30114,7,0.1209
30115,21,0.1245
30116,8,0.6000
30117,8,0.5637
30118,8,0.1324
30119,24,0.1582
30120,24,0.1853
30121,24,0.1634
30122,24,0.1729
30123,24,0.1972
30124,24,0.1689
30125,21,0.1430
30126,8,0.5765
30127,8,0.8313
30128,8,0.9287
30129,24,0.1811
30130,24,0.1770
30132,24,0.1913
30133,7,0.1346
30134,21,0.1065
30135,21,0.1167
30136,8,0.4780
30137,8,0.8226
30138,8,0.4797
30139,24,0.2762
30140,24,0.1266
30141,13,0.1059
30143,24,0.1456
30144,24,0.1739
30145,19,0.2079
30146,8,0.3743
30147,24,0.2168
30148,24,0.3200
30149,24,0.2598
30150,19,0.1658
30151,24,0.2040
30152,24,0.1905
30153,7,0.1201
30154,21,0.1914
30156,24,0.2540
30157,7,0.1335
30158,7,0.2011
30159,0,0.1704
30160,0,0.2422
30161,0,0.1374
30162,21,0.1392
30163,24,0.2753
30164,24,0.3361
30165,24,0.3340
30166,21,0.1442
30167,8,0.3440
30168,7,0.1303
30169,1,0.1299
30170,8,0.2608
30171,19,0.2029
30172,8,0.1702
30173,19,0.1606
30175,19,0.1938
30176,19,0.2218
30177,8,0.3428
30178,8,0.2078
30179,24,0.1858
30180,24,0.1584
30181,7,0.1678
30182,7,0.1709
30183,24,0.1191
30184,23,0.1775
30185,5,0.1565
30186,0,0.3019
30187,0,0.3114
30188,19,0.1925
30189,19,0.2037
30190,24,0.3085
30191,24,0.1795
30192,7,0.1497
30193,19,0.1831
30194,8,0.2386
30195,0,0.4531
30196,0,0.3377
30198,7,0.2112
30199,8,0.4277
30200,8,0.2300
30201,8,0.2305
30202,8,0.4300
30203,8,0.4532
30204,8,0.2747
30206,19,0.1165
30207,24,0.4085
30208,11,0.1481
30209,8,0.2177
30210,8,0.3921
30211,8,0.2055
30212,21,0.1283
30213,24,0.1210
30214,19,0.2192
30215,8,0.1726
30216,24,0.1413
30217,24,0.2679
30218,21,0.1915
30219,7,0.1965
30220,7,0.2127
30221,7,0.1673
30222,7,0.2051
30223,5,0.1367
30224,5,0.2762
30226,4,0.6569
30227,4,0.4584
30228,24,0.2263
30229,24,0.1323
30230,24,0.2162
30231,24,0.1995
30232,7,0.2092
30233,21,0.1213
30234,19,0.1269
30236,16,0.2753
30237,16,0.2231
30238,25,0.1389
30239,19,0.2434
30241,11,0.3216
30242,11,0.2148
30243,19,0.1354
30244,8,0.3385
30245,8,0.2645
30246,19,0.1474
30247,21,0.1293
30248,21,0.1192
30249,0,0.1136
30251,24,0.1226
30252,13,0.1121
30253,13,0.1125
30254,13,0.1132
30255,13,0.1136
30256,13,0.1095
30257,13,0.1076
30258,13,0.1049
30260,8,0.1978
30261,8,0.7273
30262,8,0.5286
30263,21,0.1080
30264,19,0.1670
30265,7,0.1336
30266,21,0.1065
30267,7,0.1333
30268,21,0.1101
30269,21,0.1324
30270,21,0.2593
30271,8,0.1396
30272,30,0.1718
30273,21,0.2294
30274,24,0.2663
30275,19,0.2218
30276,19,0.1026
30277,19,0.1813
30278,21,0.1883
30279,19,0.1445
30280,19,0.1940
30281,0,0.1211
30282,21,0.1872
30283,7,0.2008
30285,11,0.1513
30286,21,0.1671
30287,21,0.1584
30288,21,0.1550
30289,19,0.1578
30290,19,0.1847
30291,7,0.1431
30292,21,0.2404
30293,21,0.1280
30294,7,0.1497
30295,24,0.1604
30296,24,0.1200
30297,19,0.1214
30298,19,0.1607
30299,21,0.1313
30300,7,0.1887
30301,7,0.1518
30302,21,0.1388
30304,21,0.1741
30305,19,0.1482
30306,19,0.1406
30307,7,0.1540
30308,21,0.1424
30309,24,0.1362
30310,7,0.2150
30311,21,0.1782
30312,7,0.2316
30313,19,0.1610
30314,21,0.1067
30315,21,0.2253
30316,19,0.1713
30317,0,0.2127
30318,0,0.4086
30319,19,0.1562
30320,19,0.1613
30321,21,0.2007
30322,8,0.1959
30323,8,0.2127
30324,8,0.1545
30325,28,0.1396
30326,21,0.1463
30327,32,0.1689
30328,19,0.1026
30329,19,0.1293
30330,7,0.1219
30331,24,0.2051
30332,0,0.1651
30333,21,0.1223
30334,24,0.1619
30335,24,0.2157
30336,24,0.3521
30337,24,0.3725
30338,7,0.1249
30339,7,0.1866
30340,21,0.1664
30341,7,0.2014
30342,7,0.1651
30343,7,0.1765
30344,24,0.2703
30345,24,0.3582
30346,24,0.1657
30347,24,0.2499
30348,21,0.2068
30349,7,0.1757
30350,7,0.1607
30351,7,0.1672
30352,24,0.1643
30353,7,0.2298
30354,7,0.1344
30355,7,0.1827
30356,24,0.2037
30357,11,0.1397
30358,24,0.1218
30359,24,0.2513
30360,24,0.3202
30361,0,0.1073
30362,22,0.1439
30363,16,0.3746
30364,0,0.1978
30365,21,0.2000
30366,19,0.2397
30367,21,0.1349
30368,8,0.1375
30369,11,0.3428
30370,21,0.1244
30371,19,0.1522
30372,8,0.1172
30373,8,0.2123
30374,19,0.2273
30375,0,0.2675
30376,30,0.1565
30377,23,0.2290
30378,21,0.1489
30379,0,0.1933
30380,30,0.1974
30381,20,0.1363
30382,0,0.1733
30383,31,0.1070
30384,21,0.3365
30385,31,0.1281
30386,31,0.1521
30387,24,0.1597
30388,7,0.1552
30389,19,0.1655
30390,24,0.1068
30391,24,0.3920
30392,19,0.1285
30393,19,0.1518
30394,21,0.2958
30395,21,0.1644
30396,24,0.1590
30397,21,0.2792
30398,21,0.3063
30399,7,0.2103
30400,24,0.2279
30401,19,0.1133
30402,21,0.1904
30403,19,0.1244
30404,24,0.1809
30405,21,0.1695
30406,7,0.1380
30407,11,0.1412
30408,24,0.1359
30409,7,0.1185
30411,5,0.1038
30413,24,0.3758
30414,24,0.3444
30417,19,0.2637
30418,24,0.3457
30419,19,0.1732
30420,19,0.1838
30421,7,0.1485
30422,21,0.1826
30423,30,0.1309
30425,7,0.1572
30426,7,0.1698
30427,24,0.1425
30428,1,0.1051
30429,7,0.1256
30431,20,0.1883
30432,24,0.1301
30433,5,0.1400
30434,5,0.1630
30435,7,0.2602
30436,7,0.2932
30439,24,0.1045
30441,0,0.1357
30442,5,0.2549
30443,5,0.1077
30445,5,0.1504
30446,24,0.1647
30447,24,0.1651
30448,19,0.1940
30449,19,0.2238
30450,24,0.2257
30451,24,0.1876
30452,21,0.1196
30453,19,0.1354
30454,8,0.2556
30455,8,0.3283
30456,7,0.1866
30457,9,0.2542
30458,5,0.1394
30459,8,0.1478
30460,22,0.2213
30461,8,0.1900
30462,21,0.1949
30463,8,0.2001
30464,23,0.2125
30465,8,0.2699
30466,19,0.1621
30467,19,0.1742
30468,8,0.2776
30469,8,0.3261
30470,16,0.3238
30471,24,0.1586
30472,23,0.2440
30473,19,0.2228
30474,19,0.1636
30475,8,0.2857
30476,0,0.1031
30477,7,0.2465
30478,19,0.1157
30480,7,0.1446
30482,6,0.1584
30483,5,0.1582
30484,21,0.1209
30485,7,0.1398
30486,7,0.1649
30488,8,0.1158
30489,5,0.1138
30490,21,0.1239
30491,7,0.1339
30492,7,0.1772
30494,19,0.1588
30495,7,0.1378
30496,21,0.1383
30497,7,0.1980
30498,7,0.2504
30500,8,0.1496
30501,21,0.1330
30502,21,0.1139
30504,19,0.1121
30505,8,0.3172
30506,8,0.3085
30507,7,0.1482
30508,7,0.1128
30509,8,0.2075
30510,8,0.5410
30511,7,0.1143
30512,5,0.1639
30513,5,0.1449
30514,8,0.5672
30515,8,0.1045
30517,22,0.1295
30518,8,0.1708
30519,19,0.1390
30520,5,0.1334
30521,7,0.1244
30522,24,0.1872
30523,19,0.1472
30524,28,0.1858
30525,6,0.1341
30526,21,0.1906
30527,21,0.1763
30528,7,0.1296
30530,21,0.1313
30531,24,0.1042
30532,13,0.1051
30533,13,0.1044
30534,13,0.1077
30535,13,0.1105
30536,13,0.1088
30537,13,0.1076
30538,24,0.1043
30539,7,0.2146
30540,19,0.1752
30542,15,0.1247
30543,0,0.1506
30544,0,0.1411
30545,5,0.1200
30546,7,0.1212
30547,7,0.1439
30548,21,0.1498
30549,24,0.1284
30550,21,0.1635
30551,21,0.2346
30552,21,0.1908
30553,21,0.1275
30555,0,0.1083
30556,7,0.2700
30557,15,0.1656
30558,5,0.1679
30559,21,0.1737
30560,21,0.1702
30561,7,0.2035
30562,7,0.1369
30564,30,0.1118
30565,7,0.1433
30566,7,0.2837
30567,5,0.1556
30568,21,0.1473
30570,7,0.1702
30571,7,0.2091
30572,7,0.1267
30573,7,0.1455
30574,0,0.1554
30575,7,0.1880
30577,7,0.1402
30578,0,0.1349
30579,19,0.1152
30580,15,0.1216
30581,7,0.1490
30582,24,0.1270
30583,21,0.1623
30584,7,0.1940
30585,7,0.2058
30588,15,0.1435
30589,1,0.1438
30590,11,0.1126
30591,21,0.1566
30592,5,0.1330
30593,21,0.1667
30594,21,0.1512
30595,21,0.1675
30596,19,0.1499
30597,0,0.1175
30598,21,0.2478
30599,21,0.2256
30600,21,0.1325
30601,8,0.2695
30602,8,0.2837
30603,16,0.1219
30604,0,0.2253
30605,21,0.1336
30606,21,0.1167
30607,15,0.1247
30608,7,0.1633
30609,7,0.1698
30610,7,0.1431
30611,21,0.1737
30612,15,0.1773
30613,7,0.1803
30614,7,0.1820
30615,15,0.1293
30616,21,0.2296
30617,21,0.2631
30618,24,0.2509
30619,15,0.1594
30620,24,0.2116
30621,21,0.2367
30622,21,0.1560
30623,21,0.1335
30624,21,0.2053
30625,7,0.2536
30626,21,0.1472
30627,7,0.1290
30628,21,0.2453
30629,21,0.1867
30630,21,0.1555
30631,21,0.1588
30632,21,0.2826
30633,24,0.2027
30634,7,0.1492
30635,7,0.1991
30636,21,0.2844
30637,21,0.2073
30638,21,0.2487
30639,21,0.2468
30640,15,0.1895
30641,21,0.2814
30642,21,0.3530
30643,8,0.2626
30644,7,0.2643
30645,21,0.2131
30646,21,0.1783
30647,21,0.2142
30648,16,0.1593
30649,21,0.1936
30650,21,0.1575
30651,7,0.1236
30652,5,0.1528
30653,8,0.5462
30654,0,0.2803
30655,24,0.2255
30656,8,0.4997
30657,0,0.2895
30658,7,0.2612
30659,0,0.1391
30660,8,0.6720
30661,30,0.2322
30662,24,0.1157
30663,8,0.2613
30664,21,0.2600
30665,7,0.2839
30666,7,0.1579
30667,19,0.1285
30668,8,0.1829
30669,21,0.1290
30670,24,0.3030
30671,0,0.1456
30672,21,0.1957
30673,21,0.2130
30674,21,0.1208
30675,7,0.2021
30676,21,0.1379
30677,7,0.1685
30678,21,0.1963
30679,15,0.1670
30680,19,0.1351
30681,24,0.1951
30682,24,0.2553
30683,21,0.1638
30684,21,0.2014
30685,7,0.2418
30686,7,0.2762
30687,21,0.1403
30688,21,0.1122
30690,7,0.1216
30691,5,0.1223
30692,19,0.1394
30693,19,0.1674
30694,8,0.1401
30695,7,0.1617
30697,18,0.1058
30698,24,0.2741
30699,7,0.1265
30700,5,0.1347
30701,7,0.1136
30702,24,0.2555
30704,7,0.1042
30705,7,0.1848
30706,19,0.1969
30707,7,0.1066
30709,9,0.1525
30710,8,0.2436
30711,8,0.1497
30713,7,0.1049
30714,19,0.1638
30715,19,0.2339
30716,24,0.1192
30718,19,0.1738
30719,19,0.2443
30721,9,0.1414
30722,19,0.2060
30723,7,0.1658
30725,8,0.1193
30726,19,0.1478
30727,24,0.1690
30728,31,0.2144
30729,19,0.1220
30730,8,0.2215
30731,8,0.1716
30732,5,0.1605
30733,5,0.2238
30736,8,0.1507
30737,8,0.3519
30738,5,0.1850
30739,5,0.1674
30740,5,0.1845
30741,8,0.1386
30742,8,0.2529
30743,23,0.1282
30744,28,0.1937
30745,8,0.5033
30746,19,0.1348
30747,28,0.1386
30748,8,0.3202
30749,19,0.1117
30750,12,0.2082
30751,19,0.1045
30752,5,0.1039
30753,16,0.1068
30755,19,0.1307
30756,12,0.1180
30757,5,0.1074
30758,5,0.1318
30759,7,0.2014
30760,21,0.1335
30763,7,0.1767
30764,0,0.1104
30765,21,0.1180
30766,21,0.1222
30767,5,0.1246
30768,7,0.1851
30769,21,0.1549
30770,0,0.1067
30772,24,0.1096
30773,21,0.1081
30774,7,0.1196
30775,5,0.1697
30776,1,0.1098
30777,1,0.1321
30778,21,0.1158
30779,21,0.1226
30780,24,0.1093
30781,24,0.1739
30782,28,0.1166
30783,1,0.2272
30784,5,0.3849
30785,3,0.1161
30786,8,0.2042
30787,8,0.7049
30788,0,0.4527
30789,7,0.1439
30790,5,0.2106
30791,5,0.1412
30792,2,0.1047
30794,7,0.1664
30795,25,0.1077
30796,2,0.3096
30797,5,0.1950
30798,19,0.1333
30799,24,0.1160
30800,21,0.1047
30801,1,0.1599
30803,5,0.1203
30804,5,0.1893
30805,24,0.1355
30806,7,0.1571
30807,5,0.2199
30808,13,0.1347
30810,13,0.1039
30811,7,0.1634
30815,16,0.1842
30816,16,0.1528
30817,5,0.1421
30818,7,0.1586
30819,9,0.2175
30820,1,0.1220
30821,5,0.1760
30822,17,0.1345
30823,16,0.1299
30824,9,0.1925
30825,9,0.2355
30826,9,0.1590
30827,19,0.2208
30828,5,0.2167
30829,5,0.1175
30831,9,0.1476
30832,9,0.2735
30833,19,0.2029
30834,19,0.2090
30835,23,0.2270
30836,23,0.2239
30837,19,0.1769
30838,9,0.2266
30839,28,0.1375
30840,28,0.2283
30841,9,0.3170
30842,23,0.2327
30843,8,0.2461
30844,8,0.2248
30845,19,0.1767
30846,19,0.1469
30847,19,0.1058
30848,9,0.1684
30849,9,0.1812
30850,9,0.1828
30851,5,0.1297
30852,9,0.1258
30853,23,0.1244
30855,5,0.1807
30856,5,0.2390
30858,19,0.1191
30859,9,0.1130
30861,1,0.1432
30862,8,0.1795
30863,9,0.3145
30864,5,0.1757
30865,5,0.1451
30866,5,0.2930
30868,7,0.1085
30869,7,0.1436
30870,23,0.1806
30871,22,0.1073
30872,8,0.1386
30873,9,0.3009
30874,23,0.1955
30875,19,0.1549
30876,5,0.2819
30877,16,0.1110
30879,5,0.2167
30880,9,0.2755
30881,19,0.1709
30882,19,0.2000
30883,19,0.1964
30884,23,0.2107
30886,21,0.1231
30887,23,0.1801
30888,19,0.1183
30889,23,0.1168
30890,19,0.2499
30891,8,0.1995
30892,19,0.1810
30893,5,0.2203
30894,16,0.1068
30895,19,0.1223
30896,10,0.1967
30897,19,0.2194
30898,19,0.1790
30899,7,0.1666
30900,8,0.1376
30901,19,0.1673
30902,8,0.4730
30903,23,0.1843
30904,1,0.1335
30906,19,0.2255
30907,23,0.1266
30908,21,0.1654
30909,19,0.1313
30910,19,0.1576
30911,19,0.2116
30912,19,0.2081
30913,23,0.2039
30914,9,0.2403
30915,8,0.3195
30916,16,0.2123
30917,23,0.1093
30918,1,0.3360
30919,8,0.1780
30920,8,0.1729
30922,5,0.1613
30923,19,0.1130
30924,5,0.1376
30925,7,0.1256
30926,9,0.1650
30928,1,0.1050
30929,1,0.2808
30930,11,0.3142
30931,15,0.1443
30932,8,0.4656
30933,8,0.3696
30934,0,0.1636
30935,5,0.1631
30936,19,0.1132
30937,7,0.1341
30938,19,0.1205
30939,5,0.1650
30940,5,0.1840
30941,19,0.1896
30942,0,0.1482
30943,28,0.1651
30944,16,0.1664
30945,0,0.1220
30946,11,0.1279
30947,11,0.1282
30948,16,0.2645
30949,0,0.1927
30950,19,0.1304
30951,5,0.1795
30952,19,0.1584
30953,19,0.2139
30954,19,0.2863
30955,19,0.1633
30956,19,0.1913
30957,5,0.2523
30958,19,0.1332
30959,19,0.2037
30960,19,0.1279
30961,1,0.1741
30962,1,0.1723
30963,7,0.1826
30964,7,0.1401
30965,9,0.1332
30966,19,0.1567
30967,8,0.4730
30968,8,0.6867
30969,7,0.1543
30970,24,0.1124
30971,7,0.1591
30972,30,0.1347
30973,21,0.1951
30974,21,0.1320
30975,21,0.1455
30976,24,0.3410
30977,21,0.2079
30978,7,0.2328
30979,7,0.1321
30980,24,0.1694
30981,8,0.3924
30982,8,0.3054
30983,21,0.1175
30984,21,0.1149
30985,24,0.2276
30986,24,0.3413
30987,24,0.1672
30988,21,0.1253
30989,21,0.1809
30990,21,0.1996
30992,22,0.1766
30993,8,0.3946
30994,9,0.1359
30995,8,0.1979
30996,8,0.2809
30997,19,0.1672
30998,8,0.5661
30999,8,0.4164
31000,21,0.1473
31001,8,0.1666
31002,8,0.3327
31003,6,0.1374
31004,8,0.1922
31005,8,0.1811
31006,7,0.1144
31007,8,0.2408
31008,8,0.4181
31009,19,0.1132
31010,8,0.2046
31011,8,0.2681
31012,23,0.1686
31013,8,0.3588
31014,21,0.1194
31015,19,0.1389
31016,24,0.1447
31017,16,0.1336
31018,8,0.2349
31021,8,0.2040
31022,8,0.4702
31024,8,0.2446
31025,8,0.2052
31026,7,0.1829
31027,7,0.1218
31028,20,0.1263
31030,8,0.1781
31031,24,0.1604
31032,24,0.1751
31033,24,0.1535
31034,21,0.2708
31035,21,0.1519
31036,23,0.1360
31037,8,0.3538
31038,19,0.1534
31039,19,0.1510
31040,23,0.1297
31041,24,0.2244
31042,24,0.1638
31043,24,0.2180
31044,24,0.2305
31045,24,0.1859
31046,21,0.1670
31047,7,0.1784
31048,19,0.1093
31049,22,0.1049
31050,8,0.2357
31051,7,0.1116
31052,8,0.3300
31053,8,0.6288
31054,24,0.1656
31055,7,0.1280
31056,8,0.2213
31057,8,0.1360
31058,7,0.1217
31059,24,0.2300
31065,22,0.1629
31066,28,0.2080
31067,28,0.2151
31069,32,0.1106
31072,8,0.3740
31073,8,0.3974
31075,28,0.1108
31076,8,0.2133
31078,8,0.1711
31079,30,0.1030
31080,1,0.1109
31081,7,0.1547
31082,32,0.1332
31083,32,0.1543
31086,19,0.1143
31089,21,0.1203
31091,24,0.1336
31092,24,0.1967
31095,19,0.1172
31096,8,0.1372
31098,7,0.1192
31099,0,0.1688
31100,21,0.1431
31101,7,0.1573
31102,5,0.1640
31103,5,0.2826
31104,7,0.2770
31105,5,0.2114
31106,5,0.2060
31107,5,0.2225
31108,24,0.1942
31109,1,0.1070
31111,7,0.1818
31112,23,0.1146
31113,9,0.1599
31114,7,0.2612
31115,7,0.2086
31116,5,0.2118
31117,19,0.1317
31118,19,0.1994
31120,11,0.1164
31121,19,0.1362
31122,5,0.2567
31123,5,0.2071
31124,24,0.1340
31125,5,0.1341
31126,5,0.1103
31127,7,0.1954
31128,7,0.2448
31129,17,0.1621
31130,15,0.1128
31131,21,0.2089
31132,5,0.2010
31133,1,0.3593
31134,11,0.1216
31135,7,0.2835
31136,7,0.1916
31137,5,0.1855
31138,15,0.2051
31139,19,0.2105
31140,19,0.2502
31141,16,0.1719
31142,8,0.1109
31143,21,0.1349
31144,31,0.1310
31145,12,0.1393
31146,19,0.2387
31147,31,0.1781
31148,16,0.3265
31149,7,0.1062
31150,5,0.1196
31151,12,0.1849
31152,8,0.1557
31153,19,0.1556
31154,5,0.1396
31155,19,0.1793
31156,19,0.1700
31157,19,0.1829
31158,7,0.1112
31159,7,0.1271
31160,19,0.1612
31161,16,0.1512
31162,15,0.1162
31163,7,0.2706
31164,19,0.1932
31165,12,0.2549
31167,9,0.2914
31168,5,0.1669
31169,7,0.1906
31170,19,0.1832
31171,7,0.1278
31172,19,0.1523
31173,19,0.1617
31176,19,0.1765
31177,19,0.1404
31178,19,0.1153
31179,7,0.2127
31180,5,0.1507
31181,5,0.2639
31182,7,0.1426
31183,19,0.1603
31184,5,0.1531
31185,19,0.1318
31186,19,0.1842
31187,13,0.1369
31188,16,0.2663
31189,6,0.1456
31190,19,0.2163
31191,13,0.1515
31192,21,0.1626
31194,16,0.1276
31195,19,0.2023
31196,7,0.1991
31197,19,0.1190
31198,8,0.3885
31199,21,0.1326
31200,19,0.2142
31201,7,0.2525
31202,19,0.1210
31203,19,0.2200
31204,19,0.1737
31205,19,0.1846
31206,7,0.1753
31207,8,0.2573
31208,8,0.3167
31209,19,0.2415
31210,7,0.2804
31211,24,0.1997
31212,7,0.1958
31213,7,0.1519
31214,0,0.1124
31215,17,0.1085
31216,1,0.1796
31217,30,0.2382
31218,21,0.1956
31219,7,0.2431
31220,8,0.2608
31221,16,0.2008
31222,19,0.1506
31223,19,0.2439
31224,24,0.1832
31225,24,0.2390
31226,24,0.2057
31227,21,0.1805
31228,0,0.1276
31229,11,0.1786
31230,7,0.1770
31231,8,0.2733
31232,0,0.3584
31233,21,0.2201
31234,21,0.1756
31235,8,0.2682
31236,8,0.4666
31237,19,0.2036
31238,5,0.2250
31239,7,0.2031
31240,7,0.2377
31241,7,0.1905
31242,7,0.1769
31243,7,0.2632
31244,7,0.1742
31245,5,0.1554
31246,5,0.1480
31247,7,0.1926
31248,1,0.3952
31249,30,0.1035
31250,15,0.2251
31251,7,0.1181
31253,24,0.2027
31254,8,0.5744
31255,8,0.2487
31256,7,0.1438
31257,7,0.1851
31258,19,0.1263
31259,8,0.5660
31260,21,0.1552
31261,8,0.1079
31262,7,0.1105
31263,19,0.1865
31264,21,0.2058
31265,7,0.1576
31266,21,0.1180
31267,24,0.3823
31268,8,0.2731
31269,21,0.1440
31270,24,0.1598
31271,24,0.1715
31272,8,0.1599
31273,24,0.2784
31274,24,0.1578
31275,24,0.2483
31276,8,0.1583
31277,21,0.1229
31278,21,0.1792
31279,16,0.4211
31280,7,0.1332
31281,19,0.1654
31282,8,0.2151
31283,21,0.1259
31284,24,0.2063
31285,8,0.5620
31286,8,0.1061
31287,24,0.2208
31288,8,0.2931
31289,8,0.1791
31290,24,0.1056
31291,20,0.1868
31292,30,0.1854
31293,24,0.2080
31294,8,0.1914
31295,30,0.1188
31296,24,0.3038
31297,24,0.2067
31298,21,0.2393
31299,7,0.1478
31300,8,0.2551
31301,24,0.1498
31302,24,0.2332
31303,24,0.2453
31304,24,0.1813
31305,8,0.6228
31306,8,0.2005
31307,23,0.1200
31308,8,0.7797
31309,8,0.6902
31310,24,0.1827
31311,8,0.2628
31312,30,0.1386
31313,24,0.1782
31314,8,0.1912
31315,24,0.1351
31316,24,0.1746
31317,24,0.1923
31318,19,0.1152
31319,24,0.1421
31320,8,0.6418
31321,8,0.2246
31322,21,0.1345
31323,8,0.7451
31324,8,0.5209
31325,24,0.1432
31326,19,0.1578
31327,8,0.2269
31328,24,0.1391
31330,24,0.1654
31331,24,0.1829
31332,24,0.1270
31333,21,0.1566
31334,24,0.1750
31335,24,0.1348
31336,19,0.1282
31337,21,0.1270
31338,24,0.2162
31339,8,0.4417
31340,8,0.3546
31341,7,0.1250
31342,24,0.2063
31343,8,0.5284
31344,8,0.3297
31345,24,0.1835
31346,24,0.2835
31347,7,0.1453
31348,0,0.1312
31349,8,0.7182
31350,8,0.4930
31351,20,0.1067
31352,19,0.1049
31353,7,0.2143
31354,7,0.2444
31355,21,0.1808
31356,24,0.1408
31357,8,0.2286
31358,21,0.1836
31359,8,0.3467
31360,21,0.2541
31361,21,0.1614
31362,8,0.3658
31363,21,0.1957
31364,21,0.1297
31365,21,0.1451
31366,21,0.1509
31367,8,0.2657
31368,21,0.1753
31369,7,0.1915
31370,21,0.1967
31371,7,0.1893
31372,21,0.1096
31373,24,0.1488
31374,21,0.1184
31375,7,0.2370
31376,7,0.1528
31377,19,0.1092
31378,19,0.1747
31379,24,0.1590
31381,8,0.3647
31383,7,0.1151
31384,8,0.4044
31385,9,0.1401
31386,24,0.1300
31387,24,0.1570
31388,7,0.1330
31389,24,0.1089
31390,21,0.1631
31391,0,0.1191
31393,1,0.1046
31394,11,0.1109
31395,24,0.2380
31397,23,0.1304
31398,23,0.1114
31399,9,0.1595
31400,19,0.1500
31401,19,0.1110
31402,19,0.1428
31404,9,0.1478
31405,9,0.1766
31406,5,0.1478
31407,23,0.1535
31408,8,0.3375
31409,8,0.2446
31410,21,0.1129
31411,19,0.1687
31414,7,0.1736
31415,7,0.1189
31416,9,0.1413
31417,8,0.2795
31418,8,0.2380
31419,9,0.1656
31420,5,0.1219
31421,19,0.1525
31422,19,0.1526
31423,19,0.1524
31424,19,0.1727
31425,8,0.1352
31426,7,0.1065
31427,9,0.1700
31428,8,0.3906
31429,8,0.4178
31430,19,0.1692
31431,5,0.1282
31432,23,0.1561
31433,8,0.2726
31434,5,0.1123
31435,19,0.1646
31436,8,0.5613
31437,8,0.4253
31438,7,0.1268
31439,24,0.2627
31440,8,0.4255
31441,0,0.1721
31442,1,0.1705
31443,8,0.3860
31444,8,0.3684
31445,1,0.2283
31446,8,0.1926
31447,16,0.1438
31448,7,0.1606
31449,8,0.1394
31450,8,0.1407
31451,7,0.1738
31452,8,0.1764
31453,8,0.2070
31454,24,0.1985
31455,8,0.2368
31456,8,0.4411
31457,16,0.1201
31458,16,0.2461
31459,8,0.4154
31460,6,0.1140
31461,5,0.1071
31462,8,0.1589
31463,19,0.2021
31464,5,0.1114
31465,8,0.3519
31466,8,0.1729
31467,5,0.1912
31468,21,0.1322
31469,6,0.1261
31471,8,0.4176
31472,8,0.1044
31473,19,0.1031
31474,8,0.1681
31475,8,0.1962
31477,28,0.2262
31478,8,0.3791
31480,22,0.1908
31481,8,0.1492
31483,28,0.1152
31484,24,0.1700
31485,8,0.1315
31486,8,0.3127
31488,12,0.1088
31489,8,0.1713
31492,19,0.1244
31493,28,0.1273
31494,22,0.2045
31495,8,0.3834
31496,28,0.1125
31497,8,0.3857
31498,8,0.2920
31500,4,0.5233
31501,8,0.5754
31503,28,0.1830
31504,8,0.2475
31506,8,0.1420
31507,8,0.5195
31508,10,0.2040
31509,23,0.1287
31510,30,0.1261
31511,31,0.1056
31512,31,0.1386
31513,21,0.1623
31514,31,0.1814
31515,31,0.1374
31517,0,0.1294
31518,0,0.2219
31519,1,0.1654
31520,9,0.2737
31521,8,0.1856
31522,8,0.2143
31523,9,0.2925
31524,8,0.2106
31525,23,0.1647
31526,19,0.1895
31527,8,0.1891
31528,5,0.1554
31529,5,0.2194
31530,19,0.1779
31531,19,0.2278
31532,19,0.1954
31533,19,0.2095
31534,5,0.2575
31535,19,0.2445
31536,19,0.2534
31537,23,0.1316
31538,19,0.1456
31542,19,0.1387
31544,28,0.1333
31545,8,0.1447
31548,7,0.1270
31549,7,0.1895
31551,19,0.1508
31552,19,0.1655
31553,24,0.1676
31554,7,0.1399
31555,7,0.1310
31556,8,0.2087
31557,8,0.8230
31558,8,0.1402
31559,23,0.1051
31560,21,0.1616
31561,8,0.2821
31562,8,0.3021
31563,23,0.1570
31564,23,0.1362
31565,9,0.3164
31566,8,0.2345
31567,9,0.1838
31568,19,0.2180
31569,19,0.2001
31570,7,0.1708
31571,8,0.2228
31572,8,0.3335
31573,8,0.4207
31574,8,0.5811
31575,8,0.2042
31576,19,0.1127
31577,8,0.2554
31578,23,0.2197
31579,19,0.2201
31580,19,0.1832
31581,24,0.3091
31582,24,0.3321
31584,31,0.1250
31586,8,0.3093
31587,8,0.2326
31588,8,0.2361
31589,8,0.4030
31590,9,0.2456
31591,8,0.2054
31592,24,0.1461
31593,24,0.1088
31594,8,0.6056
31595,8,0.3144
31596,21,0.1590
31597,0,0.2074
31598,8,0.1050
31599,24,0.2169
31600,1,0.3905
31601,1,0.2649
31602,24,0.3130
31604,33,0.1512
31605,24,0.1334
31606,0,0.1149
31607,21,0.1198
31609,5,0.1634
31610,5,0.1169
31612,19,0.1611
31613,23,0.2580
31614,19,0.1398
31615,7,0.1516
31616,24,0.1403
31617,24,0.1926
31618,24,0.1842
31619,7,0.1857
31620,7,0.1355
31621,21,0.1233
31622,5,0.1788
31623,7,0.1272
31624,10,0.1172
31625,23,0.1808
31626,33,0.1846
31627,0,0.1359
31628,28,0.1958
31629,1,0.1958
31630,0,0.2812
31631,0,0.2774
31632,11,0.2083
31633,24,0.1485
31634,7,0.1747
31635,7,0.1487
31636,7,0.1410
31637,7,0.1298
31638,21,0.1424
31639,24,0.2004
31640,24,0.1834
31641,7,0.1372
31642,7,0.1595
31643,7,0.1608
31644,7,0.2027
31645,1,0.1586
31646,0,0.1538
31647,16,0.1348
31648,31,0.1650
31650,8,0.1525
31651,8,0.2468
31652,8,0.1468
31653,19,0.1836
31654,19,0.2659
31655,8,0.1930
31656,9,0.1535
31657,7,0.1391
31658,7,0.1137
31659,19,0.1460
31660,23,0.1435
31661,24,0.1359
31663,24,0.2570
31664,19,0.1251
31665,19,0.2160
31666,19,0.1351
31667,20,0.1686
31668,22,0.1125
31669,8,0.2042
31670,8,0.2979
31671,19,0.1773
31672,19,0.1444
31673,17,0.1464
31674,1,0.1401
31675,33,0.1130
31677,1,0.1394
31679,19,0.1118
31680,11,0.1510
31681,23,0.1194
31682,21,0.1706
31683,8,0.2004
31684,8,0.2238
31685,24,0.1969
31687,5,0.1206
31688,5,0.1103
31690,8,0.2111
31691,8,0.1128
31693,21,0.1415
31694,21,0.3801
31695,21,0.1879
31696,21,0.1511
31697,21,0.3248
31698,15,0.1433
31699,1,0.1428
31700,24,0.2772
31701,7,0.1437
31703,8,0.2478
31704,8,0.1453
31705,8,0.1168
31706,8,0.1782
31707,8,0.1867
31709,8,0.3859
31710,20,0.1755
31712,23,0.1306
31713,19,0.3670
31714,7,0.1043
31716,23,0.1393
31717,21,0.1457
31718,7,0.1529
31719,23,0.1120
31720,24,0.1324
31721,21,0.2061
31722,21,0.1501
31723,19,0.1565
31724,19,0.1772
31725,8,0.1325
31726,8,0.1295
31727,8,0.2657
31728,8,0.2753
31729,8,0.3332
31730,8,0.1747
31731,8,0.2532
31732,8,0.1786
31733,8,0.6119
31734,8,0.4488
31735,8,0.3627
31736,8,0.2814
31737,8,0.5021
31738,8,0.6413
31739,8,0.4228
31740,8,0.3105
31741,21,0.1102
31742,8,0.2709
31743,8,0.3898
31744,8,0.2276
31745,8,0.6234
31746,8,0.7437
31747,8,0.3581
31748,7,0.1279
31749,8,0.2906
31750,21,0.2021
31751,0,0.2170
31752,0,0.1594
31753,21,0.2704
31754,21,0.1041
31755,7,0.1330
31756,21,0.1739
31758,24,0.1058
31759,21,0.1587
31760,15,0.1235
31762,21,0.1517
31763,21,0.1177
31765,8,0.1481
31766,24,0.1159
31767,8,0.1733
31768,8,0.6344
31769,8,0.3118
31770,21,0.1130
31771,9,0.1363
31772,8,0.1658
31774,21,0.1266
31775,8,0.6333
31776,8,0.3030
31777,8,0.2529
31778,8,0.5038
31779,21,0.1040
31780,8,0.1927
31781,8,0.3072
31782,21,0.1362
31783,21,0.1278
31784,8,0.6494
31785,8,0.2485
31787,8,0.6265
31788,8,0.3425
31790,8,0.2866
31791,8,0.3385
31793,8,0.1234
31794,11,0.1289
31795,8,0.6462
31796,8,0.3108
31797,5,0.1509
31798,8,0.2123
31799,8,0.4023
31800,21,0.1529
31801,8,0.1459
31802,8,0.5277
31804,0,0.1643
31805,0,0.1507
31806,16,0.1643
31807,8,0.2371
31808,21,0.1274
31810,8,0.3512
31811,8,0.3046
31812,9,0.1644
31813,4,0.2707
31814,0,0.1631
31816,8,0.7072
31817,8,0.6027
31818,8,0.1793
31819,21,0.1181
31820,0,0.2843
31821,0,0.2324
31822,0,0.2277
31823,21,0.2140
31824,11,0.2012
31825,8,0.2231
31826,21,0.1726
31827,0,0.3189
31828,1,0.2408
31829,8,0.1772
31830,8,0.2490
31831,8,0.6270
31832,8,0.6901
31833,8,0.5404
31834,8,0.3284
31835,8,0.5470
31836,8,0.3434
31837,8,0.2608
31838,8,0.4039
31839,8,0.3896
31840,8,0.4364
31841,8,0.4040
31842,8,0.4441
31843,8,0.4220
31844,8,0.6402
31845,8,0.3149
31846,24,0.2037
31847,19,0.1523
31848,19,0.1434
31849,8,0.4635
31850,8,0.3694
31851,8,0.3115
31852,8,0.2252
31853,16,0.1755
31854,8,0.2989
31856,8,0.1077
31857,0,0.1110
31858,7,0.1345
31859,7,0.1996
31860,8,0.2309
31861,21,0.1562
31862,21,0.1201
31863,1,0.1290
31864,21,0.1100
31865,21,0.1270
31866,8,0.5916
31867,8,0.6401
31868,22,0.1154
31869,8,0.6301
31870,7,0.1297
31871,21,0.1758
31872,21,0.2644
31873,21,0.3218
31874,21,0.2905
31875,19,0.3081
31876,8,0.2194
31877,24,0.2378
31878,8,0.4482
31879,24,0.1656
31880,21,0.1494
31881,23,0.1635
31882,23,0.2549
31883,28,0.1538
31884,20,0.2557
31885,19,0.1296
31886,8,0.2176
31887,8,0.1455
31888,19,0.2003
31889,19,0.1171
31890,21,0.1768
31891,21,0.2964
31892,21,0.3076
31893,21,0.2436
31894,0,0.3643
31895,11,0.2105
31896,8,0.4909
31897,8,0.4404
31898,8,0.2635
31899,24,0.1636
31900,19,0.2037
31901,22,0.1541
31902,24,0.1080
31903,21,0.1352
31904,8,0.5932
31905,28,0.1342
31906,21,0.1952
31907,21,0.1899
31908,0,0.2253
31909,21,0.1935
31910,1,0.2408
31911,0,0.2328
31912,0,0.1530
31913,0,0.1624
31914,21,0.1769
31915,0,0.2505
31916,21,0.2135
31917,8,0.2798
31918,8,0.1771
31919,8,0.3977
31920,24,0.2176
31921,8,0.3224
31922,8,0.2650
31923,8,0.1799
31924,7,0.1122
31927,19,0.1326
31928,24,0.2892
31929,21,0.1387
31930,24,0.1228
31931,8,0.3676
31932,8,0.3975
31933,20,0.2604
31934,20,0.1334
31935,19,0.2169
31936,19,0.2023
31937,19,0.2532
31938,24,0.2071
31939,19,0.2593
31940,21,0.1998
31941,24,0.2607
31942,21,0.1937
31943,0,0.1501
31944,7,0.2938
31945,7,0.2339
31946,21,0.1263
31947,21,0.2669
31948,21,0.1141
31949,11,0.2767
31951,21,0.1817
31952,16,0.1409
31953,0,0.2762
31954,7,0.2144
31955,7,0.1926
31956,24,0.2247
31957,7,0.1941
31958,7,0.1375
31959,24,0.1933
31960,24,0.1960
31961,8,0.1472
31962,8,0.4702
31963,8,0.2741
31964,8,0.6324
31965,8,0.2285
31966,8,0.4026
31967,24,0.1660
31968,24,0.2057
31969,7,0.1354
31970,8,0.6380
31971,8,0.7918
31972,8,0.4158
31973,8,0.1491
31974,7,0.2008
31975,11,0.1891
31976,1,0.1869
31977,21,0.1350
31978,1,0.2908
31979,21,0.1821
31980,21,0.3484
31981,7,0.1745
31982,21,0.1596
31983,21,0.2049
31984,11,0.2479
31985,8,0.3477
31986,8,0.2142
31987,21,0.1902
31988,8,0.3529
31989,8,0.3045
31990,24,0.2209
31991,8,0.5602
31992,8,0.3587
31993,8,0.1631
31994,8,0.7202
31995,8,0.1983
31996,21,0.2053
31997,21,0.3571
31998,24,0.1383
32000,12,0.1041
32004,7,0.1214
32005,1,0.1028
32009,7,0.2618
32010,7,0.1240
32011,24,0.1377
32012,23,0.1073
32014,22,0.2505
32015,0,0.2389
32016,19,0.1231
32017,30,0.1557
32018,30,0.1035
32019,28,0.1512
32020,28,0.1479
32021,8,0.3248
32022,1,0.1800
32023,19,0.1239
32024,19,0.1144
32025,1,0.1389
32027,21,0.1985
32028,24,0.1566
32029,24,0.2061
32030,19,0.2285
32031,8,0.4190
32032,8,0.2212
32033,7,0.1969
32034,24,0.1999
32035,8,0.1835
32036,21,0.1727
32037,24,0.2225
32038,19,0.1409
32039,19,0.1448
32040,19,0.1413
32041,24,0.1473
32042,24,0.2346
32043,23,0.1132
32044,5,0.2236
32045,8,0.2250
32046,16,0.2275
32047,23,0.1389
32048,19,0.1049
32049,19,0.1562
32050,8,0.1434
32051,8,0.1026
32052,28,0.1376
32053,28,0.1319
32054,8,0.2462
32055,8,0.2344
32056,23,0.2397
32057,19,0.2480
32059,16,0.1771
32060,8,0.1839
32061,28,0.1495
32062,24,0.1278
32063,19,0.2259
32065,30,0.1304
32067,7,0.1677
32068,7,0.3763
32069,24,0.2232
32070,24,0.1300
32071,8,0.4861
32072,8,0.3335
32073,24,0.2185
32074,19,0.1061
32075,32,0.2003
32078,24,0.1312
32079,24,0.1343
32080,7,0.1460
32081,19,0.1756
32082,19,0.1226
32083,7,0.1212
32085,24,0.2086
32086,32,0.1424
32087,7,0.1184
32088,24,0.2899
32089,19,0.1349
32090,7,0.1313
32092,24,0.1425
32093,24,0.5345
32095,21,0.1029
32096,24,0.1906
32098,19,0.1493
32099,24,0.1562
32100,21,0.1538
32101,7,0.1141
32102,5,0.1527
32103,5,0.1055
32104,7,0.1507
32105,7,0.1986
32106,7,0.1787
32107,24,0.2727
32108,7,0.1926
32109,7,0.1529
32110,24,0.2590
32111,32,0.1591
32112,32,0.1119
32113,24,0.2544
32114,19,0.1188
32115,7,0.1715
32116,7,0.1894
32117,24,0.1421
32118,7,0.1651
32119,5,0.1532
32120,7,0.1254
32121,24,0.3847
32122,21,0.1278
32123,24,0.2417
32124,7,0.1234
32125,7,0.1554
32126,7,0.1142
32127,7,0.1028
32128,7,0.1483
32130,28,0.1299
32131,28,0.1520
32132,19,0.1715
32133,19,0.1455
32134,19,0.1188
32135,24,0.1544
32136,19,0.1467
32137,19,0.2659
32138,5,0.2054
32139,5,0.1434
32140,19,0.1531
32141,16,0.1261
32142,24,0.1515
32143,8,0.1811
32144,20,0.2302
32145,7,0.1033
32146,23,0.1123
32147,19,0.1238
32148,19,0.1604
32149,19,0.1527
32150,24,0.1436
32151,19,0.1101
32153,28,0.1293
32154,24,0.1972
32156,21,0.1345
32157,22,0.1279
32158,8,0.2119
32159,19,0.1362
32160,19,0.1332
32161,19,0.1403
32162,10,0.1781
32163,19,0.1949
32164,7,0.1074
32165,28,0.1269
32167,19,0.2314
32168,5,0.3055
32169,5,0.1525
32170,19,0.1834
32171,8,0.1784
32172,16,0.1626
32173,7,0.2218
32174,5,0.1417
32175,19,0.1728
32176,19,0.2401
32177,23,0.1199
32179,19,0.1873
32180,19,0.1891
32181,9,0.2134
32182,19,0.1906
32183,19,0.1442
32184,24,0.1889
32185,22,0.1121
32186,19,0.1211
32188,19,0.1154
32189,19,0.1238
32190,7,0.1470
32191,24,0.3079
32192,24,0.2658
32193,19,0.1486
32194,8,0.1269
32195,8,0.2691
32196,19,0.1744
32197,8,0.1333
32199,19,0.1122
32200,16,0.1032
32201,28,0.2065
32202,1,0.2556
32203,19,0.1507
32204,8,0.1215
32205,8,0.2145
32206,23,0.1483
32207,19,0.2085
32208,19,0.1349
32209,19,0.1608
32211,19,0.1096
32213,32,0.1261
32214,19,0.1721
32215,1,0.2350
32216,11,0.2595
32217,24,0.1211
32218,24,0.1068
32219,24,0.1748
32220,1,0.2000
32221,7,0.1387
32222,19,0.1056
32224,5,0.1382
32225,7,0.1071
32226,7,0.1450
32227,19,0.1258
32229,7,0.1545
32230,24,0.1330
32231,10,0.1117
32233,21,0.1489
32234,5,0.1153
32235,19,0.1285
32236,19,0.2478
32237,19,0.1898
32238,21,0.1102
32240,24,0.2082
32241,11,0.1515
32242,0,0.1160
32243,19,0.1488
32244,19,0.1103
32245,19,0.1979
32246,5,0.1482
32247,7,0.1854
32248,19,0.1251
32249,6,0.1176
32252,22,0.1293
32253,19,0.1540
32254,24,0.1439
32255,24,0.1282
32257,7,0.1729
32258,7,0.1395
32260,24,0.1301
32261,19,0.1362
32262,7,0.1059
32263,7,0.1148
32264,19,0.1511
32265,10,0.2042
32266,19,0.1226
32267,7,0.1839
32268,5,0.1615
32269,19,0.1303
32270,19,0.1697
32271,8,0.2386
32272,19,0.1256
32273,8,0.2226
32274,9,0.1533
32275,19,0.1502
32276,19,0.1248
32277,9,0.1477
32278,5,0.1899
32279,5,0.1571
32280,19,0.1306
32281,19,0.1825
32282,19,0.1939
32283,5,0.1749
32284,5,0.1033
32286,7,0.1373
32287,7,0.1596
32288,5,0.1199
32289,19,0.1147
32290,19,0.1352
32291,19,0.1834
32292,19,0.1184
32293,19,0.1058
32294,7,0.1640
32295,19,0.1590
32296,19,0.1347
32297,19,0.1390
32298,19,0.1638
32299,19,0.1705
32300,5,0.1741
32301,19,0.2403
32302,19,0.1373
32303,19,0.1656
32304,19,0.1170
32305,7,0.1822
32306,19,0.1606
32307,19,0.1952
32310,24,0.2002
32311,15,0.1196
32312,8,0.1357
32314,7,0.1882
32315,21,0.1569
32316,24,0.1385
32317,8,0.4414
32318,0,0.1627
32320,7,0.1715
32321,7,0.1830
32322,8,0.1038
32323,7,0.1634
32324,19,0.1130
32325,21,0.1314
32326,24,0.1240
32327,8,0.4766
32328,7,0.2385
32329,8,0.3295
32330,8,0.1805
32331,8,0.4844
32332,8,0.4635
32333,8,0.5255
32334,8,0.7806
32335,24,0.1737
32336,7,0.1688
32337,8,0.3379
32338,8,0.7455
32339,19,0.2077
32340,7,0.2471
32341,19,0.2045
32342,8,0.4024
32343,19,0.1345
32344,19,0.2289
32345,24,0.2656
32346,7,0.1708
32347,8,0.1880
32348,8,0.2100
32349,6,0.1745
32350,24,0.2768
32351,24,0.1525
32352,7,0.1497
32353,7,0.1302
32354,7,0.1141
32356,8,0.1373
32357,30,0.1079
32358,20,0.2055
32359,8,0.3363
32360,8,0.3555
32361,8,0.2547
32362,21,0.1801
32363,15,0.1484
32364,21,0.1404
32365,21,0.1485
32366,19,0.1563
32367,24,0.1225
32368,8,0.4617
32369,8,0.5822
32370,16,0.3736
32371,8,0.3390
32372,8,0.1968
32373,8,0.1559
32374,8,0.1553
32375,24,0.1395
32376,19,0.1196
32377,20,0.1887
32378,8,0.3255
32379,21,0.1106
32380,20,0.1438
32381,20,0.1304
32382,22,0.1927
32383,20,0.3363
32384,20,0.2092
32385,28,0.1922
32387,19,0.1975
32389,7,0.1932
32390,21,0.1286
32391,21,0.1435
32392,24,0.1431
32393,19,0.2085
32394,19,0.1167
32395,30,0.1776
32396,22,0.1417
32397,24,0.1505
32398,24,0.2850
32399,21,0.1760
32400,21,0.1934
32401,30,0.1906
32402,21,0.1514
32403,21,0.2348
32404,30,0.1476
32405,24,0.1919
32406,16,0.2944
32407,8,0.4317
32408,21,0.1244
32409,21,0.2218
32410,21,0.1707
32411,24,0.2196
32412,24,0.1581
32413,24,0.1675
32414,19,0.2101
32416,24,0.1462
32418,8,0.1683
32419,19,0.1470
32420,24,0.1499
32421,24,0.1594
32422,19,0.1764
32423,19,0.1441
32424,19,0.1558
32425,7,0.2484
32426,7,0.2506
32427,7,0.1731
32428,7,0.2626
32429,19,0.2011
32430,19,0.3010
32431,24,0.2555
32432,24,0.2420
32433,7,0.2721
32434,24,0.2087
32435,7,0.1860
32436,19,0.1761
32437,7,0.1595
32438,7,0.2123
32439,7,0.1899
32440,7,0.2094
32441,7,0.1818
32442,7,0.1886
32443,21,0.1814
32444,24,0.1759
32445,7,0.2266
32446,7,0.2045
32447,7,0.1801
32448,7,0.2045
32449,5,0.1988
32450,7,0.1193
32451,7,0.1594
32452,7,0.1424
32453,7,0.1397
32454,7,0.1988
32455,7,0.2623
32456,19,0.1796
32457,19,0.1539
32458,8,0.1614
32459,8,0.2466
32460,8,0.1649
32461,28,0.1172
32462,19,0.1190
32463,28,0.1805
32464,28,0.1636
32465,0,0.1198
32466,19,0.1474
32468,22,0.1548
32469,8,0.2186
32470,22,0.1678
32471,16,0.2059
32472,19,0.1854
32473,19,0.1464
32474,19,0.1265
32475,26,0.1375
32477,24,0.2004
32478,22,0.1327
32480,21,0.1602
32481,24,0.1903
32482,21,0.1593
32483,19,0.1169
32484,6,0.1152
32485,24,0.1936
32486,7,0.1587
32487,24,0.1937
32489,12,0.1236
32492,24,0.2275
32493,19,0.2615
32494,16,0.1741
32495,23,0.1749
32496,19,0.2054
32497,24,0.1870
32498,21,0.1699
32499,16,0.2416
32500,8,0.2469
32501,15,0.1486
32502,24,0.1634
32503,19,0.1928
32504,21,0.1356
32505,19,0.1522
32506,24,0.3522
32507,24,0.4698
32508,19,0.3210
32509,5,0.1761
32510,8,0.5548
32511,8,0.3633
32512,8,0.2256
32513,8,0.2420
32514,19,0.2204
32515,19,0.2121
32516,11,0.1085
32517,11,0.1918
32520,11,0.1588
32522,0,0.1133
32523,0,0.2051
32524,19,0.1662
32525,19,0.1275
32527,19,0.1109
32528,19,0.1124
32529,19,0.1287
32530,19,0.1244
32531,19,0.1474
32532,0,0.1112
32534,19,0.1612
32535,19,0.1457
32536,19,0.1418
32537,19,0.1147
32538,19,0.1275
32539,19,0.1495
32540,19,0.2241
32541,19,0.2001
32542,19,0.2116
32543,19,0.1762
32544,23,0.1175
32545,24,0.1385
32546,5,0.1332
32547,19,0.1408
32548,19,0.1983
32549,19,0.2116
32550,19,0.1201
32553,19,0.1344
32554,19,0.2110
32555,19,0.1828
32556,19,0.1501
32557,19,0.2262
32558,19,0.1875
32559,19,0.1903
32560,19,0.1205
32561,19,0.1323
32562,7,0.1778
32563,19,0.1328
32564,21,0.1380
32565,19,0.1600
32566,19,0.1732
32567,7,0.2411
32569,19,0.1090
32571,19,0.1251
32572,19,0.1531
32573,5,0.1185
32574,19,0.1503
32575,19,0.1314
32577,19,0.1666
32578,5,0.1289
32579,7,0.1552
32580,19,0.2368
32581,19,0.1780
32582,24,0.1335
32583,5,0.1564
32584,19,0.1332
32585,5,0.1659
32586,19,0.1110
32587,7,0.1657
32588,7,0.2216
32589,5,0.2092
32590,5,0.1266
32591,21,0.1202
32593,19,0.1316
32594,19,0.1621
32595,19,0.1818
32596,19,0.1681
32597,8,0.1838
32598,22,0.1255
32599,24,0.3053
32600,24,0.2656
32601,19,0.1462
32602,7,0.1630
32603,19,0.1875
32604,19,0.1435
32605,24,0.1410
32606,19,0.1887
32607,19,0.1512
32608,19,0.1305
32609,22,0.1144
32610,22,0.1628
32611,19,0.1904
32613,7,0.1760
32614,5,0.1591
32615,6,0.1103
32616,7,0.2231
32617,5,0.2134
32618,5,0.1820
32619,7,0.1319
32620,7,0.1054
32621,7,0.1277
32622,7,0.1427
32624,7,0.1664
32625,7,0.1134
32626,7,0.1417
32627,19,0.1450
32629,16,0.1350
32630,7,0.1638
32631,21,0.1289
32632,9,0.1070
32633,19,0.1463
32634,7,0.1210
32635,24,0.1502
32636,24,0.1069
32637,7,0.1493
32638,5,0.1141
32639,7,0.1548
32640,24,0.1970
32641,24,0.1551
32642,9,0.1541
32643,7,0.1561
32644,7,0.1537
32645,24,0.2132
32646,24,0.1282
32647,24,0.1521
32648,8,0.1728
32649,24,0.1436
32650,24,0.1348
32651,24,0.1597
32652,24,0.2057
32653,7,0.1418
32654,21,0.1408
32655,7,0.1563
32656,24,0.2193
32657,19,0.1581
32658,24,0.1519
32659,19,0.2068
32660,8,0.3156
32661,24,0.1628
32662,7,0.2437
32663,21,0.1599
32664,24,0.4628
32665,23,0.1115
32666,24,0.2594
32667,7,0.1752
32668,24,0.1925
32669,24,0.3889
32670,24,0.3199
32671,19,0.1575
32672,21,0.2321
32673,21,0.2553
32674,24,0.3549
32675,20,0.1315
32676,7,0.1353
32677,19,0.2144
32678,19,0.1643
32679,19,0.3609
32680,19,0.2072
32681,19,0.1319
32682,8,0.2562
32683,8,0.1383
32684,21,0.1384
32685,24,0.1866
32686,7,0.1502
32687,10,0.1138
32688,5,0.1945
32689,5,0.1520
32690,5,0.1644
32691,7,0.1406
32693,24,0.1257
32694,19,0.1909
32695,19,0.1876
32696,20,0.1374
32697,24,0.2656
32699,24,0.2886
32700,8,0.3093
32701,20,0.1803
32702,22,0.1437
32703,24,0.2585
32704,21,0.1619
32705,24,0.1506
32706,19,0.2002
32707,19,0.2451
32708,19,0.1356
32709,19,0.1362
32710,10,0.1452
32711,24,0.1459
32712,19,0.2432
32713,19,0.1751
32714,19,0.1902
32715,19,0.1318
32716,19,0.2345
32717,24,0.4299
32718,23,0.1223
32720,19,0.1269
32721,8,0.2772
32722,8,0.2677
32723,10,0.1488
32724,23,0.1227
32725,28,0.1633
32726,8,0.1515
32727,21,0.1974
32728,21,0.2192
32729,21,0.2630
32730,7,0.1849
32731,1,0.2235
32732,11,0.2061
32733,23,0.2029
32734,28,0.2893
32735,19,0.2154
32736,8,0.1583
32737,7,0.1485
32738,5,0.2761
32739,5,0.2473
32740,23,0.1374
32741,19,0.1385
32743,19,0.1460
32744,19,0.1561
32745,20,0.1693
32747,15,0.2023
32748,21,0.3098
32749,8,0.1835
32750,8,0.6113
32751,8,0.4764
32752,8,0.2832
32753,23,0.1946
32754,8,0.1890
32755,23,0.2278
32756,19,0.1579
32757,31,0.1257
32758,4,0.1314
32759,23,0.1532
32760,28,0.1568
32761,1,0.1770
32762,12,0.1035
32763,7,0.1631
32764,24,0.1438
32765,28,0.1371
32766,19,0.1354
32767,19,0.2057
32768,7,0.1584
32769,32,0.1539
32770,0,0.2443
32771,7,0.1132
32772,28,0.1300
32773,19,0.1167
32774,5,0.1995
32775,15,0.2114
32776,1,0.1479
32777,1,0.2030
32778,19,0.1154
32779,0,0.1528
32780,1,0.1480
32781,1,0.1716
32782,7,0.1615
32783,19,0.1156
32784,24,0.1209
32785,7,0.1809
32786,7,0.1028
32787,23,0.1405
32789,7,0.1874
32790,7,0.1605
32791,10,0.1394
32792,10,0.1791
32793,5,0.1777
32794,7,0.1436
32795,7,0.1252
32796,19,0.1033
32797,5,0.1410
32798,0,0.2346
32799,0,0.1747
32800,28,0.1418
32801,31,0.1275
32802,7,0.1571
32803,7,0.1883
32804,0,0.2093
32805,32,0.1554
32806,5,0.1180
32807,7,0.1553
32808,7,0.1754
32809,24,0.2233
32810,5,0.1850
32811,5,0.1064
32812,5,0.2253
32813,7,0.1186
32814,5,0.1819
32815,19,0.1805
32816,19,0.1347
32817,23,0.1096
32818,19,0.2230
32819,19,0.1759
32820,23,0.1740
32821,19,0.1133
32822,19,0.1959
32823,23,0.1519
32824,24,0.1154
32825,7,0.1905
32826,24,0.2293
32827,24,0.1498
32830,23,0.1402
32831,23,0.1190
32833,24,0.3117
32834,30,0.1119
32835,30,0.1250
32836,6,0.1514
32837,7,0.2500
32838,32,0.1183
32839,22,0.1190
32840,24,0.1784
32841,7,0.1084
32843,24,0.3814
32845,25,0.1209
32847,23,0.1209
32848,1,0.1430
32849,19,0.1272
32851,24,0.1405
32852,6,0.1045
32853,19,0.1868
32854,12,0.1315
32855,26,0.1203
32856,28,0.1499
32857,28,0.2231
32858,8,0.2205
32859,10,0.1678
32860,9,0.1539
32861,19,0.1522
32862,24,0.1025
32863,6,0.1460
32864,4,0.1617
32865,19,0.1087
32866,7,0.1335
32867,7,0.1372
32868,7,0.1621
32869,24,0.3419
32870,19,0.1382
32871,21,0.1901
32872,24,0.1668
32873,23,0.1205
32874,8,0.1194
32875,19,0.1136
32876,24,0.2075
32877,19,0.2447
32879,27,0.1068
32881,19,0.1586
32883,16,0.2727
32884,20,0.2521
32885,25,0.2142
32886,31,0.1149
32889,7,0.1890
32891,7,0.1414
32892,7,0.1620
32893,21,0.1782
32894,24,0.3240
32895,24,0.2836
32896,21,0.2017
32897,21,0.2249
32898,24,0.1961
32899,24,0.2023
32900,24,0.2180
32901,24,0.2021
32902,21,0.2419
32903,21,0.2548
32904,7,0.1719
32905,21,0.1631
32906,21,0.1629
32907,21,0.1594
32908,8,0.1758
32909,24,0.3337
32910,7,0.1431
32911,21,0.1249
32912,21,0.1278
32913,24,0.3187
32914,24,0.2003
32915,7,0.1473
32916,7,0.1490
32917,8,0.2417
32918,21,0.2520
32919,24,0.2387
32920,24,0.2962
32921,8,0.2084
32922,24,0.2615
32923,24,0.3189
32924,24,0.2003
32925,24,0.3155
32926,24,0.2195
32927,8,0.3379
32928,24,0.2115
32929,7,0.1842
32930,7,0.1474
32931,24,0.1536
32932,7,0.1551
32933,19,0.1275
32934,24,0.1106
32935,7,0.1437
32936,10,0.1358
32937,8,0.4081
32938,19,0.1806
32939,8,0.1469
32940,24,0.1574
32941,8,0.2301
32942,24,0.2048
32943,24,0.2039
32944,24,0.1606
32945,24,0.2484
32946,24,0.2790
32947,24,0.3446
32948,24,0.2521
32949,5,0.1703
32950,24,0.1861
32951,19,0.1898
32952,21,0.1831
32953,24,0.3436
32954,24,0.3986
32955,21,0.2160
32956,7,0.2470
32957,21,0.1945
32958,19,0.1903
32959,24,0.2318
32960,19,0.3228
32961,8,0.2948
32962,8,0.3100
32963,19,0.1663
32965,19,0.1473
32966,19,0.1258
32967,5,0.1483
32968,8,0.1365
32969,5,0.1338
32970,19,0.2038
32971,23,0.1553
32972,23,0.1900
32973,19,0.1980
32974,19,0.1436
32975,19,0.2541
32976,7,0.1978
32977,5,0.1779
32978,19,0.1657
32979,24,0.2345
32980,7,0.2205
32981,7,0.1823
32982,7,0.2176
32983,5,0.1665
32984,23,0.1397
32985,19,0.1349
32986,21,0.1866
32987,21,0.1688
32988,21,0.1248
32989,1,0.2954
32990,0,0.2372
32991,7,0.3027
32992,21,0.1616
32993,21,0.1909
32994,21,0.2844
32995,7,0.1584
32996,19,0.2030
32997,19,0.2089
32998,16,0.2515
32999,23,0.1324
33000,19,0.2127
33001,19,0.1513
33002,21,0.1515
33003,23,0.2085
33004,19,0.1300
33005,19,0.1262
33007,23,0.1453
33008,19,0.1278
33009,21,0.2638
33010,21,0.1343
33011,8,0.1507
33012,21,0.2069
33013,8,0.4413
33014,8,0.6688
33015,8,0.1503
33016,7,0.2001
33017,19,0.2130
33018,21,0.2018
33019,8,0.2759
33020,8,0.4454
33021,21,0.2050
33022,8,0.3210
33023,16,0.4527
33024,16,0.3388
33025,8,0.2069
33026,8,0.1778
33027,8,0.5685
33028,10,0.2299
33029,8,0.5236
33030,8,0.3075
33031,8,0.4327
33032,0,0.5265
33033,8,0.1333
33034,19,0.1808
33035,21,0.1900
33036,7,0.1985
33037,15,0.1816
33038,11,0.1829
33039,11,0.2638
33040,21,0.1807
33041,23,0.1646
33042,16,0.2864
33043,16,0.4323
33044,24,0.1873
33045,21,0.2187
33046,21,0.2507
33047,21,0.2066
33048,16,0.3953
33050,21,0.1671
33051,8,0.1459
33052,16,0.1970
33053,23,0.1417
33054,19,0.1261
33055,16,0.2088
33056,16,0.2929
33057,0,0.4069
33058,0,0.2415
33059,10,0.1441
33060,8,0.1795
33061,21,0.1277
33062,19,0.1935
33063,21,0.1507
33064,0,0.3571
33065,21,0.1247
33066,0,0.2977
33067,16,0.1296
33068,21,0.2069
33069,21,0.2578
33070,21,0.1621
33071,8,0.3474
33072,8,0.1872
33073,19,0.1530
33074,19,0.1911
33075,19,0.1041
33076,19,0.1597
33077,24,0.1807
33078,24,0.1513
33079,23,0.1046
33080,19,0.1260
33081,19,0.1523
33082,7,0.2046
33083,7,0.1694
33084,7,0.2025
33085,24,0.2051
33086,21,0.1896
33087,15,0.2006
33089,19,0.1238
33090,19,0.1261
33091,7,0.1927
33092,24,0.1690
33093,19,0.1204
33094,23,0.1318
33095,19,0.1258
33096,21,0.1372
33097,8,0.2626
33098,21,0.1474
33099,21,0.1693
33100,21,0.1515
33101,21,0.1501
33102,22,0.2170
33103,16,0.1918
33104,16,0.3360
33105,8,0.1411
33106,7,0.1331
33107,21,0.2310
33108,24,0.1280
33109,20,0.1294
33110,8,0.4078
33111,8,0.1546
33112,23,0.1261
33113,24,0.1454
33114,19,0.1800
33115,21,0.1679
33116,16,0.2321
33117,8,0.2304
33118,8,0.1783
33119,19,0.1885
33120,19,0.1806
33121,15,0.1773
33122,7,0.1361
33123,19,0.1861
33124,19,0.1602
33125,21,0.1148
33126,21,0.2000
33127,21,0.2064
33128,8,0.2194
33129,21,0.2142
33130,7,0.2645
33131,21,0.1534
33132,21,0.1773
33133,21,0.2202
33134,21,0.1769
33135,21,0.1786
33136,19,0.1639
33137,7,0.2244
33138,24,0.2368
33139,21,0.1951
33140,7,0.1265
33141,28,0.2080
33142,28,0.2059
33143,24,0.2517
33144,21,0.2507
33145,20,0.1089
33146,16,0.1712
33147,8,0.2091
33148,8,0.2313
33149,21,0.1474
33150,19,0.1588
33151,21,0.1796
33152,21,0.1801
33153,24,0.1190
33154,7,0.1396
33155,7,0.1915
33156,7,0.1814
33157,7,0.2048
33158,7,0.1938
33159,21,0.1549
33160,7,0.1652
33161,7,0.1568
33162,24,0.1843
33163,24,0.1529
33164,24,0.1411
33165,24,0.1553
33166,24,0.1596
33167,24,0.1523
33168,21,0.1464
33169,21,0.1498
33170,24,0.1869
33171,24,0.1158
33172,24,0.1834
33173,21,0.1544
33174,21,0.1351
33175,7,0.1764
33176,7,0.1034
33177,8,0.5225
33178,8,0.7919
33179,0,0.1190
33180,5,0.1114
33181,8,0.4239
33182,8,0.7101
33183,16,0.4316
33184,19,0.1192
33185,21,0.1175
33186,7,0.1521
33187,7,0.1459
33188,7,0.1549
33189,7,0.1417
33190,24,0.1197
33191,24,0.1520
33192,24,0.3382
33193,24,0.3754
33195,8,0.2192
33196,8,0.4261
33198,15,0.1703
33200,28,0.1370
33202,7,0.1295
33203,8,0.1151
33205,12,0.1768
33206,32,0.2334
33207,5,0.1342
33209,8,0.5487
33210,11,0.2136
33211,7,0.1305
33214,24,0.1046
33215,24,0.1104
33216,24,0.1174
33217,24,0.1086
33218,24,0.3135
33219,24,0.1685
33220,8,0.1953
33221,0,0.2410
33222,7,0.2007
33223,8,0.6293
33224,8,0.2584
33225,7,0.1313
33227,21,0.1668
33228,21,0.1408
33229,19,0.1556
33230,19,0.1207
33231,5,0.1070
33232,21,0.1235
33233,22,0.1403
33235,5,0.1167
33236,5,0.1060
33237,8,0.1409
33238,19,0.1086
33239,7,0.1178
33240,21,0.1107
33241,21,0.1239
33242,8,0.2526
33244,21,0.1076
33245,21,0.1049
33246,21,0.1061
33248,8,0.6704
33249,21,0.1143
33251,7,0.1159
33253,16,0.3105
33254,8,0.6249
33256,7,0.1253
33258,21,0.1265
33259,8,0.2019
33260,8,0.5122
33261,7,0.1350
33262,24,0.1044
33263,21,0.1126
33264,16,0.1286
33265,8,0.3882
33266,21,0.1291
33268,22,0.1561
33271,8,0.1421
33272,21,0.1611
33273,21,0.1330
33274,8,0.2361
33275,8,0.1302
33276,7,0.1216
33277,21,0.1123
33278,8,0.1651
33279,8,0.1753
33280,24,0.1348
33281,21,0.1416
33283,8,0.2879
33284,8,0.1302
33285,21,0.1092
33286,21,0.1190
33287,21,0.1227
33288,19,0.1647
33289,7,0.1248
33290,5,0.1454
33292,7,0.1053
33293,19,0.1794
33295,5,0.1410
33296,21,0.1256
33297,7,0.1280
33298,11,0.3015
33299,1,0.1376
33303,32,0.1163
33304,1,0.2389
33305,21,0.1141
33306,1,0.2247
33307,1,0.2273
33309,21,0.1339
33310,21,0.1184
33311,1,0.2573
33312,1,0.1908
33313,1,0.3538
33314,0,0.1473
33315,21,0.1265
33317,1,0.1925
33318,21,0.1345
33320,1,0.2252
33321,24,0.1415
33324,7,0.1619
33326,8,0.1924
33327,7,0.1064
33328,21,0.1410
33329,7,0.1488
33330,19,0.1143
33331,8,0.2790
33332,0,0.1146
33333,7,0.1308
33334,21,0.1310
33335,21,0.1441
33336,0,0.1788
33337,7,0.1906
33339,5,0.1086
33340,8,0.1142
33341,8,0.2774
33342,7,0.1858
33343,21,0.1034
33345,19,0.1789
33346,7,0.1165
33347,8,0.1090
33348,8,0.4017
33349,8,0.1931
33350,21,0.1447
33351,21,0.1193
33354,19,0.1521
33355,21,0.1053
33357,5,0.1618
33358,19,0.1203
33359,7,0.1306
33360,24,0.1085
33361,24,0.1161
33362,24,0.1278
33363,24,0.1159
33364,24,0.1031
33365,24,0.1670
33366,24,0.1922
33367,24,0.1978
33368,0,0.1946
33369,0,0.4268
33370,7,0.1766
33371,24,0.2837
33372,24,0.2148
33373,21,0.1560
33374,21,0.1463
33375,21,0.1655
33376,1,0.1518
33377,8,0.6925
33378,4,0.3829
33379,32,0.1251
33380,7,0.1596
33381,21,0.1696
33382,21,0.1539
33383,21,0.1195
33384,21,0.1402
33385,19,0.1368
33386,8,0.3415
33387,0,0.1091
33388,7,0.1496
33389,24,0.1612
33390,21,0.1111
33391,21,0.1297
33392,24,0.1255
33393,21,0.1328
33394,24,0.1295
33395,24,0.1553
33396,24,0.1455
33397,32,0.1101
33398,1,0.1480
33399,16,0.1515
33400,25,0.1748
33401,8,0.6150
33402,0,0.3897
33403,7,0.1664
33404,21,0.1569
33405,24,0.1323
33406,24,0.1363
33407,24,0.1484
33408,24,0.1453
33409,21,0.1724
33410,21,0.1157
33411,24,0.1272
33412,21,0.1359
33413,24,0.1110
33414,24,0.1451
33415,21,0.1457
33416,21,0.1226
33417,0,0.2206
33418,4,0.2073
33420,8,0.1835
33421,25,0.1399
33423,0,0.1857
33424,5,0.1075
33425,21,0.1309
33426,11,0.1775
33427,0,0.3191
33428,0,0.1485
33429,7,0.1570
33430,21,0.1433
33431,1,0.1788
33432,8,0.4265
33433,0,0.2234
33434,7,0.1587
33435,21,0.1556
33436,21,0.1140
33437,8,0.3394
33438,0,0.1538
33439,24,0.2556
33440,21,0.1799
33441,8,0.2850
33442,28,0.1209
33443,5,0.1242
33444,7,0.1150
33445,8,0.1979
33446,0,0.5232
33447,0,0.2790
33448,7,0.1705
33449,0,0.3218
33450,0,0.3582
33451,24,0.1453
33452,21,0.1382
33453,8,0.8511
33454,8,0.2910
33455,19,0.1330
33457,8,0.4536
33458,25,0.1168
33460,0,0.1844
33461,11,0.2110
33462,7,0.1780
33463,7,0.1047
33464,8,0.5543
33465,0,0.1419
33466,7,0.1284
33467,8,0.2236
33468,8,0.4276
33471,8,0.6469
33472,4,0.3912
33473,11,0.1374
33474,8,0.1674
33475,8,0.6269
33476,24,0.2406
33477,21,0.1102
33479,24,0.1106
33480,24,0.1157
33481,21,0.1258
33482,24,0.1520
33483,24,0.1205
33484,24,0.1205
33485,30,0.1335
33486,21,0.1570
33487,24,0.1392
33488,24,0.1387
33489,8,0.3597
33490,8,0.1908
33491,21,0.1040
33493,24,0.1345
33494,16,0.1944
33495,8,0.6572
33496,7,0.3072
33497,7,0.1323
33498,24,0.1148
33499,24,0.1104
33500,0,0.2497
33501,8,0.2359
33502,7,0.1739
33504,24,0.1076
33505,24,0.1271
33506,8,0.1187
33507,8,0.3273
33508,7,0.1543
33509,24,0.1054
33510,24,0.1264
33511,24,0.1200
33512,8,0.4228
33513,8,0.2692
33514,24,0.1129
33515,24,0.1050
33516,8,0.2553
33517,8,0.5975
33518,7,0.2286
33519,8,0.1058
33520,0,0.1351
33521,24,0.1516
33522,0,0.1212
33523,8,0.3411
33524,21,0.1222
33525,21,0.1236
33526,8,0.1783
33527,8,0.3599
33528,24,0.1298
33529,21,0.1205
33530,24,0.1901
33531,21,0.1058
33532,7,0.1175
33533,24,0.2173
33534,24,0.1867
33535,8,0.1942
33536,8,0.5033
33537,24,0.1781
33538,21,0.1056
33539,24,0.1240
33540,30,0.2064
33541,11,0.3014
33542,21,0.1390
33543,21,0.1224
33544,24,0.1184
33546,30,0.1424
33547,7,0.1836
33548,7,0.1270
33549,21,0.1269
33550,30,0.1270
33551,11,0.1249
33552,7,0.1338
33553,21,0.1148
33554,24,0.1052
33556,7,0.1185
33559,24,0.1295
33560,24,0.1183
33561,7,0.1259
33562,7,0.1363
33563,21,0.1256
33564,30,0.1654
33565,7,0.2355
33566,7,0.2294
33567,21,0.1248
33568,20,0.1097
33569,19,0.1041
33570,7,0.1277
33571,7,0.1033
33572,7,0.1206
33573,8,0.4525
33574,0,0.1863
33575,7,0.1658
33576,24,0.1576
33577,24,0.1760
33578,8,0.3500
33579,16,0.1493
33580,21,0.1043
33581,21,0.1150
33582,21,0.1239
33583,24,0.1032
33584,0,0.2733
33585,7,0.1542
33586,7,0.1211
33587,21,0.1459
33588,8,0.3291
33589,11,0.1035
33590,7,0.1894
33591,21,0.1258
33592,24,0.1738
33593,19,0.1808
33594,7,0.1702
33595,21,0.1291
33596,24,0.2179
33597,21,0.2308
33598,7,0.1808
33599,21,0.1688
33600,21,0.1398
33601,21,0.1610
33602,7,0.1523
33603,21,0.1221
33604,24,0.1374
33605,8,0.1747
33606,19,0.1457
33607,24,0.1239
33608,24,0.2540
33609,24,0.2209
33610,21,0.1486
33611,0,0.1375
33612,0,0.1853
33613,0,0.1596
33614,21,0.1944
33615,8,0.2080
33616,0,0.1099
33617,24,0.2074
33618,24,0.2967
33619,21,0.1837
33620,21,0.2267
33621,0,0.3186
33622,0,0.2150
33623,7,0.1206
33624,21,0.1594
33625,24,0.1905
33626,24,0.4699
33627,24,0.4530
33628,24,0.2373
33629,11,0.1895
33630,0,0.4358
33631,25,0.1428
33632,7,0.1513
33633,0,0.3938
33634,0,0.1968
33635,7,0.1442
33636,21,0.1698
33637,21,0.1756
33638,8,0.3061
33639,0,0.2231
33640,7,0.1905
33641,0,0.1692
33642,30,0.1031
33643,8,0.2320
33644,4,0.8491
33645,7,0.1307
33646,7,0.1096
33647,25,0.1691
33648,24,0.2100
33649,24,0.4957
33650,24,0.2525
33651,21,0.1584
33652,21,0.1836
33653,21,0.1797
33654,11,0.1174
33655,11,0.1037
33656,8,0.1250
33657,11,0.1239
33658,21,0.1253
33659,0,0.1443
33660,32,0.1197
33664,0,0.1477
33665,7,0.1728
33666,7,0.1576
33667,7,0.1536
33668,21,0.1775
33669,21,0.1489
33670,0,0.1672
33672,21,0.1784
33673,4,0.3306
33674,4,0.4050
33675,24,0.1634
33676,21,0.1809
33677,0,0.3944
33678,0,0.2560
33679,7,0.1596
33680,7,0.1632
33681,24,0.1973
33682,11,0.1546
33683,25,0.1478
33684,24,0.1690
33685,11,0.1370
33686,7,0.1237
33687,24,0.1974
33688,21,0.1982
33689,0,0.2282
33690,11,0.3051
33691,21,0.1491
33692,21,0.1674
33693,21,0.1275
33694,11,0.1447
33695,24,0.2604
33696,21,0.1658
33697,7,0.1887
33699,7,0.1307
33700,7,0.1472
33702,30,0.1457
33703,24,0.2226
33704,21,0.1268
33705,30,0.1155
33706,7,0.2124
33707,7,0.1928
33708,21,0.1386
33709,3,0.1123
33710,25,0.1350
33711,7,0.1542
33713,1,0.1755
33714,7,0.1942
33715,7,0.1587
33716,0,0.1355
33717,11,0.1903
33718,7,0.2005
33720,11,0.1455
33721,7,0.1661
33722,7,0.2305
33723,7,0.1215
33725,21,0.1506
33726,8,0.2096
33727,8,0.2919
33728,8,0.3699
33729,9,0.1763
33730,8,0.2544
33731,8,0.2418
33732,19,0.2138
33733,23,0.1602
33734,9,0.1297
33735,8,0.2193
33736,19,0.1927
33737,19,0.1771
33738,23,0.1208
33739,12,0.1442
33740,14,0.1194
33741,5,0.1672
33742,12,0.1226
33743,5,0.1905
33744,5,0.1795
33745,19,0.1590
33746,5,0.1845
33747,5,0.2257
33748,5,0.2098
33749,5,0.2172
33750,6,0.1385
33751,5,0.3078
33752,19,0.1317
33753,6,0.1131
33755,19,0.2158
33756,8,0.1938
33757,31,0.1409
33758,5,0.1170
33759,9,0.1661
33760,8,0.3185
33761,8,0.5748
33762,21,0.1446
33763,19,0.2100
33764,19,0.3338
33765,19,0.3241
33766,19,0.2419
33767,16,0.1882
33768,16,0.3600
33769,23,0.1514
33770,16,0.2432
33771,19,0.2040
33772,19,0.1196
33773,7,0.1281
33774,9,0.2118
33775,9,0.2155
33776,19,0.2303
33777,23,0.1570
33778,19,0.1941
33779,19,0.1816
33780,9,0.2053
33781,19,0.1775
33782,19,0.1747
33783,19,0.2550
33784,19,0.2325
33785,19,0.1618
33786,19,0.1780
33787,19,0.2069
33788,19,0.2660
33789,19,0.1972
33790,8,0.5621
33791,8,0.3184
33792,19,0.2261
33793,9,0.2061
33794,9,0.1648
33795,16,0.3409
33796,8,0.3308
33797,10,0.2117
33798,19,0.1798
33799,9,0.1911
33800,19,0.1307
33801,19,0.1856
33802,5,0.2744
33803,0,0.3975
33804,0,0.6481
33805,15,0.2398
33806,7,0.2203
33807,19,0.1722
33808,19,0.1402
33809,9,0.1689
33810,19,0.1578
33811,23,0.1589
33812,9,0.2305
33813,19,0.2147
33815,19,0.1656
33816,19,0.1898
33817,19,0.1828
33818,23,0.2119
33819,9,0.2055
33820,8,0.5897
33821,8,0.4737
33822,19,0.2059
33823,28,0.1778
33824,19,0.1752
33825,19,0.1498
33827,23,0.1142
33828,19,0.1429
33829,19,0.1685
33830,19,0.1425
33831,9,0.2355
33832,23,0.1658
33833,23,0.1686
33834,23,0.1430
33835,9,0.2872
33836,19,0.1983
33837,5,0.2263
33838,19,0.1705
33839,28,0.1230
33840,19,0.1144
33841,5,0.1423
33842,5,0.2549
33843,9,0.1276
33844,5,0.3104
33845,5,0.1378
33846,19,0.1533
33847,7,0.1478
33848,19,0.2094
33849,15,0.1617
33850,9,0.2273
33851,19,0.1213
33852,5,0.1298
33854,9,0.1225
33855,9,0.1626
33856,5,0.1447
33857,12,0.1251
33858,12,0.2043
33859,32,0.1846
33861,12,0.1394
33864,2,0.2229
33865,31,0.1360
33866,12,0.1370
33867,27,0.1198
33868,28,0.1241
33869,23,0.1207
33871,4,0.1701
33872,4,0.1189
33873,19,0.1456
33874,5,0.2925
33875,9,0.2861
33876,9,0.2534
33877,5,0.1984
33878,19,0.1476
33879,19,0.1143
33881,4,0.1248
33882,5,0.2184
33883,5,0.1974
33885,9,0.1124
33886,9,0.1146
33887,5,0.1320
33888,5,0.1843
33889,5,0.3204
33890,5,0.2825
33891,5,0.2209
33892,5,0.1990
33893,5,0.1387
33894,5,0.1231
33895,23,0.1257
33896,5,0.1107
33897,5,0.2742
33898,7,0.1947
33899,9,0.1855
33900,9,0.2202
33901,9,0.1453
33903,9,0.1623
33904,9,0.1454
33905,5,0.3190
33906,5,0.1714
33907,5,0.2024
33908,9,0.1650
33909,9,0.2056
33911,5,0.1662
33912,19,0.1121
33913,6,0.1651
33914,5,0.1850
33915,5,0.1755
33916,5,0.1209
33917,9,0.1803
33918,5,0.1832
33919,5,0.2373
33920,5,0.2015
33921,5,0.1469
33922,19,0.1629
33923,9,0.1080
33924,5,0.1388
33925,23,0.1142
33926,5,0.1410
33928,5,0.1306
33929,9,0.1637
33930,7,0.1599
33931,8,0.1685
33932,8,0.3147
33933,7,0.1669
33934,8,0.1786
33935,9,0.1514
33936,8,0.2313
33937,8,0.2102
33938,8,0.1551
33939,19,0.1627
33940,5,0.1934
33941,5,0.2197
33942,5,0.1276
33943,7,0.1244
33944,5,0.1723
33945,21,0.1978
33946,8,0.1978
33947,7,0.1565
33948,5,0.2789
33949,7,0.1462
33950,9,0.2822
33951,19,0.1866
33952,8,0.1503
33953,21,0.1626
33954,8,0.2403
33955,8,0.2017
33956,8,0.1646
33957,8,0.2871
33958,9,0.2007
33959,5,0.1237
33960,7,0.1653
33961,5,0.1608
33962,19,0.2155
33963,19,0.1213
33964,8,0.5624
33965,8,0.5162
33966,19,0.1487
33967,19,0.1497
33968,21,0.1275
33969,19,0.2028
33970,8,0.3868
33971,8,0.4287
33972,19,0.1606
33973,24,0.1504
33974,7,0.2150
33975,21,0.1466
33976,9,0.1858
33977,7,0.2350
33978,7,0.1727
33979,7,0.1187
33980,7,0.1749
33981,7,0.1529
33983,23,0.1562
33984,8,0.3318
33985,16,0.3678
33986,21,0.3055
33987,21,0.2507
33988,7,0.1724
33989,7,0.1612
33990,7,0.1610
33991,7,0.1784
33992,7,0.2230
33994,5,0.1744
33995,5,0.1439
33996,8,0.1555
33997,19,0.1553
33998,23,0.1063
33999,23,0.2826
34000,8,0.2610
34001,8,0.1912
34002,9,0.1610
34003,9,0.1954
34004,9,0.1528
34005,19,0.2185
34006,21,0.2531
34007,7,0.1407
34008,19,0.2394
34009,19,0.1935
34010,5,0.1431
34011,7,0.2094
34012,7,0.1386
34013,21,0.1135
34014,21,0.1256
34015,7,0.2344
34016,7,0.1614
34017,5,0.1736
34018,7,0.1502
34019,8,0.1473
34020,8,0.1630
34021,9,0.1853
34022,23,0.1605
34023,8,0.1734
34024,9,0.2477
34025,7,0.1393
34026,7,0.1740
34027,5,0.1623
34028,9,0.1159
34029,9,0.2548
34030,19,0.1528
34031,8,0.1801
34032,19,0.1571
34033,5,0.1735
34034,9,0.2315
34035,9,0.4188
34036,9,0.3566
34037,9,0.2046
34038,9,0.1210
34039,9,0.2578
34040,8,0.3016
34041,8,0.2576
34042,9,0.1693
34043,7,0.1264
34044,21,0.1452
34045,21,0.1135
34046,8,0.4017
34047,21,0.2159
34048,8,0.3143
34049,8,0.1590
34050,21,0.1399
34051,24,0.2308
34052,20,0.1537
34054,31,0.1140
34055,24,0.1181
34056,21,0.1280
34057,16,0.1274
34058,24,0.1237
34060,0,0.2099
34061,16,0.1632
34062,31,0.1129
34063,0,0.1445
34064,0,0.1047
34065,30,0.1484
34066,24,0.3981
34067,21,0.2145
34068,21,0.1668
34069,7,0.2328
34070,7,0.1428
34071,21,0.2881
34072,7,0.2288
34073,7,0.2358
34074,19,0.1251
34075,7,0.1783
34076,7,0.1861
34077,7,0.1404
34078,7,0.1967
34079,7,0.2779
34080,8,0.1826
34081,8,0.4431
34082,21,0.3035
34083,8,0.4081
34084,8,0.6688
34085,8,0.7829
34086,8,0.4390
34087,8,0.5600
34088,8,0.8332
34089,21,0.2602
34090,21,0.2340
34091,21,0.2321
34092,21,0.2674
34095,8,0.4949
34096,16,0.1205
34097,19,0.1520
34098,8,0.4438
34099,16,0.2503
34100,19,0.1610
34101,9,0.2110
34102,8,0.5332
34103,0,0.2950
34104,11,0.1883
34105,8,0.3652
34106,8,0.8733
34107,8,0.6684
34108,8,0.2418
34109,21,0.1409
34110,8,0.1890
34111,8,0.2769
34112,8,0.2691
34113,8,0.3845
34114,0,0.2702
34115,11,0.1555
34116,21,0.1306
34118,5,0.1131
34119,5,0.2763
34120,7,0.2222
34121,21,0.1777
34122,7,0.1502
34123,7,0.1906
34124,7,0.1650
34125,7,0.2456
34126,7,0.2491
34127,21,0.1809
34128,21,0.1570
34129,21,0.1612
34130,21,0.1740
34131,33,0.3846
34133,19,0.1071
34134,16,0.3605
34135,16,0.4061
34136,4,0.7097
34137,33,0.5414
34138,21,0.1230
34139,19,0.1170
34140,31,0.1544
34141,16,0.1643
34142,3,0.1090
34145,19,0.1571
34146,5,0.3414
34147,7,0.3136
34148,21,0.1998
34149,0,0.1192
34150,1,0.1471
34152,4,0.2976
34153,4,0.6169
34154,7,0.1908
34155,7,0.2227
34156,32,0.1072
34157,5,0.1484
34158,7,0.1824
34159,15,0.1152
34160,15,0.1707
34161,7,0.2044
34162,7,0.2183
34163,21,0.1400
34164,7,0.1743
34165,24,0.1314
34166,24,0.1350
34167,24,0.2632
34169,11,0.1499
34170,7,0.2333
34171,8,0.5286
34172,16,0.5254
34173,8,0.4523
34175,0,0.1949
34176,0,0.2864
34177,11,0.1115
34178,11,0.1455
34179,7,0.2107
34180,15,0.1588
34181,19,0.2290
34182,19,0.1994
34183,19,0.1638
34184,8,0.6044
34185,8,0.5072
34186,7,0.1438
34187,7,0.1921
34188,7,0.1563
34189,5,0.1192
34190,5,0.1782
34191,5,0.2628
34192,19,0.1306
34193,7,0.1311
34195,5,0.1306
34196,5,0.1601
34197,7,0.1238
34198,7,0.1792
34201,0,0.1194
34202,5,0.1802
34203,5,0.1908
34204,5,0.1863
34205,7,0.1554
34206,21,0.2357
34207,7,0.1957
34208,21,0.1055
34209,7,0.1339
34210,5,0.2128
34211,21,0.1240
34212,7,0.1765
34213,19,0.1172
34214,15,0.2378
34215,21,0.2383
34216,31,0.1892
34217,19,0.1479
34218,21,0.1989
34219,21,0.1746
34220,21,0.1374
34221,21,0.2083
34222,7,0.3153
34223,7,0.2453
34224,21,0.2120
34225,21,0.2017
34226,23,0.1454
34227,24,0.2121
34228,24,0.3960
34229,7,0.1845
34230,7,0.2113
34231,24,0.1073
34232,24,0.1467
34233,21,0.1167
34234,7,0.1755
34235,7,0.1275
34236,7,0.1169
34237,7,0.1360
34238,7,0.1744
34239,7,0.1352
34240,7,0.1157
34241,21,0.1457
34242,21,0.1399
34243,7,0.1225
34244,21,0.1549
34245,21,0.1544
34246,7,0.1171
34247,5,0.1534
34248,19,0.2091
34249,19,0.1418
34250,16,0.2018
34251,0,0.1506
34253,21,0.1198
34254,7,0.1034
34255,9,0.1399
34256,5,0.1500
34258,7,0.1176
34259,8,0.1251
34260,21,0.2510
34261,21,0.1224
34262,5,0.1118
34263,21,0.1193
34264,7,0.1159
34265,7,0.1060
34266,21,0.1210
34267,21,0.1234
34268,7,0.1101
34271,24,0.1045
34272,24,0.1147
34273,8,0.2058
34274,8,0.3086
34275,7,0.2103
34276,7,0.1293
34277,7,0.1192
34278,21,0.1464
34281,21,0.1302
34282,7,0.1490
34283,10,0.1681
34284,24,0.2096
34285,21,0.1403
34286,21,0.1623
34287,7,0.1271
34288,19,0.1580
34290,5,0.1201
34291,7,0.1171
34293,7,0.1070
34294,1,0.1043
34295,33,0.1267
34296,31,0.1341
34297,0,0.2155
34298,19,0.2123
34299,19,0.1123
34302,19,0.1306
34303,0,0.1051
34306,32,0.2146
34307,0,0.1123
34308,29,0.1400
34309,33,0.1303
34310,0,0.1491
34311,1,0.1501
34312,4,0.1851
34313,4,0.1912
34314,0,0.1310
34315,21,0.1276
34316,27,0.1585
34317,23,0.1574
34318,23,0.1458
34319,22,0.1715
34321,19,0.1418
34322,24,0.1338
34323,8,0.2853
34324,8,0.7576
34325,20,0.1114
34326,22,0.2118
34327,23,0.1776
34328,22,0.2071
34329,20,0.2065
34330,23,0.1812
34331,4,0.2223
34332,22,0.1207
34333,22,0.1694
34334,23,0.1666
34335,22,0.1459
34336,24,0.1718
34337,23,0.1193
34339,7,0.1490
34340,23,0.1274
34342,5,0.1479
34343,9,0.1336
34344,5,0.1493
34345,23,0.1039
34346,4,0.1439
34347,5,0.1080
34348,8,0.4306
34349,16,0.3218
34350,9,0.1210
34352,19,0.1080
34354,23,0.1248
34356,22,0.1696
34359,5,0.1082
34360,5,0.1735
34361,5,0.1411
34363,1,0.1182
34364,23,0.1139
34365,23,0.1253
34366,23,0.1540
34368,1,0.1457
34369,9,0.1054
34370,8,0.1084
34372,22,0.1341
34374,23,0.1996
34375,23,0.1499
34376,22,0.1326
34377,23,0.1058
34378,22,0.1844
34379,23,0.1245
34380,19,0.1078
34381,8,0.1540
34382,23,0.1036
34383,23,0.1200
34385,3,0.1738
34386,4,0.1535
34387,23,0.1353
34388,8,0.2194
34391,8,0.1612
34392,8,0.3676
34393,9,0.1701
34394,9,0.1520
34395,9,0.1036
34396,9,0.2793
34397,9,0.2914
34398,5,0.1338
34399,9,0.1892
34400,5,0.1219
34402,5,0.2799
34403,9,0.2682
34404,9,0.1822
34405,5,0.2203
34406,9,0.1559
34407,5,0.1710
34408,5,0.1124
34409,9,0.1646
34410,5,0.1559
34411,6,0.1097
34412,9,0.1625
34413,9,0.2150
34414,9,0.1080
34415,6,0.1065
34416,6,0.1214
34417,5,0.2483
34419,9,0.1268
34420,5,0.2064
34421,5,0.1256
34422,9,0.1091
34423,22,0.1920
34424,8,0.7729
34425,8,0.5374
34426,20,0.2620
34427,20,0.2275
34428,16,0.3120
34429,16,0.3423
34430,16,0.3543
34431,20,0.4580
34432,20,0.4298
34433,20,0.3127
34434,20,0.3372
34435,20,0.2395
34436,20,0.2958
34437,20,0.3094
34438,27,0.1336
34439,6,0.1257
34440,23,0.1935
34441,22,0.1856
34442,23,0.1840
34443,23,0.1403
34444,10,0.1420
34445,6,0.1269
34447,28,0.1749
34448,23,0.1316
34449,19,0.1607
34450,22,0.1375
34451,22,0.1738
34453,1,0.2300
34454,9,0.2667
34455,5,0.2095
34456,23,0.1268
34458,9,0.1248
34459,19,0.1153
34460,6,0.1166
34461,12,0.1217
34462,2,0.2715
34463,4,0.1401
34464,4,0.2465
34465,5,0.1239
34466,5,0.1929
34467,5,0.1956
34468,0,0.1046
34469,8,0.5714
34470,8,0.6252
34471,19,0.2058
34472,5,0.1341
34473,9,0.1831
34474,9,0.2405
34475,9,0.2427
34476,5,0.1886
34477,1,0.1427
34478,5,0.2299
34479,5,0.2409
34480,9,0.1897
34481,9,0.2123
34482,19,0.1626
34483,19,0.1821
34484,5,0.1855
34485,9,0.2019
34486,9,0.2498
34487,8,0.3069
34488,16,0.1879
34489,19,0.1404
34490,8,0.2246
34491,19,0.1730
34492,9,0.2627
34493,2,0.1441
34494,18,0.1353
34495,4,0.2190
34496,4,0.8716
34497,4,0.6655
34498,32,0.2291
34499,32,0.2009
34500,31,0.1143
34501,4,0.6227
34502,4,0.2261
34503,7,0.1473
34504,6,0.1263
34505,7,0.1331
34506,19,0.1733
34507,19,0.1817
34508,5,0.2394
34509,5,0.4057
34510,2,0.2298
34511,2,0.3785
34512,2,0.3397
34513,2,0.1811
34514,31,0.1784
34515,31,0.1511
34516,2,0.1531
34517,2,0.2905
34519,19,0.1267
34520,19,0.1589
34521,31,0.1051
34522,5,0.1103
34524,7,0.1800
34525,5,0.1774
34527,1,0.1545
34528,19,0.1195
34530,6,0.1181
34533,19,0.1094
34534,7,0.1177
34535,6,0.1351
34536,7,0.1345
34537,5,0.1944
34538,5,0.2415
34539,6,0.1342
34540,7,0.1125
34541,5,0.1232
34542,6,0.1207
34543,5,0.2520
34544,5,0.1661
34545,12,0.1158
34546,12,0.1511
34547,2,0.1914
34548,5,0.1840
34549,5,0.1543
34550,5,0.2841
34551,5,0.1833
34552,5,0.2791
34553,5,0.1710
34554,5,0.2093
34555,5,0.2434
34556,5,0.3658
34557,5,0.2022
34558,5,0.1059
34559,5,0.1300
34560,5,0.1104
34561,5,0.1945
34562,5,0.2214
34563,5,0.2867
34564,1,0.1349
34565,5,0.1389
34566,5,0.2004
34567,9,0.1904
34568,5,0.1535
34569,19,0.1201
34570,7,0.2047
34571,5,0.2157
34572,6,0.1588
34573,6,0.1448
34575,5,0.1435
34576,10,0.1152
34577,5,0.2470
34578,10,0.1506
34580,9,0.1504
34581,9,0.1930
34582,9,0.3282
34583,5,0.1347
34584,5,0.2775
34585,5,0.1853
34586,5,0.1441
34587,8,0.2770
34588,9,0.2290
34589,9,0.1653
34590,5,0.1474
34591,5,0.1531
34592,8,0.2031
34593,9,0.1920
34594,5,0.4232
34595,9,0.2482
34596,5,0.1287
34597,10,0.1817
34598,5,0.2244
34599,5,0.3605
34600,5,0.2741
34601,6,0.1262
34602,19,0.2227
34603,19,0.1405
34604,7,0.1174
34605,19,0.1225
34606,10,0.1099
34607,7,0.1269
34608,7,0.1395
34609,5,0.1777
34610,5,0.1630
34611,5,0.2203
34612,5,0.2280
34613,5,0.2190
34614,23,0.1439
34615,8,0.4654
34616,8,0.8385
34617,20,0.4481
34618,22,0.1181
34620,25,0.1045
34621,0,0.4540
34622,0,0.2881
34623,0,0.1520
34625,2,0.2778
34626,32,0.1942
34627,31,0.2238
34628,31,0.1668
34629,32,0.1408
34630,2,0.2149
34631,18,0.1236
34632,5,0.1462
34633,15,0.1031
34634,5,0.1040
34635,5,0.1635
34636,12,0.1152
34637,5,0.1221
34638,5,0.1132
34639,5,0.1028
34640,6,0.1131
34641,5,0.1085
34642,19,0.1084
34643,19,0.1394
34645,19,0.1231
34646,6,0.1548
34647,6,0.1337
34648,5,0.1427
34649,9,0.2142
34650,5,0.1510
34651,5,0.1610
34652,5,0.2693
34653,5,0.1625
34654,9,0.1381
34655,5,0.2182
34656,9,0.1038
34657,22,0.1070
34659,8,0.1075
34660,19,0.1327
34661,10,0.1125
34662,5,0.1927
34663,5,0.2245
34664,5,0.2648
34665,5,0.2164
34666,5,0.2922
34667,5,0.2973
34668,5,0.2148
34669,5,0.1165
34670,5,0.1655
34671,9,0.1686
34672,9,0.1676
34673,8,0.2333
34674,19,0.2022
34675,8,0.5827
34676,8,0.5710
34677,8,0.5954
34678,8,0.7681
34679,8,0.5278
34680,8,0.3273
34681,22,0.3300
34682,8,0.2982
34683,23,0.1994
34684,22,0.1952
34685,8,0.4474
34686,23,0.1334
34687,23,0.2015
34688,22,0.2271
34689,22,0.2016
34690,7,0.1263
34691,21,0.1816
34692,21,0.1237
34693,0,0.1262
34694,7,0.1438
34695,5,0.1056
34697,5,0.2145
34698,7,0.1419
34700,32,0.1105
34701,12,0.1561
34702,25,0.1153
34703,7,0.1595
34704,8,0.1443
34706,5,0.1431
34707,19,0.2019
34708,19,0.1558
34709,7,0.1806
34710,7,0.2009
34711,7,0.2262
34712,21,0.2706
34713,9,0.1056
34714,32,0.1278
34715,32,0.1377
34716,15,0.1462
34718,19,0.3210
34719,8,0.4253
34720,8,0.2103
34721,8,0.1946
34722,16,0.1030
34723,24,0.2573
34724,19,0.2516
34725,19,0.4451
34726,19,0.2904
34727,4,0.3498
34728,8,0.3700
34729,19,0.2209
34730,19,0.1838
34731,19,0.2363
34732,4,0.1888
34733,4,0.1664
34734,19,0.2627
34736,2,0.2143
34737,8,0.2007
34739,15,0.1783
34740,32,0.1237
34741,32,0.1873
34743,15,0.1507
34744,15,0.1514
34745,15,0.1670
34747,5,0.1400
34749,11,0.1200
34750,21,0.1291
34751,15,0.1788
34752,19,0.1289
34753,33,0.1127
34754,19,0.1852
34755,16,0.2093
34756,19,0.3130
34757,16,0.1690
34758,4,0.1811
34759,15,0.1391
34760,31,0.1182
34761,31,0.1266
34764,5,0.1121
34765,19,0.1364
34766,7,0.1116
34767,32,0.1290
34768,32,0.1248
34769,13,0.1116
34772,5,0.1469
34773,18,0.1118
34775,7,0.1625
34776,7,0.1334
34777,15,0.1607
34779,7,0.1122
34780,21,0.1169
34781,19,0.1135
34782,16,0.1386
34783,32,0.1133
34784,5,0.1090
34786,15,0.1382
34787,19,0.1047
34789,7,0.2652
34790,15,0.1528
34791,21,0.2688
34792,15,0.1795
34793,31,0.1464
34794,15,0.1251
34795,21,0.1587
34796,21,0.1412
34797,21,0.1436
34798,7,0.1436
34799,21,0.1306
34800,21,0.1561
34801,11,0.2022
34802,21,0.1500
34804,20,0.1449
34805,28,0.1340
34806,12,0.1789
34807,31,0.1324
34808,22,0.1283
34809,23,0.1103
34811,19,0.1245
34812,15,0.1648
34813,21,0.2178
34814,16,0.2802
34815,16,0.3065
34816,29,0.1482
34817,16,0.2502
34818,16,0.1303
34819,15,0.1039
34820,19,0.1135
34822,18,0.1046
34823,18,0.1092
34824,19,0.1068
34825,19,0.1297
34826,18,0.1358
34827,18,0.1495
34829,5,0.1495
34830,7,0.1833
34831,19,0.1802
34832,7,0.1980
34835,15,0.1714
34836,5,0.1549
34837,7,0.2431
34838,5,0.1091
34840,0,0.1108
34842,13,0.1052
34843,7,0.1531
34844,7,0.1691
34845,7,0.1208
34847,5,0.1157
34848,5,0.1441
34849,7,0.1651
34850,0,0.1372
34851,0,0.1434
34852,21,0.1108
34853,7,0.1438
34854,5,0.1772
34855,7,0.1638
34856,7,0.1997
34857,15,0.2134
34858,7,0.1790
34859,7,0.1274
34860,7,0.1279
34863,18,0.1216
34865,10,0.1603
34866,23,0.1880
34867,24,0.1419
34870,7,0.1256
34871,5,0.1581
34872,7,0.1695
34873,24,0.1571
34876,7,0.1455
34877,7,0.1335
34878,19,0.1186
34880,21,0.1284
34881,21,0.1926
34882,7,0.2315
34883,7,0.2782
34884,5,0.1923
34885,5,0.1885
34886,5,0.1519
34887,15,0.1830
34888,5,0.3052
34889,5,0.1372
34890,29,0.1602
34891,13,0.1464
34892,13,0.2849
34893,5,0.1619
34894,1,0.1821
34895,0,0.1580
34897,0,0.1271
34898,5,0.1581
34899,15,0.1457
34900,9,0.1871
34901,9,0.2945
34902,7,0.2355
34903,5,0.2534
34904,5,0.1066
34905,21,0.1868
34906,15,0.2683
34907,15,0.2489
34908,16,0.2230
34909,21,0.1584
34910,15,0.2227
34911,5,0.1348
34912,16,0.3127
34913,16,0.3400
34914,19,0.1707
34915,5,0.1442
34916,19,0.1894
34918,5,0.1775
34919,5,0.2510
34920,5,0.1306
34921,23,0.1078
34922,19,0.2004
34923,19,0.1734
34924,19,0.1404
34925,19,0.1054
34926,19,0.1913
34927,5,0.1499
34928,5,0.1730
34929,19,0.2156
34931,31,0.1251
34933,16,0.1030
34934,19,0.1964
34935,19,0.1859
34936,19,0.1883
34937,19,0.1575
34938,19,0.2142
34939,19,0.2073
34940,19,0.1631
34941,23,0.1610
34942,19,0.1477
34943,19,0.1971
34944,8,0.2612
34945,23,0.1040
34946,23,0.1153
34947,23,0.1544
34948,19,0.2345
34949,19,0.1097
34950,5,0.2300
34951,7,0.1509
34952,21,0.1552
34953,21,0.2076
34954,9,0.3661
34955,9,0.2003
34956,9,0.1426
34957,21,0.2401
34958,16,0.1917
34959,21,0.2874
34960,21,0.4143
34961,7,0.2180
34962,7,0.1788
34963,21,0.1584
34964,15,0.1956
34965,15,0.1654
34966,15,0.1392
34967,21,0.1277
34968,15,0.1875
34969,0,0.1094
34970,17,0.1162
34971,0,0.2038
34972,21,0.2150
34973,9,0.2172
34974,8,0.1875
34975,15,0.1425
34976,21,0.2606
34977,21,0.1769
34978,16,0.2615
34979,16,0.1634
34980,21,0.1768
34981,16,0.2216
34982,7,0.2254
34983,21,0.3200
34984,21,0.2438
34985,7,0.1477
34986,21,0.2253
34987,7,0.1687
34988,15,0.2022
34989,15,0.3105
34990,21,0.1886
34991,15,0.2795
34992,15,0.3369
34993,15,0.3514
34994,15,0.2737
34995,16,0.1455
34996,29,0.1962
34997,0,0.2249
34999,32,0.1461
35000,13,0.1344
35001,15,0.1292
35002,29,0.2032
35004,5,0.2351
35005,13,0.1964
35006,15,0.2796
35007,13,0.1897
35008,15,0.2528
35009,21,0.3131
35010,21,0.2777
35011,21,0.2725
35012,7,0.2028
35013,5,0.1699
35014,5,0.1640
35015,15,0.2113
35016,21,0.3140
35017,21,0.3529
35018,21,0.2496
35019,7,0.2480
35020,7,0.1920
35021,15,0.1682
35022,15,0.2187
35023,7,0.2789
35024,7,0.1720
35025,21,0.1969
35026,21,0.2967
35027,7,0.1837
35028,7,0.1628
35029,15,0.2445
35030,15,0.1628
35031,5,0.1381
35032,19,0.1522
35033,7,0.2159
35034,7,0.2134
35035,21,0.3125
35036,7,0.2802
35037,5,0.1828
35038,11,0.1559
35040,21,0.3824
35041,21,0.1868
35042,19,0.2435
35043,19,0.2165
35044,16,0.1492
35045,7,0.2497
35046,19,0.1889
35047,15,0.1545
35048,15,0.2538
35049,7,0.1095
35050,24,0.1125
35053,24,0.1432
35054,21,0.1766
35055,21,0.1494
35056,16,0.1815
35057,5,0.1390
35058,7,0.1345
35059,32,0.2069
35060,32,0.2256
35061,21,0.2185
35062,9,0.3906
35063,16,0.2708
35064,15,0.2201
35066,19,0.2090
35067,21,0.2564
35068,21,0.2131
35069,21,0.1236
35070,19,0.2748
35071,19,0.2638
35072,16,0.1490
35073,15,0.1830
35074,15,0.1626
35075,11,0.2663
35076,21,0.2589
35077,21,0.2236
35078,5,0.1497
35079,7,0.1444
35080,21,0.1243
35081,16,0.1146
35082,8,0.4710
35083,21,0.1053
35084,15,0.1238
35085,32,0.1166
35087,5,0.1830
35088,7,0.1785
35089,7,0.1669
35090,15,0.1717
35091,16,0.1987
35092,5,0.1911
35093,15,0.1621
35095,19,0.1206
35096,5,0.1928
35097,13,0.1703
35099,19,0.1193
35100,7,0.1679
35101,7,0.1836
35103,33,0.1532
35104,0,0.4063
35105,11,0.1136
35106,7,0.1383
35107,21,0.1176
35108,19,0.1342
35109,7,0.2534
35110,7,0.2559
35111,21,0.1810
35112,30,0.1433
35113,9,0.1281
35114,19,0.1330
35115,16,0.2317
35116,30,0.1317
35117,21,0.1395
35118,16,0.1759
35121,8,0.3473
35122,16,0.2215
35123,0,0.1958
35124,16,0.2332
35125,16,0.1976
35126,7,0.1529
35127,19,0.1884
35128,16,0.2201
35130,16,0.2644
35131,22,0.1292
35133,19,0.1096
35134,19,0.1159
35135,19,0.1231
35136,15,0.1618
35137,19,0.1355
35138,14,0.1148
35139,29,0.1509
35140,18,0.1114
35141,19,0.1403
35142,32,0.1382
35143,16,0.1343
35144,9,0.3390
35145,5,0.1750
35146,9,0.1910
35147,8,0.2012
35148,19,0.1905
35149,19,0.1303
35150,5,0.2374
35151,5,0.1817
35152,19,0.1848
35153,9,0.2086
35155,1,0.1429
35158,19,0.1517
35159,19,0.1886
35160,19,0.1646
35161,19,0.1572
35162,5,0.1314
35163,5,0.2031
35164,5,0.2853
35165,19,0.1305
35166,5,0.2446
35167,5,0.1853
35168,5,0.3095
35169,5,0.3327
35170,9,0.2262
35171,9,0.2122
35172,5,0.2801
35173,5,0.2886
35174,5,0.3200
35175,5,0.1670
35176,5,0.2584
35177,19,0.1182
35178,9,0.1397
35180,19,0.1051
35181,5,0.2378
35182,5,0.2864
35183,5,0.2327
35184,5,0.2433
35185,7,0.2034
35186,19,0.1863
35187,5,0.2273
35188,5,0.3245
35189,19,0.2357
35190,5,0.1370
35191,5,0.1950
35192,5,0.1967
35193,9,0.2954
35194,5,0.1225
35195,9,0.1739
35196,5,0.2505
35197,19,0.1679
35198,9,0.1380
35199,5,0.1891
35200,9,0.1995
35202,8,0.4886
35203,16,0.1748
35204,23,0.1440
35205,19,0.2415
35206,8,0.6174
35207,8,0.5982
35208,8,0.8908
35209,8,0.7101
35210,8,0.5506
35211,16,0.4733
35212,19,0.2848
35213,21,0.1657
35214,5,0.2097
35215,9,0.3368
35216,5,0.1962
35217,19,0.1700
35218,5,0.3920
35219,5,0.2714
35220,5,0.2534
35221,19,0.1556
35222,5,0.2200
35223,5,0.1931
35224,5,0.1637
35225,9,0.2471
35226,19,0.1513
35227,9,0.2462
35228,5,0.2579
35229,5,0.1769
35230,9,0.1694
35231,5,0.3348
35232,19,0.1312
35233,8,0.1505
35234,19,0.2397
35235,23,0.1499
35236,19,0.1756
35237,5,0.1128
35238,5,0.1439
35239,19,0.1236
35240,23,0.1320
35241,19,0.1499
35242,19,0.1793
35243,19,0.1110
35244,19,0.1456
35245,19,0.2210
35246,9,0.1309
35247,1,0.1599
35250,19,0.1673
35251,19,0.1686
35252,19,0.1238
35253,1,0.2430
35254,9,0.1752
35255,9,0.1652
35256,19,0.1603
35257,8,0.5187
35258,6,0.1248
35259,9,0.1781
35260,5,0.1539
35261,19,0.1100
35262,23,0.1362
35263,19,0.1239
35264,9,0.2204
35266,8,0.2040
35267,9,0.2558
35268,19,0.1606
35269,19,0.1225
35271,5,0.2048
35272,5,0.4239
35273,5,0.1699
35274,7,0.1788
35275,9,0.1173
35276,6,0.1038
35277,5,0.1306
35278,5,0.1167
35279,9,0.2721
35280,5,0.1142
35282,19,0.1122
35283,9,0.2006
35284,9,0.1925
35287,5,0.1246
35288,12,0.1798
35289,12,0.1026
35291,5,0.2249
35292,5,0.2040
35293,9,0.1968
35294,19,0.1598
35296,5,0.1163
35297,5,0.1565
35298,19,0.1453
35299,9,0.1265
35300,19,0.1541
35301,4,0.2261
35302,8,0.8375
35303,8,0.5886
35304,19,0.1867
35305,9,0.1801
35306,19,0.1547
35307,19,0.1332
35308,28,0.1556
35309,23,0.1172
35310,19,0.1173
35311,5,0.1979
35312,5,0.1305
35313,18,0.1305
35314,18,0.1171
35315,4,0.1165
35316,4,0.1596
35318,5,0.2152
35319,5,0.3570
35320,5,0.1812
35321,5,0.1309
35322,5,0.1408
35323,5,0.1799
35324,12,0.1775
35325,6,0.1345
35328,1,0.2167
35329,5,0.2942
35330,5,0.2206
35331,4,0.1579
35335,5,0.1232
35336,5,0.2137
35337,5,0.1173
35338,23,0.1938
35339,23,0.2719
35340,23,0.1514
35341,19,0.1990
35342,31,0.1289
35343,16,0.1295
35344,19,0.1669
35345,21,0.1132
35346,21,0.1387
35347,7,0.1437
35348,21,0.1411
35349,21,0.2327
35350,8,0.2784
35351,8,0.4328
35352,4,0.1179
35353,5,0.1655
35354,6,0.1338
35355,5,0.3056
35356,5,0.1658
35357,12,0.1184
35358,5,0.1715
35359,5,0.3283
35360,5,0.2822
35361,5,0.3653
35362,5,0.4152
35363,5,0.2556
35364,5,0.1340
35365,25,0.1271
35367,5,0.1158
35369,33,0.3118
35370,30,0.1192
35371,5,0.1839
35372,5,0.2671
35373,5,0.2122
35374,5,0.2535
35375,5,0.1592
35376,5,0.1894
35377,5,0.1185
35378,0,0.2265
35380,5,0.1574
35381,5,0.1673
35382,5,0.3276
35383,5,0.1397
35384,7,0.1127
35385,6,0.1788
35386,5,0.1717
35387,5,0.2027
35388,5,0.3759
35389,5,0.2856
35390,5,0.1373
35391,6,0.1423
35392,6,0.1292
35393,5,0.1452
35394,5,0.1707
35395,5,0.2118
35396,5,0.1101
35398,5,0.2090
35399,5,0.1891
35400,5,0.2379
35401,5,0.3437
35402,5,0.1994
35403,5,0.1173
35404,5,0.2777
35405,5,0.1157
35407,5,0.1868
35408,5,0.3097
35410,16,0.4977
35411,8,0.6470
35412,9,0.1137
35413,5,0.2278
35414,5,0.1911
35416,5,0.1684
35417,5,0.2084
35418,5,0.1469
35419,6,0.1293
35420,5,0.1216
35421,6,0.1299
35422,5,0.2903
35423,5,0.1907
35424,5,0.2973
35425,5,0.2729
35426,7,0.1786
35427,5,0.2525
35428,5,0.2832
35429,5,0.2927
35430,5,0.2081
35431,6,0.1361
35432,6,0.1358
35433,7,0.1867
35434,7,0.2135
35435,0,0.8593
35436,0,0.7085
35437,21,0.2867
35438,15,0.3191
35439,7,0.1812
35440,5,0.2358
35441,5,0.1443
35442,13,0.1990
35443,13,0.2277
35444,0,0.1884
35445,7,0.2019
35446,5,0.2062
35447,15,0.1931
35448,7,0.2220
35449,7,0.1403
35450,7,0.1101
35451,5,0.1122
35452,5,0.1837
35453,5,0.1735
35454,19,0.1386
35455,5,0.1401
35456,6,0.1235
35457,8,0.5155
35458,8,0.7750
35459,7,0.1538
35460,5,0.1052
35461,7,0.1299
35462,9,0.1972
35463,8,0.9414
35464,8,0.9500
35465,9,0.3472
35466,9,0.3733
35467,0,0.3341
35468,0,0.1161
35469,5,0.1864
35470,5,0.2000
35471,5,0.1107
35472,5,0.3822
35473,5,0.3528
35474,5,0.3898
35475,5,0.2329
35476,5,0.1870
35477,5,0.2024
35478,5,0.2927
35479,5,0.3370
35480,5,0.3114
35481,5,0.2640
35482,7,0.2210
35483,7,0.1311
35484,5,0.2595
35485,8,0.5636
35486,8,0.4205
35487,9,0.1525
35488,19,0.1475
35489,19,0.1315
35490,5,0.2807
35491,19,0.1378
35492,19,0.1314
35493,5,0.1943
35494,19,0.1229
35497,8,0.7258
35498,8,0.6079
35499,7,0.1797
35500,5,0.2588
35501,19,0.1141
35502,6,0.1201
35503,5,0.2894
35504,19,0.1338
35505,1,0.1206
35506,5,0.1813
35507,9,0.2747
35508,5,0.1194
35509,5,0.1136
35510,5,0.1978
35511,5,0.2062
35512,5,0.2774
35513,5,0.2138
35514,5,0.1829
35515,8,0.4690
35516,8,0.4223
35517,9,0.3419
35518,9,0.2520
35519,5,0.1203
35520,5,0.1429
35521,5,0.1475
35522,5,0.1929
35523,5,0.2840
35524,5,0.2037
35526,7,0.1418
35527,5,0.1462
35528,5,0.1736
35529,5,0.3066
35530,5,0.2386
35531,5,0.2198
35532,5,0.1421
35533,5,0.2203
35534,7,0.1555
35535,21,0.1528
35536,5,0.1751
35537,5,0.2059
35538,1,0.1074
35539,9,0.1734
35540,5,0.1842
35541,5,0.1910
35542,5,0.1635
35543,6,0.1245
35547,13,0.1138
35548,7,0.1765
35549,7,0.1840
35550,7,0.1376
35552,19,0.1031
35553,19,0.1913
35554,24,0.1620
35555,7,0.1316
35557,15,0.2005
35558,15,0.1971
35559,15,0.2834
35560,15,0.1982
35561,15,0.1802
35562,7,0.1832
35563,19,0.1211
35564,19,0.1077
35565,19,0.1041
35566,21,0.1232
35567,5,0.1877
35568,5,0.1640
35569,19,0.1643
35570,16,0.1486
35571,7,0.1178
35572,7,0.1560
35573,7,0.1462
35574,7,0.1084
35575,7,0.1151
35576,5,0.1626
35577,5,0.1751
35578,7,0.1557
35579,5,0.1154
35580,7,0.1745
35581,5,0.1611
35582,5,0.1214
35583,15,0.2151
35584,15,0.1437
35585,5,0.1383
35586,21,0.1031
35587,7,0.1616
35588,5,0.1868
35589,7,0.1402
35590,1,0.1482
35591,1,0.1208
35592,23,0.1676
35593,23,0.1240
35594,5,0.1433
35595,5,0.2570
35596,19,0.1490
35597,15,0.1455
35598,5,0.1347
35599,5,0.1668
35600,5,0.1906
35601,7,0.1654
35602,21,0.2754
35603,7,0.1600
35604,15,0.2548
35605,15,0.2374
35606,21,0.1538
35607,21,0.1818
35608,19,0.2017
35609,19,0.1256
35610,19,0.1115
35611,15,0.1899
35612,7,0.1057
35613,7,0.1139
35614,5,0.1283
35615,7,0.1994
35616,15,0.2209
35617,7,0.1965
35618,15,0.1687
35619,15,0.1762
35620,15,0.1627
35621,7,0.1642
35622,21,0.1155
35623,21,0.1621
35624,7,0.1505
35625,7,0.1365
35626,5,0.1779
35627,5,0.1466
35628,5,0.2246
35629,7,0.1501
35630,5,0.1965
35631,5,0.2074
35632,5,0.2676
35633,7,0.1921
35634,5,0.1538
35635,5,0.1547
35636,5,0.1456
35637,7,0.1382
35638,7,0.1185
35639,7,0.1218
35640,7,0.1574
35641,5,0.1061
35642,29,0.1101
35643,7,0.1775
35644,24,0.2227
35645,24,0.1989
35646,21,0.1405
35648,19,0.2007
35649,23,0.1082
35650,21,0.2300
35651,33,0.1417
35652,8,0.1521
35653,8,0.1114
35654,23,0.2035
35655,23,0.1344
35656,14,0.1972
35659,31,0.1136
35660,14,0.1834
35661,16,0.3289
35662,16,0.1979
35663,16,0.4241
35664,16,0.6869
35665,16,0.1456
35666,16,0.1243
35667,16,0.1526
35668,16,0.1447
35669,31,0.1479
35671,14,0.1507
35672,4,0.7083
35673,4,0.8432
35674,4,0.3437
35675,4,0.2107
35676,19,0.1610
35677,16,0.2026
35678,22,0.1713
35679,16,0.1339
35680,32,0.1763
35687,4,0.2290
35689,7,0.1041
35690,4,0.2058
35691,28,0.2118
35692,16,0.1802
35693,24,0.1541
35694,19,0.1552
35695,33,0.1124
35696,19,0.1457
35699,19,0.1481
35700,5,0.1269
35703,19,0.1407
35706,19,0.1593
35707,19,0.1702
35708,19,0.1709
35709,19,0.1131
35710,7,0.1357
35711,24,0.1651
35712,19,0.1812
35713,24,0.1549
35714,7,0.1491
35715,21,0.1500
35717,19,0.2349
35720,19,0.1327
35721,19,0.1458
35723,19,0.1233
35724,33,0.1338
35725,32,0.1247
35727,24,0.1844
35728,5,0.1394
35729,7,0.2112
35730,7,0.1595
35731,21,0.1913
35732,24,0.1447
35733,19,0.1492
35734,9,0.1888
35735,23,0.1430
35736,19,0.2639
35737,27,0.1340
35738,4,0.2609
35739,9,0.2039
35740,9,0.1425
35741,23,0.1246
35742,23,0.1396
35743,23,0.1434
35744,19,0.2250
35745,23,0.1986
35746,9,0.2509
35747,9,0.3063
35748,23,0.1836
35749,23,0.1842
35750,9,0.2661
35751,9,0.1805
35752,23,0.1733
35753,23,0.1775
35754,23,0.2159
35755,23,0.1634
35756,9,0.1969
35757,9,0.3083
35758,23,0.1808
35759,23,0.2146
35760,23,0.2166
35761,23,0.2093
35762,23,0.2065
35763,19,0.1581
35764,19,0.1977
35765,19,0.1592
35766,23,0.1551
35767,16,0.1853
35768,23,0.1859
35769,19,0.2176
35770,19,0.2110
35771,19,0.1659
35772,19,0.1829
35773,23,0.2450
35774,23,0.1699
35775,23,0.1965
35776,9,0.2485
35777,23,0.2137
35778,19,0.1898
35779,19,0.2896
35780,19,0.1518
35781,23,0.1705
35782,23,0.2273
35783,19,0.2532
35784,9,0.2420
35785,23,0.1935
35786,23,0.1585
35787,23,0.2464
35788,19,0.2160
35789,19,0.1937
35790,17,0.1443
35791,23,0.1892
35792,9,0.3307
35793,9,0.1927
35794,9,0.1948
35795,19,0.2021
35796,9,0.2091
35797,23,0.3009
35798,23,0.1900
35799,19,0.2489
35800,14,0.1053
35801,23,0.2632
35802,23,0.2089
35803,19,0.1613
35804,19,0.2644
35805,23,0.2627
35806,19,0.2374
35807,9,0.2056
35808,23,0.2466
35809,23,0.2445
35810,23,0.1714
35811,23,0.1945
35812,19,0.2322
35813,23,0.1923
35814,23,0.1842
35815,23,0.1698
35816,23,0.2375
35817,9,0.2178
35818,5,0.2192
35819,23,0.1843
35820,19,0.1692
35821,19,0.2221
35822,19,0.2137
35823,16,0.1808
35824,19,0.1110
35825,23,0.1657
35826,19,0.1529
35827,19,0.2396
35828,23,0.2044
35829,19,0.2967
35830,23,0.2292
35831,23,0.2357
35832,23,0.1489
35833,19,0.2175
35834,5,0.1745
35835,23,0.1937
35836,23,0.2387
35837,23,0.2248
35838,23,0.1909
35839,19,0.2018
35840,19,0.1706
35841,19,0.1846
35842,9,0.1690
35843,7,0.1869
35844,23,0.1658
35845,23,0.1560
35846,9,0.1994
35847,23,0.1747
35848,23,0.1610
35849,5,0.2131
35850,23,0.1253
35851,23,0.1762
35852,23,0.1589
35853,19,0.1732
35854,8,0.1172
35855,23,0.1631
35856,8,0.2422
35857,9,0.3207
35858,9,0.2063
35859,8,0.2271
35860,8,0.4281
35861,23,0.2517
35862,23,0.1948
35863,19,0.2647
35864,9,0.1266
35865,9,0.1533
35866,23,0.1258
35867,9,0.2863
35868,9,0.1958
35869,23,0.1527
35870,9,0.2513
35871,23,0.1792
35872,9,0.2087
35873,23,0.2030
35874,9,0.1909
35875,23,0.1513
35876,23,0.1624
35877,19,0.1618
35878,9,0.1545
35879,9,0.3477
35880,8,0.2758
35881,19,0.1678
35882,9,0.2357
35883,9,0.2692
35884,4,0.1211
35885,9,0.2510
35886,19,0.2368
35887,19,0.1616
35888,22,0.1897
35889,22,0.1795
35890,23,0.1299
35891,23,0.1558
35892,9,0.2102
35893,9,0.1860
35894,19,0.1936
35895,23,0.1531
35896,9,0.2565
35897,23,0.1165
35898,23,0.1324
35899,8,0.1909
35900,9,0.2144
35902,23,0.1153
35903,9,0.1439
35904,9,0.2179
35905,19,0.1339
35906,16,0.1349
35907,9,0.1773
35908,23,0.1723
35909,23,0.1474
35910,6,0.1490
35911,23,0.1689
35912,9,0.3070
35914,19,0.1384
35915,9,0.1606
35916,9,0.1277
35917,9,0.3709
35918,19,0.1449
35919,23,0.2118
35920,23,0.2079
35921,19,0.1527
35922,19,0.2060
35923,19,0.1854
35924,7,0.1350
35925,7,0.2288
35926,21,0.1716
35927,21,0.1172
35928,16,0.1475
35929,21,0.1209
35932,23,0.2408
35933,19,0.1687
35934,16,0.1840
35935,23,0.1280
35936,23,0.1756
35937,8,0.1038
35939,16,0.1555
35940,19,0.1368
35941,16,0.1661
35942,16,0.1882
35943,16,0.2919
35944,16,0.2994
35946,30,0.1181
35947,21,0.1932
35948,7,0.1410
35949,0,0.1239
35950,5,0.1246
35951,23,0.1239
35952,10,0.1219
35953,19,0.1726
35954,23,0.1942
35955,21,0.1427
35956,21,0.1828
35957,7,0.1219
35959,12,0.1037
35961,1,0.1542
35962,12,0.1601
35964,9,0.1311
35965,9,0.1286
35966,21,0.1656
35967,21,0.1453
35968,19,0.1077
35969,7,0.1937
35970,7,0.2049
35971,7,0.1478
35972,31,0.1231
35973,16,0.1571
35974,9,0.2019
35975,8,0.2026
35976,21,0.1434
35977,21,0.2712
35978,7,0.2242
35979,7,0.1971
35981,8,0.1835
35982,16,0.1300
35983,16,0.1208
35984,12,0.1368
35985,31,0.1807
35986,28,0.2377
35987,23,0.1573
35988,19,0.1748
35989,19,0.2091
35990,12,0.1618
35991,23,0.1147
35992,23,0.1952
35993,19,0.1281
35994,9,0.2574
35995,9,0.2280
35996,5,0.1314
35997,5,0.1816
35998,19,0.1374
35999,24,0.1061
36001,7,0.1722
36002,7,0.1337
36003,21,0.1869
36004,7,0.2654
36005,7,0.1262
36006,21,0.1387
36007,24,0.2725
36010,20,0.2593
36011,16,0.1351
36013,16,0.1619
36015,4,0.1508
36016,4,0.1150
36017,0,0.1287
36018,32,0.1245
36019,1,0.1046
36020,0,0.1175
36021,0,0.1576
36024,0,0.1591
36025,7,0.1752
36026,7,0.1162
36028,21,0.1868
36029,21,0.2026
36030,7,0.1208
36032,7,0.1646
36033,7,0.2312
36034,7,0.2030
36035,21,0.1853
36036,7,0.1500
36037,5,0.1249
36038,8,0.1790
36039,5,0.1025
36040,7,0.1333
36041,7,0.1140
36042,5,0.2130
36043,5,0.1347
36045,24,0.2261
36046,24,0.2114
36047,7,0.1879
36048,7,0.1441
36049,21,0.1653
36050,24,0.1821
36051,24,0.3066
36052,24,0.1768
36053,21,0.1456
36054,7,0.2670
36055,7,0.1404
36056,24,0.4834
36057,24,0.2183
36058,21,0.2046
36059,21,0.1966
36060,21,0.1575
36061,21,0.1296
36062,21,0.1805
36063,7,0.1878
36064,7,0.1457
36065,21,0.1418
36066,21,0.1584
36067,21,0.2623
36068,11,0.2348
36069,21,0.1635
36070,21,0.1566
36071,21,0.1527
36073,21,0.1223
36074,8,0.5587
36075,8,0.6586
36076,8,0.2206
36077,1,0.2751
36078,11,0.1686
36079,21,0.1108
36080,0,0.1453
36081,0,0.1148
36083,7,0.2279
36084,7,0.1779
36085,21,0.1260
36086,21,0.1028
36087,23,0.1099
36088,22,0.1740
36089,8,0.4423
36090,8,0.4026
36091,8,0.1987
36092,19,0.1453
36093,8,0.1836
36094,8,0.1904
36096,22,0.1411
36097,22,0.1724
36098,16,0.2335
36099,16,0.2792
36100,16,0.1526
36101,22,0.1831
36102,19,0.1746
36103,19,0.1740
36104,8,0.2092
36105,23,0.1289
36106,8,0.2042
36107,5,0.1882
36108,5,0.3616
36109,5,0.2855
36110,9,0.3356
36111,9,0.1834
36112,19,0.1425
36114,19,0.1499
36115,19,0.1839
36116,8,0.1827
36117,9,0.1133
36118,19,0.1597
36119,9,0.3184
36120,9,0.2753
36121,9,0.2042
36122,19,0.1192
36123,19,0.1179
36124,23,0.1066
36125,5,0.1693
36126,8,0.3835
36127,0,0.2282
36128,9,0.3669
36129,9,0.4294
36130,9,0.1732
36131,5,0.1613
36132,9,0.1772
36133,8,0.1781
36134,19,0.1551
36135,5,0.1931
36136,5,0.2006
36137,9,0.3119
36138,9,0.2333
36139,5,0.1525
36140,19,0.1391
36141,19,0.1505
36142,5,0.2923
36143,19,0.1534
36144,9,0.2759
36145,9,0.1762
36146,23,0.1601
36147,7,0.1447
36148,5,0.3306
36149,5,0.2018
36150,19,0.1414
36151,19,0.1419
36152,23,0.1196
36153,5,0.2078
36154,23,0.1363
36155,9,0.2534
36157,19,0.1792
36158,9,0.2533
36159,9,0.1797
36160,19,0.1289
36161,5,0.2983
36162,19,0.1597
36163,5,0.2866
36164,19,0.1069
36165,23,0.1069
36166,19,0.1420
36167,19,0.1084
36168,5,0.2659
36169,5,0.2156
36170,5,0.2116
36171,19,0.1394
36172,9,0.1612
36174,28,0.1598
36176,5,0.2573
36177,19,0.1736
36178,9,0.3369
36179,9,0.2116
36180,9,0.2919
36181,9,0.1867
36182,9,0.3072
36183,9,0.2366
36184,5,0.2347
36185,9,0.2147
36186,5,0.1284
36187,5,0.2709
36188,9,0.1516
36189,5,0.1751
36190,9,0.2410
36191,19,0.1430
36192,9,0.1532
36193,9,0.1820
36194,23,0.1314
36195,19,0.1554
36196,5,0.2103
36197,19,0.1206
36198,8,0.1800
36199,9,0.1614
36200,8,0.4273
36201,9,0.3696
36202,9,0.2199
36203,9,0.2249
36204,8,0.2273
36205,19,0.1068
36206,9,0.2178
36207,9,0.3318
36208,19,0.2171
36209,5,0.1725
36210,5,0.2810
36211,9,0.1762
36212,9,0.1112
36213,9,0.2165
36214,9,0.2239
36215,5,0.2369
36216,9,0.3592
36217,19,0.1882
36218,19,0.1510
36219,9,0.2137
36220,9,0.1559
36221,19,0.1482
36222,19,0.1438
36223,23,0.1184
36224,19,0.1608
36225,5,0.1732
36226,19,0.1551
36227,5,0.1642
36228,5,0.2175
36230,23,0.1214
36231,5,0.2438
36232,5,0.1068
36233,23,0.1025
36234,9,0.1741
36235,9,0.1172
36236,5,0.1353
36237,9,0.1871
36238,19,0.1505
36239,9,0.1813
36240,1,0.1150
36241,1,0.1711
36243,19,0.1417
36244,19,0.1397
36246,12,0.1589
36247,9,0.1318
36248,19,0.1278
36249,6,0.1688
36250,6,0.1280
36251,9,0.1199
36252,9,0.2749
36253,5,0.2253
36254,19,0.1520
36255,23,0.1456
36256,9,0.2307
36257,9,0.1705
36258,9,0.2417
36259,9,0.2299
36260,1,0.1028
36261,5,0.2121
36262,5,0.2180
36263,9,0.2062
36264,9,0.1228
36265,9,0.1581
36266,5,0.2681
36267,9,0.2493
36268,9,0.1832
36269,9,0.1068
36270,23,0.1082
36271,23,0.1457
36272,19,0.1267
36273,19,0.1637
36274,19,0.1904
36275,19,0.2125
36276,23,0.1571
36277,23,0.1708
36278,19,0.1809
36279,4,0.1098
36280,9,0.1939
36281,9,0.2220
36282,23,0.1628
36283,19,0.1432
36284,19,0.1215
36285,9,0.1604
36286,23,0.1113
36287,9,0.1426
36288,9,0.1407
36289,19,0.1774
36290,5,0.3482
36291,5,0.1715
36292,19,0.1485
36293,8,0.2000
36294,23,0.2433
36295,8,0.2172
36296,8,0.2188
36297,19,0.1245
36298,19,0.2046
36299,5,0.2021
36300,9,0.1547
36301,5,0.2580
36302,19,0.1311
36303,5,0.2196
36304,19,0.1804
36305,5,0.1382
36306,5,0.1855
36307,19,0.1305
36308,19,0.1345
36309,9,0.1784
36310,9,0.1923
36311,4,0.3470
36312,8,0.8546
36313,19,0.1045
36314,9,0.2041
36315,9,0.1781
36316,8,0.1344
36317,23,0.1116
36318,19,0.1983
36319,22,0.1317
36320,8,0.9903
36321,8,0.9890
36322,8,0.5209
36323,16,0.1884
36324,9,0.2078
36325,23,0.2103
36326,19,0.2227
36327,19,0.1467
36328,9,0.3475
36329,9,0.1542
36330,19,0.1335
36331,9,0.2336
36332,19,0.1563
36333,5,0.2471
36334,19,0.1802
36335,19,0.1592
36336,28,0.1791
36337,19,0.1281
36338,9,0.2698
36339,9,0.1264
36340,23,0.1163
36341,9,0.1769
36342,9,0.3365
36343,5,0.2901
36344,9,0.2106
36345,9,0.1912
36346,19,0.1216
36347,9,0.2061
36348,23,0.1421
36349,23,0.1433
36350,19,0.1800
36352,21,0.2007
36353,24,0.1919
36354,19,0.2649
36355,8,0.1114
36356,19,0.2161
36357,19,0.2207
36358,19,0.1980
36359,19,0.2484
36360,19,0.1983
36361,24,0.3237
36362,19,0.2106
36363,15,0.1546
36364,5,0.2079
36365,21,0.1513
36366,30,0.1643
36367,23,0.1259
36368,23,0.1237
36369,7,0.1429
36370,7,0.1905
36371,24,0.4023
36372,20,0.2119
36373,28,0.2122
36374,33,0.3133
36375,0,0.3110
36376,17,0.1467
36377,16,0.1612
36378,19,0.1915
36379,19,0.1551
36380,19,0.2464
36381,19,0.1051
36382,12,0.1782
36383,31,0.1044
36384,0,0.3014
36385,21,0.1595
36387,5,0.1094
36388,5,0.1604
36389,31,0.1587
36390,31,0.2374
36391,0,0.2445
36392,19,0.1419
36393,19,0.1392
36394,19,0.1448
36395,21,0.1560
36396,30,0.1178
36397,19,0.1617
36398,19,0.1819
36399,19,0.1509
36400,19,0.1690
36401,19,0.1432
36402,19,0.2427
36403,7,0.1890
36404,19,0.1404
36405,21,0.1520
36406,7,0.1483
36407,5,0.1707
36408,19,0.1949
36409,7,0.1328
36411,24,0.1227
36412,19,0.1469
36413,19,0.2286
36414,19,0.2332
36415,10,0.2140
36416,19,0.1980
36417,8,0.2074
36418,24,0.1424
36419,19,0.1200
36420,21,0.1402
36421,8,0.1805
36422,19,0.1279
36423,19,0.1738
36424,19,0.1322
36425,19,0.1958
36426,19,0.1740
36427,19,0.1178
36428,5,0.1611
36429,19,0.1684
36430,19,0.1878
36431,7,0.1772
36432,19,0.2226
36433,19,0.3567
36434,19,0.1548
36435,31,0.1341
36436,19,0.1124
36437,24,0.1546
36438,19,0.2091
36439,19,0.1669
36441,5,0.1566
36442,19,0.1480
36443,7,0.1254
36444,24,0.1265
36445,21,0.1529
36446,7,0.1102
36448,19,0.1118
36449,19,0.1854
36450,5,0.2217
36451,7,0.1078
36452,21,0.1431
36453,7,0.1356
36454,16,0.1461
36455,16,0.1786
36456,19,0.1494
36457,5,0.1719
36458,7,0.1234
36459,7,0.1482
36460,21,0.1844
36461,21,0.1693
36462,21,0.1543
36463,24,0.1109
36464,23,0.1257
36465,19,0.1246
36466,7,0.1334
36467,7,0.1735
36468,7,0.1356
36469,25,0.1110
36472,5,0.1048
36473,7,0.1397
36474,7,0.1431
36475,7,0.2683
36476,15,0.2280
36477,21,0.2827
36479,32,0.2231
36480,7,0.1044
36481,21,0.1337
36482,7,0.1364
36483,7,0.1465
36484,7,0.1276
36485,21,0.1436
36486,21,0.1430
36487,21,0.1603
36488,24,0.2256
36489,24,0.4216
36490,15,0.1856
36491,0,0.3606
36492,11,0.2291
36493,21,0.1263
36494,7,0.2625
36495,15,0.1309
36496,21,0.1863
36497,22,0.1113
36498,7,0.1057
36499,21,0.1366
36500,28,0.1221
36501,1,0.2527
36502,21,0.1518
36503,21,0.1065
36504,22,0.1485
36505,0,0.1325
36506,11,0.1878
36507,11,0.1417
36508,24,0.1112
36509,19,0.1157
36510,24,0.1815
36511,19,0.1603
36513,7,0.1771
36515,5,0.1401
36516,7,0.2284
36517,21,0.1842
36518,19,0.1776
36519,7,0.2270
36520,21,0.1969
36521,19,0.1320
36522,28,0.1220
36523,20,0.1338
36524,21,0.1904
36525,21,0.2016
36526,21,0.2745
36527,21,0.1972
36528,21,0.2128
36529,7,0.3115
36530,7,0.1529
36531,7,0.1742
36532,7,0.2811
36533,21,0.2018
36534,7,0.2199
36535,7,0.1679
36536,21,0.1232
36538,21,0.1363
36539,21,0.1371
36540,7,0.1242
36541,7,0.1315
36542,4,0.3602
36543,4,0.2983
36544,31,0.1930
36545,4,0.4543
36546,8,0.8150
36548,0,0.1069
36549,4,0.3828
36550,4,0.4847
36551,21,0.1044
36553,4,0.2947
36554,1,0.1502
36556,27,0.1233
36557,4,0.2447
36558,11,0.3040
36563,22,0.1268
36566,0,0.1294
36568,2,0.1451
36571,21,0.1347
36572,19,0.1428
36573,24,0.1557
36574,24,0.1225
36576,21,0.1320
36579,5,0.1086
36580,7,0.2025
36581,7,0.1659
36583,1,0.1244
36584,21,0.1428
36585,7,0.1654
36586,7,0.1460
36587,21,0.1360
36588,21,0.1375
36589,7,0.1717
36590,7,0.1854
36591,0,0.1283
36592,4,0.1308
36593,6,0.1623
36594,23,0.1456
36595,9,0.2868
36596,9,0.1490
36597,9,0.1590
36598,16,0.1443
36599,9,0.1910
36600,9,0.2233
36601,9,0.2343
36602,5,0.2754
36603,9,0.3410
36604,9,0.3074
36605,23,0.1124
36606,4,0.3914
36607,4,0.3940
36608,12,0.1646
36609,12,0.1710
36611,5,0.1701
36614,9,0.1715
36615,5,0.1792
36617,19,0.1286
36619,28,0.1213
36620,6,0.1408
36621,23,0.1558
36622,19,0.1055
36623,19,0.1143
36624,5,0.1933
36625,9,0.2979
36626,5,0.2130
36627,23,0.2169
36628,8,0.3136
36629,19,0.1358
36630,19,0.1065
36631,5,0.1973
36632,5,0.2476
36633,5,0.3184
36634,19,0.1578
36635,23,0.1279
36636,19,0.1473
36637,19,0.1416
36638,5,0.1817
36639,19,0.1649
36640,23,0.1700
36641,5,0.1971
36642,5,0.2385
36643,5,0.1922
36644,9,0.1967
36645,23,0.1260
36646,23,0.1458
36647,19,0.1352
36648,5,0.1702
36649,5,0.1762
36650,23,0.1223
36651,9,0.1714
36652,9,0.1727
36653,6,0.1402
36654,8,0.1329
36655,9,0.1596
36656,9,0.1346
36657,9,0.1772
36658,9,0.2236
36659,19,0.1449
36660,23,0.1501
36661,23,0.1389
36662,8,0.1739
36663,16,0.1483
36664,8,0.7686
36665,8,0.4245
36666,8,0.2776
36667,8,0.4731
36668,19,0.1129
36669,23,0.1065
36671,9,0.1511
36672,5,0.2084
36673,9,0.1881
36674,23,0.1290
36675,23,0.1705
36676,9,0.3034
36677,12,0.1654
36678,9,0.1303
36679,5,0.1698
36680,5,0.1675
36682,23,0.1098
36683,5,0.1818
36684,5,0.1624
36685,9,0.1622
36687,19,0.1349
36688,23,0.1541
36689,5,0.1740
36690,19,0.2189
36691,19,0.1365
36692,23,0.1387
36693,5,0.4011
36694,5,0.2622
36695,5,0.3942
36696,8,0.1368
36697,8,0.3427
36698,19,0.1794
36699,16,0.2515
36700,19,0.1913
36701,8,0.4109
36702,0,0.4734
36703,15,0.1834
36704,19,0.2073
36705,23,0.1579
36706,19,0.1421
36709,5,0.1253
36710,9,0.1973
36711,9,0.2160
36713,9,0.1306
36714,5,0.1613
36715,5,0.1973
36716,9,0.2687
36717,9,0.2686
36718,9,0.1675
36719,23,0.1121
36720,23,0.1237
36721,23,0.1353
36722,9,0.1617
36723,9,0.1731
36724,5,0.1501
36725,12,0.1301
36726,19,0.1649
36727,8,0.1837
36728,8,0.2323
36729,23,0.1452
36730,6,0.1118
36732,9,0.1337
36733,9,0.2433
36734,9,0.2218
36735,8,0.6082
36736,4,0.2463
36737,23,0.1090
36738,19,0.1251
36739,19,0.2037
36740,19,0.1544
36741,19,0.1239
36742,19,0.1920
36743,19,0.1437
36744,6,0.1165
36745,5,0.2511
36746,5,0.2842
36747,5,0.2584
36748,9,0.2816
36749,9,0.2519
36751,19,0.1533
36752,9,0.2017
36753,9,0.1764
36754,9,0.1381
36755,9,0.1640
36756,5,0.2018
36757,5,0.1985
36758,12,0.1820
36759,12,0.1148
36760,5,0.2164
36761,5,0.1687
36762,9,0.1261
36763,9,0.2013
36764,5,0.1571
36765,5,0.2762
36766,5,0.2491
36767,8,0.1343
36768,23,0.1221
36769,9,0.1452
36770,5,0.2718
36771,5,0.1537
36772,19,0.1578
36773,19,0.1937
36774,9,0.2319
36775,23,0.1271
36776,9,0.1802
36777,9,0.2257
36778,9,0.1732
36780,9,0.1788
36781,23,0.1288
36782,1,0.1289
36783,9,0.2950
36784,9,0.3709
36785,5,0.2646
36786,7,0.1786
36787,7,0.1884
36788,7,0.1630
36790,19,0.1101
36792,11,0.1125
36793,1,0.1302
36794,19,0.1038
36796,15,0.1316
36798,0,0.1667
36799,23,0.1058
36800,17,0.1336
36801,0,0.2285
36803,16,0.1852
36804,0,0.2092
36805,7,0.1784
36806,21,0.1178
36807,7,0.1346
36808,21,0.1136
36810,11,0.1422
36811,1,0.2031
36812,31,0.1515
36813,5,0.1208
36814,7,0.1809
36815,7,0.1681
36816,7,0.1985
36817,7,0.1984
36818,7,0.1596
36819,7,0.1220
36820,21,0.2215
36821,7,0.2258
36822,7,0.1788
36823,19,0.1278
36824,7,0.1806
36825,7,0.1771
36826,7,0.2396
36827,24,0.2797
36828,19,0.1619
36829,7,0.1474
36830,24,0.1717
36831,22,0.1733
36832,8,0.1119
36833,0,0.1310
36834,24,0.1433
36835,24,0.3992
36836,10,0.1890
36837,24,0.2646
36838,8,0.3585
36839,8,0.5096
36840,24,0.1633
36841,8,0.3232
36843,8,0.2804
36844,8,0.6045
36849,7,0.1643
36850,7,0.1558
36851,7,0.1894
36852,7,0.1926
36854,0,0.1148
36855,5,0.1205
36856,7,0.1318
36857,19,0.1070
36858,19,0.1363
36859,7,0.1653
36860,7,0.1725
36861,7,0.1585
36862,7,0.1816
36863,7,0.1193
36864,24,0.1514
36865,24,0.1312
36866,21,0.1734
36867,7,0.1624
36868,5,0.1221
36869,21,0.1302
36870,11,0.1181
36871,5,0.1352
36872,7,0.2186
36873,7,0.1980
36874,7,0.1890
36875,7,0.2045
36876,21,0.1442
36877,21,0.1056
36879,7,0.1511
36880,5,0.1441
36881,7,0.1353
36882,7,0.2064
36883,7,0.2381
36884,21,0.1974
36885,7,0.1243
36887,19,0.1430
36890,7,0.1181
36891,7,0.1978
36892,7,0.1548
36893,7,0.1441
36894,7,0.1805
36896,21,0.1594
36897,11,0.2150
36898,7,0.1117
36899,24,0.2596
36900,19,0.1833
36901,24,0.1493
36902,21,0.1801
36903,23,0.1056
36904,15,0.1177
36905,29,0.1125
36906,21,0.1881
36907,21,0.3470
36908,15,0.2054
36909,7,0.2442
36910,15,0.2453
36911,7,0.1521
36912,15,0.1379
36913,15,0.1945
36914,15,0.1421
36915,19,0.1733
36916,5,0.2160
36917,5,0.1532
36922,33,0.3774
36923,4,0.3977
36924,4,0.2035
36925,4,0.5835
36926,4,0.6203
36927,32,0.1693
36928,16,0.1828
36931,21,0.1036
36932,24,0.2087
36933,31,0.1123
36934,21,0.1251
36935,7,0.2014
36936,11,0.1287
36938,0,0.1122
36940,19,0.1028
36941,7,0.1192
36942,7,0.1860
36943,24,0.2829
36944,24,0.2106
36945,8,0.1411
36946,23,0.1713
36947,24,0.1332
36948,33,0.3462
36950,0,0.1351
36951,32,0.1660
36952,24,0.1210
36954,32,0.1209
36957,19,0.1071
36958,19,0.1090
36959,21,0.1128
36960,1,0.1421
36963,5,0.1068
36964,21,0.1242
36965,7,0.1079
36966,5,0.1705
36967,21,0.1041
36969,0,0.1056
36971,19,0.1522
36972,8,0.2453
36973,8,0.3690
36974,8,0.2805
36975,19,0.1801
36976,24,0.1049
36978,16,0.1872
36979,8,0.2404
36980,8,0.1479
36981,19,0.1099
36982,9,0.1357
36983,9,0.1513
36987,4,0.6818
36988,4,0.8332
36990,22,0.1871
36991,8,0.3015
36992,5,0.1031
36994,8,0.1036
36997,8,0.1771
36998,7,0.1082
36999,24,0.1384
37002,0,0.1069
37004,8,0.1320
37005,8,0.1859
37007,7,0.1222
37008,7,0.1316
37013,18,0.1236
37017,7,0.1091
37019,0,0.1401
37020,4,0.3834
37025,18,0.1030
37027,7,0.1142
37028,7,0.1058
37029,7,0.1058
37030,8,0.1825
37032,7,0.1464
37033,7,0.1711
37034,8,0.5883
37035,8,0.5267
37036,13,0.1412
37037,7,0.1151
37038,7,0.1090
37040,22,0.1797
37041,23,0.1234
37042,21,0.1347
37043,21,0.1359
37044,21,0.2058
37045,8,0.1109
37046,10,0.1175
37047,8,0.1867
37048,9,0.2524
37049,23,0.1653
37051,7,0.1351
37052,32,0.1684
37053,4,0.9481
37054,4,0.6077
37055,8,0.5342
37056,8,0.2866
37057,7,0.1181
37060,21,0.1202
37061,7,0.1077
37062,18,0.1182
37063,1,0.1037
37064,9,0.1844
37065,8,0.2210
37066,8,0.1964
37067,24,0.1389
37069,8,0.2550
37070,8,0.2185
37071,9,0.1116
37072,7,0.1269
37073,7,0.1099
37074,24,0.1217
37075,6,0.1235
37077,24,0.1607
37078,7,0.1221
37079,7,0.1699
37080,21,0.1184
37081,0,0.1078
37082,7,0.1296
37083,7,0.1117
37084,8,0.1466
37085,7,0.1845
37086,7,0.1178
37087,21,0.1139
37090,8,0.1684
37091,8,0.1702
37092,8,0.2478
37093,9,0.1291
37095,8,0.1592
37096,8,0.1474
37097,9,0.1191
37098,7,0.1401
37100,5,0.1078
37101,5,0.1051
37103,7,0.1162
37105,8,0.1397
37106,19,0.1257
37107,8,0.1346
37108,5,0.1961
37109,6,0.1034
37110,6,0.1097
37111,10,0.1257
37117,7,0.1115
37118,7,0.1216
37119,7,0.1247
37120,24,0.1552
37121,24,0.3439
37122,8,0.2698
37123,8,0.2031
37124,8,0.2363
37125,8,0.2771
37126,8,0.1698
37127,8,0.2222
37128,9,0.1769
37129,9,0.2255
37130,8,0.4883
37131,8,0.7787
37132,20,0.1177
37134,8,0.2416
37135,8,0.5315
37136,8,0.3391
37137,9,0.1838
37138,21,0.1482
37139,24,0.1082
37140,24,0.1492
37141,7,0.1233
37142,9,0.1654
37143,7,0.1145
37144,7,0.1659
37145,5,0.1537
37148,8,0.2091
37149,8,0.1902
37150,8,0.3216
37151,8,0.1767
37152,8,0.2410
37153,8,0.1325
37154,8,0.2812
37155,9,0.2130
37156,8,0.2573
37157,8,0.2854
37158,8,0.3393
37159,8,0.3115
37160,8,0.2175
37161,9,0.2031
37162,9,0.2095
37163,9,0.1129
37164,7,0.1767
37165,7,0.2438
37166,7,0.2634
37167,8,0.2097
37168,21,0.1388
37169,21,0.1147
37171,7,0.1547
37172,21,0.1566
37173,8,0.1915
37174,7,0.2298
37175,8,0.1537
37176,11,0.1812
37177,21,0.1604
37178,21,0.1344
37179,8,0.2605
37180,8,0.2475
37181,0,0.5441
37182,4,0.9016
37183,7,0.1514
37184,7,0.1493
37185,8,0.1068
37186,1,0.1285
37187,8,0.1131
37190,15,0.1059
37191,24,0.1065
37192,7,0.1136
37194,7,0.1053
37197,21,0.1077
37198,21,0.1450
37199,21,0.2808
37200,21,0.2365
37204,21,0.1374
37205,21,0.1976
37206,7,0.1188
37207,21,0.1134
37208,21,0.1223
37210,8,0.2518
37211,8,0.3400
37213,21,0.1487
37214,24,0.1700
37215,8,0.4018
37216,8,0.6209
37217,8,0.5060
37218,11,0.1706
37219,11,0.1592
37220,5,0.1506
37222,24,0.1071
37223,8,0.2289
37224,16,0.2986
37225,16,0.4061
37226,0,0.3112
37227,8,0.4060
37228,9,0.3060
37229,8,0.2951
37230,9,0.1729
37231,8,0.1858
37232,8,0.1311
37233,21,0.1119
37234,21,0.1220
37235,21,0.1610
37236,21,0.1815
37237,21,0.1451
37238,22,0.1084
37239,30,0.1373
37240,21,0.1451
37245,9,0.1146
37246,5,0.1760
37248,4,0.8230
37249,4,0.9882
37250,4,0.7762
37251,8,0.8328
37252,4,0.8136
37253,0,0.5260
37254,7,0.1511
37255,28,0.2032
37256,8,0.3127
37257,21,0.1067
37259,8,0.1276
37261,18,0.1384
37263,7,0.1054
37267,13,0.1475
37268,13,0.1258
37273,5,0.1029
37274,7,0.1155
37275,5,0.1057
37278,18,0.1107
37279,16,0.1167
37280,0,0.1885
37283,7,0.1045
37286,24,0.1226
37288,5,0.1141
37289,5,0.1396
37292,21,0.1153
37295,24,0.1287
37297,4,0.2345
37298,4,0.4444
37299,22,0.1175
37300,16,0.1612
37301,8,0.3956
37303,21,0.1227
37305,21,0.1446
37306,8,0.1311
37307,19,0.1825
37309,7,0.1070
37310,5,0.1066
37311,7,0.1706
37312,21,0.1324
37313,7,0.1388
37314,22,0.1462
37315,28,0.2119
37316,21,0.1291
37317,29,0.1040
37318,29,0.1495
37319,29,0.1233
37320,24,0.1457
37321,19,0.2331
37322,19,0.2391
37323,7,0.1156
37324,7,0.1068
37327,7,0.1039
37328,5,0.1037
37329,5,0.1154
37330,5,0.1233
37331,24,0.1055
37333,7,0.1229
37334,24,0.1109
37336,7,0.1138
37337,24,0.1191
37340,5,0.1772
37341,5,0.1166
37343,23,0.1402
37351,24,0.1052
37353,6,0.1114
37354,5,0.1315
37355,0,0.5169
37356,0,0.4933
37357,5,0.1393
37358,9,0.1492
37359,7,0.1305
37361,6,0.1165
37364,18,0.1119
37365,18,0.1105
37366,24,0.1069
37368,5,0.1078
37370,7,0.1156
37371,7,0.1054
37373,5,0.1590
37374,5,0.2198
37375,5,0.1053
37378,18,0.1242
37383,5,0.1323
37386,7,0.1117
37389,7,0.1353
37390,5,0.1123
37394,21,0.1201
37395,24,0.1127
37397,5,0.1370
37398,14,0.1280
37399,8,0.4211
37401,23,0.1198
37402,10,0.1046
37403,7,0.1175
37408,24,0.1049
37409,21,0.1187
37410,7,0.1108
37411,8,0.1796
37412,8,0.1534
37417,7,0.1121
37418,0,0.1319
37419,6,0.1176
37420,6,0.1093
37422,8,0.1323
37424,7,0.1263
37425,5,0.1150
37426,23,0.1127
37427,12,0.1537
37428,14,0.1126
37430,0,0.1051
37431,11,0.1202
37435,12,0.1357
37437,8,0.2355
37438,8,0.1191
37441,7,0.1218
37442,21,0.1087
37444,16,0.1413
37445,14,0.1301
37449,5,0.1053
37452,5,0.1136
37453,7,0.1145
37454,7,0.1164
37460,24,0.1119
37461,23,0.1374
37464,24,0.1075
37465,21,0.1222
37469,29,0.1030
37473,24,0.1136
37474,24,0.1154
37475,9,0.1208
37476,5,0.1208
37477,24,0.1145
37478,24,0.1563
37479,24,0.2114
37480,19,0.2051
37481,19,0.1464
37482,16,0.1450
37484,5,0.1217
37485,8,0.1790
37486,19,0.1949
37487,24,0.1073
37488,8,0.3642
37489,8,0.2356
37490,8,0.2258
37491,23,0.1615
37492,6,0.1523
37494,7,0.1085
37495,0,0.1414
37496,1,0.2095
37497,1,0.1785
37498,7,0.1356
37502,16,0.1273
37505,21,0.1235
37506,7,0.1707
37507,7,0.1700
37508,21,0.1586
37509,7,0.1487
37510,21,0.1447
37511,7,0.1571
37512,7,0.1566
37513,21,0.1596
37514,7,0.1481
37515,7,0.1385
37516,21,0.1543
37517,21,0.1395
37518,7,0.1271
37519,21,0.1315
37520,21,0.1463
37521,21,0.1433
37522,21,0.1326
37523,21,0.1322
37524,21,0.1402
37525,21,0.1578
37526,21,0.1341
37527,21,0.1432
37528,21,0.1497
37529,21,0.1502
37530,7,0.1671
37531,21,0.1579
37532,21,0.2041
37533,7,0.2197
37534,7,0.1555
37535,7,0.1455
37536,21,0.1730
37537,21,0.1766
37538,21,0.1354
37539,21,0.1462
37540,21,0.1460
37541,7,0.1133
37542,21,0.1231
37543,21,0.1623
37544,21,0.1440
37545,21,0.1624
37546,21,0.1326
37547,21,0.1410
37548,21,0.1236
37549,21,0.1252
37550,7,0.1284
37551,24,0.1252
37552,21,0.1629
37553,21,0.1505
37554,21,0.1336
37555,7,0.2653
37556,7,0.2091
37557,7,0.1851
37558,21,0.1596
37559,21,0.1692
37560,21,0.1449
37561,7,0.1884
37562,21,0.1890
37563,21,0.1679
37564,21,0.1482
37565,21,0.1341
37566,21,0.1745
37567,21,0.1686
37568,21,0.1633
37569,21,0.1665
37570,21,0.1461
37571,21,0.1618
37572,7,0.1581
37573,21,0.1690
37574,7,0.1553
37576,0,0.1468
37577,5,0.1059
37578,7,0.1743
37579,21,0.1762
37580,7,0.1481
37581,5,0.1308
37582,7,0.2056
37583,7,0.2612
37584,5,0.1920
37585,21,0.1531
37586,7,0.1457
37587,21,0.1234
37588,21,0.1877
37589,21,0.1227
37590,9,0.1843
37591,21,0.1318
37592,7,0.2676
37593,7,0.1737
37594,7,0.1665
37595,7,0.1831
37596,21,0.1300
37597,5,0.1693
37598,7,0.1467
37599,5,0.1187
37600,5,0.1258
37601,7,0.1758
37604,13,0.1062
37607,24,0.1078
37608,21,0.1353
37609,7,0.1662
37610,7,0.1102
37611,7,0.1228
37613,24,0.1241
37614,24,0.1142
37618,5,0.1215
37619,5,0.1838
37620,7,0.1612
37621,0,0.1095
37622,0,0.2356
37623,21,0.1888
37624,7,0.1649
37625,7,0.2071
37626,7,0.2123
37627,7,0.1328
37628,5,0.1407
37629,5,0.1203
37631,15,0.1165
37632,13,0.1168
37633,13,0.1319
37635,12,0.1134
37636,4,0.1996
37637,1,0.1715
37638,7,0.1154
37639,5,0.1759
37640,16,0.2183
37641,18,0.1643
37642,5,0.1107
37643,5,0.1583
37645,15,0.1073
37646,7,0.1580
37647,15,0.1525
37648,16,0.1196
37649,16,0.3609
37650,25,0.1618
37651,7,0.2269
37652,16,0.3144
37653,8,0.3900
37654,8,0.2945
37655,8,0.4468
37656,8,0.6477
37657,8,0.2470
37658,8,0.5409
37659,8,0.5351
37660,15,0.1990
37661,16,0.1919
37662,0,0.1505
37663,7,0.1577
37666,7,0.1362
37667,21,0.1301
37670,7,0.1364
37671,21,0.1513
37672,21,0.1679
37673,21,0.1636
37674,7,0.1639
37675,21,0.1608
37676,7,0.1696
37677,7,0.1609
37678,7,0.1500
37679,21,0.1725
37680,7,0.2199
37681,4,0.9992
37682,4,0.9728
37683,8,0.4269
37684,8,0.2474
37686,4,0.1159
37687,4,0.1824
37688,4,0.3427
37689,0,0.1628
37690,8,0.5603
37691,8,0.7075
37692,8,0.9399
37693,8,0.7531
37694,8,0.4485
37695,8,0.5746
37696,8,0.4049
37697,4,0.4254
37698,8,0.5230
37699,8,0.3242
37701,21,0.1429
37716,7,0.1346
37717,7,0.1781
37718,7,0.1274
37719,7,0.1307
37720,5,0.1170
37724,7,0.1276
37725,7,0.1453
37726,7,0.2111
37727,7,0.1071
37728,7,0.1470
37729,21,0.1737
37730,19,0.1447
37731,7,0.1690
37732,19,0.1717
37733,16,0.1514
37734,7,0.1669
37735,7,0.1634
37736,15,0.2278
37737,7,0.2540
37738,5,0.1905
37739,19,0.2152
37740,11,0.1532
37741,25,0.1194
37742,5,0.1875
37743,5,0.1381
37744,7,0.1445
37745,7,0.1352
37746,21,0.1128
37747,7,0.1226
37748,7,0.1214
37749,7,0.1076
37750,0,0.1378
37751,19,0.1795
37752,9,0.2516
37753,5,0.1697
37754,5,0.2203
37755,19,0.1269
37757,7,0.1837
37758,25,0.1522
37759,0,0.1118
37760,7,0.2155
37761,5,0.1271
37762,7,0.1418
37763,7,0.2282
37764,7,0.1318
37766,16,0.3125
37767,8,0.1231
37768,5,0.1492
37769,19,0.1290
37770,21,0.2232
37771,15,0.1071
37774,24,0.1050
37775,13,0.1134
37776,7,0.1633
37778,7,0.1261
37779,7,0.2664
37780,7,0.2004
37781,7,0.2554
37782,21,0.2213
37783,7,0.2524
37784,7,0.2476
37785,7,0.2571
37786,7,0.2287
37787,7,0.2551
37788,21,0.2484
37789,21,0.2763
37790,21,0.1638
37791,19,0.1197
37792,7,0.2415
37793,7,0.1842
37794,7,0.2492
37795,7,0.2322
37796,7,0.2699
37797,21,0.1655
37798,21,0.1501
37799,1,0.1683
37800,1,0.1515
37801,1,0.1586
37802,1,0.1736
37803,9,0.1327
37804,15,0.1718
37805,15,0.1510
37806,31,0.2189
37807,1,0.2464
37808,31,0.1709
37809,15,0.1473
37810,15,0.1555
37811,19,0.1316
37812,7,0.1515
37813,15,0.1521
37814,19,0.1161
37815,7,0.1605
37816,31,0.1057
37817,1,0.1309
37818,1,0.1360
37819,17,0.1482
37821,12,0.1449
37822,15,0.1345
37823,19,0.1244
37824,19,0.1029
37825,15,0.1664
37826,31,0.1301
37827,19,0.1506
37828,19,0.1785
37829,1,0.1996
37830,7,0.1392
37831,7,0.1461
37832,7,0.1085
37833,21,0.1272
37834,7,0.1032
37835,21,0.1185
37837,5,0.1121
37840,7,0.1060
37841,7,0.1592
37842,7,0.1844
37845,5,0.1758
37847,7,0.1118
37848,7,0.1242
37850,24,0.1091
37851,7,0.1283
37853,21,0.1750
37856,21,0.1245
37857,5,0.1226
37859,19,0.1138
37860,5,0.1359
37861,21,0.1238
37862,7,0.1665
37863,5,0.1168
37864,21,0.1403
37865,7,0.1766
37866,7,0.1132
37867,7,0.1717
37868,9,0.2063
37869,5,0.1488
37870,7,0.1871
37871,7,0.1309
37872,7,0.1506
37873,7,0.2132
37874,7,0.1314
37876,19,0.1146
37877,7,0.1314
37878,7,0.1243
37879,7,0.1411
37880,7,0.1126
37881,5,0.1132
37883,7,0.1064
37884,7,0.1429
37885,7,0.1131
37886,5,0.1094
37887,5,0.1071
37889,7,0.1161
37890,7,0.1063
37891,7,0.1161
37893,21,0.1592
37894,7,0.1611
37896,9,0.1332
37897,5,0.1256
37900,19,0.1179
37901,5,0.1362
37903,5,0.1477
37906,6,0.1043
37909,6,0.1172
37913,5,0.1281
37914,5,0.1103
37915,21,0.1299
37916,21,0.1068
37918,21,0.1108
37920,5,0.1065
37927,24,0.1062
37930,24,0.1483
37931,24,0.2043
37932,24,0.1234
37933,24,0.1071
37935,24,0.1100
37936,24,0.1044
37937,24,0.1179
37938,24,0.2827
37939,24,0.2183
37940,21,0.1030
37941,7,0.1195
37942,7,0.1043
37945,21,0.1035
37949,5,0.1561
37950,5,0.1089
37951,5,0.1483
37952,5,0.1847
37956,18,0.1221
37957,2,0.2051
37959,0,0.1125
37960,0,0.1391
37962,4,0.1801
37963,4,0.1823
37966,0,0.4125
37967,0,0.4484
37969,4,0.1739
37970,4,0.1774
37971,27,0.1043
37972,16,0.2530
37973,25,0.1262
37974,8,0.1477
37975,4,0.4127
37976,4,0.4858
37977,33,0.2103
37978,33,0.1630
37979,16,0.4806
37980,30,0.1026
37981,27,0.2145
37982,28,0.3120
37983,28,0.2363
37984,4,0.1624
37985,1,0.2225
37987,8,0.1648
37994,7,0.1090
37997,7,0.1094
37998,21,0.1204
37999,21,0.1136
38000,21,0.1240
38001,7,0.1277
38002,21,0.1282
38003,4,0.9951
38004,4,0.9998
38005,5,0.1226
38006,0,0.1396
38007,13,0.3307
38008,13,0.2583
38009,16,0.2292
38010,16,0.1591
38011,0,0.2343
38014,27,0.1087
38015,2,0.1744
38016,28,0.1569
38017,3,0.1042
38018,1,0.1080
38019,28,0.2891
38020,2,0.1442
38021,2,0.1372
38022,28,0.1628
38023,5,0.1116
38026,21,0.1101
38030,5,0.1331
38031,5,0.1997
38032,7,0.1167
38033,7,0.1288
38034,7,0.1110
38036,1,0.2275
38037,3,0.1261
38038,5,0.1496
38039,7,0.1037
38040,4,0.1993
38041,4,0.2118
38042,21,0.1105
38044,3,0.1192
38047,0,0.1914
38048,0,0.1759
38049,5,0.1373
38051,3,0.1413
38052,3,0.1692
38053,32,0.1244
38054,7,0.1150
38055,15,0.1121
38056,27,0.1117
38057,27,0.1305
38058,5,0.1270
38059,28,0.1389
38060,28,0.1445
38062,31,0.1605
38067,5,0.1442
38069,5,0.1178
38070,5,0.1244
38071,5,0.1459
38072,5,0.1573
38073,18,0.1061
38074,5,0.1289
38075,5,0.2150
38076,5,0.2046
38077,5,0.1930
38078,5,0.1702
38079,5,0.1753
38080,18,0.1439
38082,7,0.1940
38083,5,0.1300
38084,19,0.1341
38085,15,0.1370
38086,15,0.1798
38087,15,0.1579
38088,18,0.1811
38089,18,0.1574
38090,8,0.5730
38091,8,0.7073
38092,22,0.1385
38093,8,0.5880
38094,8,0.7016
38095,19,0.2985
38096,24,0.1954
38097,24,0.1046
38098,15,0.1438
38099,7,0.1056
38100,7,0.1243
38101,7,0.1508
38102,7,0.1641
38103,7,0.1965
38104,21,0.1596
38105,7,0.1420
38109,7,0.1483
38110,19,0.1222
38111,7,0.1773
38112,7,0.2926
38113,7,0.2196
38114,7,0.2331
38115,7,0.1950
38116,7,0.1566
38117,21,0.1386
38118,7,0.2006
38119,7,0.1545
38120,7,0.1735
38121,7,0.1499
38122,7,0.1592
38123,23,0.1415
38124,28,0.1254
38125,23,0.1366
38126,23,0.1059
38127,15,0.1326
38128,16,0.1310
38129,12,0.1903
38130,31,0.1784
38131,32,0.2486
38132,18,0.1266
38134,32,0.1434
38135,32,0.1895
38136,28,0.1078
38137,8,0.1239
38138,19,0.1254
38139,24,0.2281
38140,24,0.1629
38141,15,0.1370
38144,19,0.1237
38145,15,0.1696
38146,13,0.1628
38147,25,0.1268
38150,6,0.1098
38151,15,0.1551
38152,19,0.1209
38153,7,0.1838
38154,23,0.1375
38155,19,0.1455
38156,24,0.1975
38157,21,0.1330
38158,0,0.2963
38159,5,0.1383
38160,7,0.1829
38161,7,0.1762
38162,21,0.1582
38163,21,0.1969
38164,7,0.2199
38165,10,0.1389
38166,21,0.1581
38167,21,0.1949
38168,16,0.2497
38169,8,0.1642
38170,23,0.2110
38171,23,0.2245
38172,8,0.1066
38173,8,0.2657
38174,8,0.2009
38175,21,0.1540
38176,21,0.2940
38177,19,0.1810
38178,16,0.1516
38179,7,0.1105
38180,21,0.1241
38181,7,0.1835
38182,15,0.1681
38183,15,0.1873
38184,15,0.1236
38185,21,0.1134
38186,7,0.1217
38187,1,0.1505
38188,21,0.1145
38189,21,0.1936
38190,7,0.1792
38193,7,0.1209
38194,8,0.2595
38195,8,0.3862
38196,13,0.1866
38197,0,0.1540
38199,13,0.1179
38201,32,0.1973
38202,11,0.1580
38203,5,0.1142
38204,21,0.1950
38205,15,0.1613
38206,13,0.1479
38207,13,0.1329
38208,29,0.1320
38210,8,0.3441
38211,8,0.2493
38212,21,0.1355
38213,0,0.1572
38214,0,0.1595
38215,21,0.1120
38216,21,0.2127
38217,21,0.1356
38218,21,0.1084
38219,8,0.1696
38220,8,0.3117
38222,1,0.2395
38223,0,0.3312
38224,7,0.1799
38225,8,0.1328
38226,8,0.2861
38227,8,0.1289
38228,8,0.1370
38229,0,0.1478
38230,24,0.2082
38231,8,0.4240
38232,0,0.3102
38233,16,0.2170
38234,8,0.8078
38235,8,0.5798
38236,16,0.1204
38237,22,0.1252
38238,16,0.2267
38239,21,0.1835
38240,16,0.1674
38241,8,0.5712
38242,8,0.6798
38243,21,0.1627
38244,21,0.1977
38245,21,0.1793
38246,8,0.1615
38247,21,0.2289
38248,21,0.1682
38249,7,0.1791
38250,7,0.2039
38252,24,0.1031
38253,24,0.1150
38254,24,0.1145
38255,24,0.1155
38256,24,0.1342
38257,24,0.1607
38258,21,0.1429
38259,21,0.1615
38260,21,0.1843
38261,21,0.1078
38262,21,0.1726
38263,21,0.1486
38265,0,0.1590
38266,21,0.1579
38267,21,0.1142
38269,21,0.1258
38270,21,0.1178
38271,21,0.1868
38272,19,0.1041
38273,21,0.1212
38274,7,0.2125
38275,21,0.1825
38276,21,0.2501
38277,7,0.1847
38278,24,0.1061
38279,24,0.2286
38280,21,0.1837
38281,21,0.1460
38282,21,0.1498
38283,7,0.1163
38284,24,0.1577
38285,21,0.1993
38286,21,0.1259
38287,21,0.1487
38288,21,0.1913
38289,21,0.1648
38290,21,0.1194
38291,21,0.1674
38292,21,0.1315
38293,7,0.2117
38294,7,0.1465
38295,21,0.1494
38296,7,0.1546
38297,7,0.1328
38298,21,0.1643
38299,21,0.1797
38300,21,0.2027
38301,21,0.2613
38302,21,0.1325
38303,7,0.1069
38304,7,0.2114
38305,7,0.1992
38306,21,0.1770
38307,21,0.2122
38308,21,0.1786
38309,7,0.1548
38310,7,0.1525
38311,21,0.2135
38312,24,0.1379
38313,21,0.1100
38314,7,0.1386
38315,24,0.1965
38316,21,0.1304
38318,21,0.1127
38319,21,0.1606
38320,21,0.1416
38321,0,0.1472
38322,32,0.1358
38323,21,0.1037
38324,21,0.1649
38325,21,0.1472
38326,21,0.2306
38327,21,0.1913
38328,21,0.2062
38329,0,0.1121
38330,24,0.1281
38331,21,0.1511
38332,24,0.1594
38333,7,0.1476
38335,21,0.1218
38336,21,0.2608
38337,24,0.1937
38338,24,0.2079
38339,21,0.2309
38340,9,0.1855
38341,9,0.1257
38342,5,0.2420
38343,9,0.2491
38344,9,0.1934
38345,9,0.2397
38346,5,0.1444
38347,9,0.2313
38348,5,0.2446
38349,9,0.1579
38350,5,0.2026
38351,5,0.2536
38352,6,0.1102
38353,9,0.1326
38354,9,0.1369
38355,5,0.1395
38356,9,0.1556
38357,5,0.2751
38358,5,0.2567
38360,8,0.7795
38361,8,0.9869
38362,8,0.9944
38363,8,0.9738
38364,8,0.7878
38365,8,0.6344
38366,8,0.5338
38367,8,0.3450
38368,8,0.2341
38369,16,0.5405
38370,8,0.2286
38371,8,0.3949
38372,9,0.3105
38373,9,0.2915
38374,8,0.2528
38375,9,0.1939
38376,5,0.2315
38377,9,0.2581
38378,9,0.1607
38379,19,0.1378
38380,5,0.2355
38381,5,0.2332
38382,19,0.1332
38383,12,0.1994
38384,12,0.1684
38385,7,0.1670
38386,5,0.1938
38387,31,0.1258
38389,7,0.1308
38390,7,0.1165
38392,23,0.1256
38393,19,0.1926
38394,5,0.1463
38395,5,0.2762
38396,19,0.1228
38397,6,0.1451
38398,7,0.1486
38399,5,0.1067
38400,5,0.3195
38401,5,0.3293
38402,5,0.2880
38403,5,0.1569
38404,5,0.3049
38405,9,0.2645
38406,9,0.1774
38407,5,0.1778
38408,9,0.1745
38409,9,0.1376
38410,9,0.1902
38411,9,0.1482
38412,10,0.1397
38413,6,0.1250
38414,1,0.1438
38415,4,0.1271
38417,5,0.1061
38420,6,0.1082
38421,6,0.1431
38422,19,0.1162
38423,5,0.1385
38424,5,0.1836
38425,5,0.4276
38426,7,0.2082
38427,7,0.1367
38428,6,0.1145
38429,5,0.1299
38430,19,0.1045
38431,6,0.1174
38432,6,0.1711
38433,19,0.1796
38434,5,0.1508
38435,7,0.1447
38436,5,0.2099
38437,12,0.1074
38438,1,0.2709
38439,7,0.1781
38441,6,0.1124
38442,8,0.9242
38443,8,0.9608
38444,8,0.6567
38445,8,0.5926
38446,8,0.5495
38447,8,0.4323
38448,16,0.4192
38449,19,0.1838
38450,1,0.1268
38451,19,0.1475
38452,7,0.1119
38453,5,0.1179
38454,5,0.1235
38455,5,0.2492
38456,5,0.2703
38457,7,0.1153
38458,5,0.2327
38459,7,0.2750
38460,5,0.2458
38461,7,0.1129
38462,12,0.1090
38463,19,0.1600
38464,5,0.2091
38465,5,0.1761
38466,5,0.1881
38467,5,0.1265
38468,7,0.1718
38469,7,0.1690
38473,6,0.1090
38474,6,0.1258
38475,7,0.1879
38477,5,0.1835
38478,6,0.1841
38479,5,0.1105
38480,6,0.1099
38481,6,0.1370
38482,5,0.1488
38483,5,0.2021
38484,5,0.1361
38485,6,0.1061
38486,6,0.1262
38487,6,0.1628
38488,6,0.1259
38489,31,0.1056
38490,5,0.1505
38491,5,0.1594
38492,5,0.1922
38493,6,0.1221
38494,6,0.1218
38495,5,0.1352
38496,5,0.1691
38498,5,0.1423
38500,1,0.1200
38502,5,0.1230
38503,5,0.1254
38504,7,0.1175
38505,5,0.1770
38508,7,0.1379
38509,5,0.2264
38510,5,0.2347
38511,6,0.1276
38512,5,0.1551
38513,5,0.2912
38514,5,0.2562
38515,5,0.1305
38516,9,0.1679
38517,9,0.1650
38518,5,0.1332
38519,5,0.1329
38520,5,0.1382
38522,1,0.2319
38523,4,0.1439
38524,4,0.2135
38525,4,0.3240
38526,4,0.2675
38527,4,0.1358
38528,23,0.2428
38529,23,0.1828
38530,19,0.2166
38531,8,0.1616
38532,9,0.3071
38533,23,0.1739
38534,23,0.1587
38535,23,0.1551
38536,23,0.2132
38537,19,0.2040
38538,23,0.1592
38539,23,0.1148
38540,19,0.2173
38541,23,0.1915
38542,23,0.2144
38543,19,0.2001
38544,19,0.2069
38545,19,0.1732
38546,5,0.2392
38547,9,0.2678
38548,9,0.2299
38549,23,0.2183
38550,19,0.1689
38551,5,0.2803
38552,23,0.1778
38553,23,0.1758
38554,19,0.1705
38555,19,0.1805
38556,19,0.2922
38557,19,0.1975
38558,19,0.2277
38559,19,0.1832
38560,19,0.1798
38561,23,0.2154
38562,23,0.1888
38563,19,0.1770
38564,19,0.1986
38565,19,0.2563
38566,23,0.1357
38567,19,0.1186
38568,23,0.1598
38569,23,0.1324
38570,19,0.2189
38571,19,0.2048
38572,19,0.1567
38573,6,0.1409
38574,23,0.1483
38575,9,0.2186
38576,19,0.1800
38577,19,0.1593
38578,23,0.1179
38579,23,0.1154
38580,23,0.1607
38581,9,0.1519
38582,5,0.1527
38583,23,0.1405
38584,19,0.1973
38585,19,0.2122
38586,19,0.1934
38587,23,0.1616
38588,23,0.2143
38589,23,0.1706
38590,23,0.1799
38591,23,0.1567
38592,7,0.2009
38593,23,0.1423
38594,23,0.2185
38595,23,0.2245
38596,23,0.1954
38597,23,0.1619
38598,19,0.1908
38599,9,0.1864
38600,8,0.1693
38601,0,0.1604
38602,5,0.3636
38603,19,0.1503
38604,19,0.1851
38605,23,0.2687
38606,23,0.2192
38607,23,0.1692
38608,23,0.1312
38609,23,0.1929
38610,9,0.4310
38611,23,0.1716
38612,19,0.1416
38613,5,0.1152
38614,19,0.1185
38615,23,0.1978
38616,9,0.2449
38617,9,0.1588
38618,23,0.1665
38619,19,0.1154
38620,19,0.1699
38621,23,0.1870
38622,19,0.1573
38623,23,0.1423
38624,23,0.1527
38625,19,0.1172
38626,19,0.1901
38627,19,0.2018
38628,23,0.1796
38629,19,0.1027
38630,5,0.1771
38631,9,0.2542
38632,19,0.1719
38633,19,0.1311
38634,19,0.2128
38635,19,0.1583
38636,19,0.2289
38637,23,0.1881
38638,19,0.1130
38639,23,0.1361
38640,24,0.1388
38641,23,0.1502
38642,23,0.1490
38643,19,0.1845
38644,23,0.1429
38645,23,0.1417
38646,23,0.1427
38647,8,0.3753
38648,23,0.2200
38649,8,0.5856
38650,8,0.5741
38651,8,0.9579
38652,8,0.9717
38653,8,0.7223
38654,8,0.2297
38655,23,0.1966
38656,8,0.3055
38657,23,0.1936
38658,19,0.1571
38659,10,0.1293
38660,9,0.1919
38661,23,0.1812
38662,23,0.1836
38663,5,0.1444
38664,19,0.1626
38665,19,0.1527
38666,23,0.1731
38667,23,0.1423
38668,19,0.1168
38669,23,0.1967
38670,23,0.2096
38671,23,0.1658
38672,9,0.1824
38673,9,0.2263
38674,5,0.2407
38675,19,0.1716
38676,9,0.2633
38677,19,0.1193
38678,6,0.1598
38679,23,0.1501
38680,9,0.1983
38681,5,0.2808
38682,19,0.1649
38683,9,0.2182
38684,9,0.1780
38685,19,0.2371
38686,5,0.2652
38687,23,0.1443
38688,19,0.1070
38689,5,0.1162
38690,5,0.1258
38691,19,0.1616
38692,9,0.2627
38693,9,0.1764
38694,19,0.1823
38695,23,0.1242
38696,19,0.1459
38697,23,0.1436
38698,23,0.1656
38699,9,0.1836
38700,9,0.1450
38701,19,0.1800
38702,23,0.1877
38703,23,0.1788
38704,10,0.1491
38705,23,0.1131
38706,23,0.1237
38707,19,0.1207
38708,19,0.2268
38709,23,0.1772
38710,19,0.2254
38711,19,0.1653
38712,23,0.1895
38713,5,0.1397
38714,19,0.1268
38716,27,0.1126
38717,9,0.1748
38718,23,0.1652
38719,19,0.1611
38720,19,0.1187
38721,9,0.2142
38722,19,0.1320
38723,19,0.1117
38724,5,0.1661
38725,19,0.2157
38726,19,0.2235
38727,6,0.1956
38728,23,0.1419
38729,23,0.1304
38730,5,0.1203
38731,23,0.1592
38732,19,0.2228
38733,19,0.1991
38734,19,0.1854
38735,8,0.1644
38736,23,0.1662
38737,9,0.1656
38738,9,0.1864
38739,23,0.1727
38740,9,0.1747
38741,23,0.1610
38742,19,0.1884
38743,23,0.1332
38744,5,0.2331
38745,19,0.2044
38746,23,0.1629
38747,23,0.1573
38748,19,0.1584
38749,23,0.1601
38750,23,0.1651
38751,23,0.2178
38752,19,0.1645
38753,23,0.1153
38754,23,0.1266
38755,23,0.1332
38756,19,0.2951
38757,19,0.2080
38758,23,0.1176
38759,4,0.1622
38760,23,0.1429
38761,19,0.1505
38762,9,0.2887
38763,5,0.4485
38764,5,0.1713
38765,1,0.1475
38767,23,0.1324
38768,19,0.1401
38769,23,0.1732
38771,8,0.1719
38772,9,0.1125
38773,7,0.1571
38774,24,0.1745
38775,21,0.1783
38776,24,0.1945
38777,24,0.2242
38778,21,0.1940
38779,7,0.1592
38780,24,0.3718
38781,24,0.3336
38782,21,0.1145
38783,24,0.1965
38784,7,0.2056
38785,21,0.1486
38786,24,0.1853
38787,7,0.2113
38788,21,0.2655
38789,8,0.2268
38790,21,0.1718
38791,21,0.1750
38794,24,0.2558
38795,24,0.2264
38796,7,0.1952
38797,7,0.3184
38798,21,0.1653
38800,7,0.2207
38801,24,0.1641
38802,7,0.2673
38803,7,0.2714
38804,7,0.1942
38805,7,0.2152
38806,7,0.2908
38807,24,0.2964
38808,24,0.1955
38809,8,0.3423
38811,7,0.1829
38812,0,0.2107
38813,11,0.2094
38814,7,0.2080
38815,21,0.1151
38816,8,0.1653
38817,24,0.2733
38818,19,0.1503
38819,21,0.2352
38820,24,0.2704
38821,8,0.2269
38822,19,0.1385
38823,19,0.1871
38824,17,0.1200
38825,7,0.1596
38826,8,0.1251
38827,1,0.2400
38828,1,0.1474
38829,7,0.1972
38830,5,0.1464
38831,19,0.2027
38832,19,0.1357
38833,24,0.1629
38834,8,0.1609
38835,8,0.1885
38836,16,0.2297
38837,16,0.5628
38838,16,0.4335
38839,8,0.2664
38840,8,0.6286
38841,21,0.1366
38842,16,0.2533
38843,8,0.5841
38844,8,0.5919
38845,8,0.2671
38846,0,0.1582
38847,0,0.2541
38848,8,0.3837
38849,8,0.4089
38850,16,0.3563
38851,16,0.3337
38852,1,0.1934
38853,15,0.1071
38854,21,0.2300
38856,19,0.1416
38857,21,0.1339
38860,1,0.1312
38861,7,0.1995
38862,8,0.1721
38863,21,0.1368
38864,7,0.1666
38865,0,0.1384
38866,1,0.2308
38867,7,0.1955
38868,31,0.1394
38869,0,0.1513
38870,33,0.1080
38871,16,0.1509
38872,19,0.1278
38873,19,0.1651
38874,16,0.1526
38875,0,0.1409
38876,21,0.1134
38877,16,0.2587
38878,7,0.2212
38879,1,0.1842
38880,0,0.1707
38881,32,0.1329
38882,23,0.2206
38883,16,0.1310
38884,15,0.1211
38885,15,0.1080
38886,16,0.1417
38888,19,0.1119
38889,19,0.1962
38890,21,0.1698
38891,21,0.1324
38892,8,0.1868
38894,7,0.1955
38895,7,0.1768
38896,19,0.1061
38897,19,0.1523
38898,23,0.1943
38901,0,0.1683
38902,8,0.4331
38903,16,0.1960
38904,19,0.1297
38905,21,0.2366
38906,7,0.1355
38907,23,0.1564
38908,19,0.1449
38909,7,0.1458
38910,19,0.1124
38911,21,0.1510
38912,19,0.1037
38913,23,0.2373
38914,21,0.1539
38915,7,0.2802
38916,7,0.1462
38917,4,0.2611
38918,0,0.3259
38919,7,0.1825
38920,7,0.2190
38921,21,0.2124
38922,21,0.2964
38923,7,0.1841
38924,7,0.1750
38925,7,0.1498
38926,21,0.1791
38927,7,0.2644
38928,21,0.1637
38929,21,0.1634
38930,21,0.1583
38931,7,0.1495
38932,7,0.1784
38933,7,0.1606
38934,24,0.1906
38935,24,0.2630
38936,7,0.2314
38937,21,0.2876
38938,21,0.1469
38939,21,0.1772
38940,21,0.1647
38941,21,0.3223
38942,21,0.2400
38943,7,0.1705
38944,7,0.1616
38945,21,0.1464
38946,21,0.1208
38947,21,0.1811
38948,7,0.1833
38949,24,0.2247
38950,24,0.2252
38951,21,0.1731
38952,21,0.2205
38953,7,0.1767
38954,21,0.1242
38955,7,0.1979
38956,7,0.1501
38957,7,0.1374
38958,7,0.1213
38959,24,0.3436
38960,24,0.2809
38961,24,0.1579
38962,7,0.1303
38963,24,0.2042
38964,24,0.2303
38965,24,0.1925
38966,7,0.1153
38967,7,0.1399
38968,24,0.1309
38969,24,0.1033
38970,24,0.2640
38971,24,0.1774
38972,24,0.1404
38973,21,0.1237
38974,24,0.1521
38975,24,0.1259
38976,24,0.2562
38977,24,0.1524
38978,24,0.2107
38979,24,0.1358
38980,7,0.1386
38981,8,0.4614
38982,8,0.4233
38983,24,0.1349
38984,21,0.1809
38985,7,0.2112
38986,7,0.1902
38987,7,0.2475
38988,7,0.1768
38989,24,0.2034
38990,24,0.3042
38991,24,0.2385
38992,24,0.1448
38993,24,0.2323
38994,7,0.1331
38995,24,0.1389
38996,24,0.1531
38997,21,0.1779
38998,24,0.1742
38999,24,0.3067
39000,21,0.1433
39001,0,0.2403
39002,8,0.1881
39003,24,0.1898
39004,21,0.2679
39005,21,0.2202
39006,24,0.3188
39007,24,0.2062
39008,8,0.1821
39009,7,0.1550
39010,21,0.1667
39011,24,0.2560
39012,24,0.3283
39013,21,0.2459
39014,24,0.4030
39015,24,0.2819
39016,24,0.3102
39017,24,0.3156
39018,21,0.2328
39019,16,0.2049
39020,15,0.1672
39021,15,0.2827
39022,7,0.1424
39023,19,0.2081
39024,9,0.1685
39025,7,0.1526
39026,24,0.2315
39027,7,0.1961
39028,21,0.1488
39029,21,0.1227
39032,21,0.1363
39033,19,0.1340
39034,21,0.1960
39035,7,0.2055
39036,7,0.1124
39039,24,0.1290
39040,0,0.1046
39041,8,0.2246
39042,7,0.1556
39043,13,0.1389
39046,24,0.1043
39047,7,0.1437
39048,8,0.1963
39049,21,0.1595
39050,21,0.1371
39054,24,0.1544
39055,24,0.1869
39056,24,0.1647
39057,7,0.2358
39058,7,0.1750
39059,7,0.1033
39060,24,0.1094
39061,24,0.1286
39062,16,0.3233
39063,19,0.1990
39064,7,0.2065
39065,7,0.1298
39066,5,0.1125
39067,7,0.1177
39068,0,0.2068
39069,0,0.2796
39070,0,0.2062
39072,24,0.2033
39073,21,0.1690
39074,21,0.3850
39075,21,0.3323
39076,21,0.1999
39077,21,0.1685
39078,7,0.1380
39079,5,0.2024
39080,21,0.1725
39081,21,0.3044
39082,7,0.2022
39083,5,0.1466
39084,5,0.1722
39085,32,0.1486
39086,24,0.1112
39087,29,0.1030
39091,29,0.1077
39093,24,0.1041
39095,21,0.1251
39096,0,0.1124
39097,0,0.1554
39098,21,0.1930
39099,21,0.2201
39100,9,0.1852
39101,9,0.5870
39102,9,0.1758
39103,19,0.1474
39104,9,0.1330
39105,9,0.2517
39106,9,0.3998
39107,0,0.1857
39108,7,0.1869
39109,7,0.1914
39110,7,0.1597
39111,9,0.1328
39112,16,0.1833
39113,7,0.1728
39114,7,0.2720
39115,32,0.1330
39116,32,0.1451
39118,5,0.1280
39119,7,0.1265
39120,21,0.1128
39121,21,0.1097
39122,7,0.1514
39123,21,0.2032
39124,21,0.2241
39125,21,0.1839
39126,7,0.1759
39127,15,0.1725
39128,21,0.2398
39129,7,0.2581
39130,5,0.1185
39131,29,0.1293
39132,24,0.1031
39133,7,0.1539
39134,19,0.1819
39135,24,0.3662
39136,24,0.2676
39137,19,0.1389
39138,19,0.1150
39139,4,0.1368
39141,9,0.2906
39142,9,0.4803
39143,9,0.2624
39144,7,0.1923
39145,19,0.1135
39146,19,0.1298
39147,9,0.3501
39148,9,0.5412
39149,9,0.4827
39150,21,0.1668
39152,23,0.1586
39153,9,0.2254
39154,9,0.6077
39155,9,0.5142
39156,19,0.2391
39157,21,0.2285
39158,21,0.1882
39159,9,0.3826
39160,9,0.3231
39162,21,0.1494
39163,21,0.2748
39164,7,0.2118
39165,7,0.2085
39166,7,0.1161
39167,7,0.1881
39168,21,0.2240
39169,21,0.2312
39170,16,0.2486
39172,8,0.2126
39173,7,0.1263
39174,21,0.1787
39175,21,0.2045
39176,15,0.1453
39177,5,0.2496
39178,21,0.1423
39179,7,0.1542
39180,15,0.2455
39181,21,0.3374
39182,8,0.1749
39183,9,0.1203
39184,7,0.2070
39185,7,0.1566
39186,21,0.2219
39187,19,0.1379
39189,21,0.1265
39191,21,0.1544
39192,9,0.1429
39193,5,0.1223
39194,21,0.1345
39195,7,0.1461
39196,7,0.1428
39197,13,0.1093
39198,7,0.1245
39199,7,0.1200
39200,7,0.1287
39201,7,0.1193
39202,7,0.1026
39203,24,0.1081
39204,24,0.1041
39205,24,0.1044
39206,7,0.1046
39208,24,0.1064
39209,21,0.1091
39210,15,0.1070
39211,15,0.1652
39212,15,0.1568
39213,7,0.1493
39216,25,0.1455
39217,15,0.1775
39218,21,0.2385
39219,21,0.1909
39220,21,0.1405
39221,21,0.1321
39222,16,0.1559
39223,0,0.2212
39224,21,0.1402
39225,0,0.1843
39226,15,0.1803
39227,0,0.2935
39228,0,0.1984
39229,7,0.2110
39230,0,0.2153
39231,11,0.1518
39232,0,0.1072
39233,21,0.1591
39234,15,0.1948
39235,15,0.1358
39236,15,0.1087
39237,0,0.1217
39238,15,0.1402
39239,16,0.2606
39240,0,0.1966
39241,0,0.1462
39242,0,0.2310
39243,15,0.1718
39244,0,0.1223
39245,8,0.8669
39246,8,0.5699
39247,15,0.1473
39248,13,0.1619
39249,15,0.1360
39251,15,0.2446
39252,15,0.1509
39253,15,0.2285
39254,16,0.2637
39255,0,0.2374
39256,16,0.1103
39257,0,0.1588
39258,0,0.2090
39259,0,0.3259
39260,7,0.1462
39261,15,0.1647
39262,15,0.2257
39263,31,0.1105
39264,21,0.1206
39265,0,0.1848
39266,0,0.3953
39267,0,0.1838
39269,8,0.1083
39270,9,0.1550
39271,5,0.1169
39272,5,0.2339
39273,9,0.2101
39274,19,0.1328
39275,9,0.2257
39276,1,0.1120
39277,9,0.1718
39278,9,0.2021
39279,9,0.1876
39280,5,0.1621
39281,5,0.2562
39282,9,0.2337
39283,9,0.1505
39284,9,0.1362
39285,19,0.1131
39286,9,0.1146
39287,9,0.1791
39288,9,0.2724
39290,3,0.1460
39291,8,0.2693
39292,20,0.1466
39293,23,0.1040
39294,23,0.1312
39295,9,0.2437
39296,5,0.1813
39297,9,0.2523
39298,9,0.1674
39299,9,0.1895
39300,9,0.3773
39301,5,0.2536
39302,9,0.1354
39303,8,0.2277
39304,6,0.1214
39305,5,0.1819
39306,9,0.1539
39307,5,0.1166
39308,9,0.1229
39309,8,0.1480
39310,5,0.1284
39311,1,0.1809
39313,9,0.2661
39314,9,0.1416
39315,5,0.2014
39316,5,0.1282
39317,23,0.1154
39318,5,0.1185
39319,19,0.1827
39320,5,0.1901
39321,5,0.1780
39322,5,0.1824
39323,9,0.3135
39324,9,0.2041
39325,9,0.1999
39326,9,0.2374
39327,19,0.1233
39328,23,0.1590
39329,23,0.1743
39330,1,0.1699
39331,8,0.3482
39332,19,0.2008
39333,23,0.1375
39334,19,0.1940
39335,9,0.1872
39336,8,0.1311
39337,11,0.1143
39338,3,0.1026
39339,30,0.1134
39341,23,0.1094
39342,9,0.1340
39343,5,0.2506
39344,1,0.1253
39346,19,0.1201
39347,5,0.1411
39348,9,0.1793
39349,9,0.2033
39350,5,0.1933
39351,5,0.1319
39352,4,0.1325
39353,4,0.3312
39355,1,0.1052
39356,23,0.1152
39357,23,0.1260
39358,9,0.1534
39359,9,0.2289
39360,21,0.1106
39361,19,0.1249
39362,5,0.1073
39363,5,0.2038
39366,19,0.1315
39367,9,0.1336
39369,19,0.1134
39370,9,0.1775
39371,8,0.1793
39372,30,0.1463
39373,8,0.1758
39374,33,0.2503
39375,7,0.1085
39377,24,0.2037
39378,19,0.1055
39380,8,0.1790
39381,9,0.2698
39382,9,0.1954
39384,9,0.2592
39385,9,0.1996
39387,4,0.4004
39388,4,0.2099
39390,4,0.1582
39391,1,0.2635
39393,23,0.1233
39395,4,0.1355
39397,9,0.1567
39398,9,0.2063
39399,8,0.2844
39400,19,0.1381
39401,1,0.1062
39403,5,0.2315
39404,9,0.2368
39405,5,0.1140
39407,9,0.2774
39408,9,0.2679
39409,9,0.3496
39410,5,0.1803
39411,5,0.1261
39412,5,0.1324
39413,5,0.3823
39414,5,0.3375
39415,5,0.2404
39416,5,0.1751
39417,19,0.1171
39418,19,0.1158
39419,5,0.1835
39422,23,0.1096
39423,4,0.1443
39424,5,0.1076
39425,4,0.1309
39426,23,0.1411
39427,19,0.1309
39428,12,0.1430
39429,8,0.5015
39430,8,0.9210
39431,8,0.9975
39432,8,0.9984
39433,8,0.5670
39434,16,0.2437
39435,9,0.1585
39436,9,0.1777
39437,9,0.2160
39438,5,0.1548
39440,9,0.1276
39442,4,0.1462
39443,4,0.2340
39444,16,0.1093
39445,4,0.1602
39446,4,0.1367
39447,1,0.1973
39448,23,0.1126
39449,19,0.1055
39450,5,0.2773
39451,19,0.1284
39452,5,0.2565
39453,5,0.2204
39454,1,0.2082
39455,9,0.1961
39456,5,0.1928
39457,5,0.1333
39458,9,0.2340
39459,8,0.2292
39460,8,0.1848
39461,9,0.1549
39462,5,0.1505
39464,5,0.1545
39465,23,0.1027
39466,19,0.1338
39467,8,0.2989
39468,0,0.4130
39469,9,0.2272
39470,9,0.2192
39471,9,0.2668
39472,5,0.1488
39473,5,0.1609
39474,5,0.2014
39475,5,0.5050
39476,9,0.2020
39477,5,0.2789
39478,9,0.1935
39480,6,0.1062
39481,9,0.2371
39482,9,0.1825
39483,19,0.1146
39484,5,0.3406
39485,9,0.1722
39486,9,0.2603
39487,9,0.1338
39488,5,0.2976
39489,5,0.1772
39490,5,0.1645
39491,5,0.1523
39492,9,0.1947
39493,5,0.2772
39494,9,0.1145
39495,6,0.1049
39496,9,0.2001
39497,9,0.2283
39498,5,0.3246
39499,5,0.2276
39500,5,0.3515
39501,9,0.1448
39502,9,0.2335
39503,9,0.2923
39504,9,0.3480
39505,4,0.1099
39506,5,0.1461
39507,6,0.1354
39508,9,0.2004
39509,5,0.2212
39510,5,0.2587
39511,5,0.1777
39512,9,0.2799
39513,5,0.1852
39514,5,0.1970
39515,9,0.2339
39516,5,0.2130
39517,19,0.1642
39518,9,0.1869
39519,23,0.1076
39520,19,0.2222
39521,5,0.2030
39522,23,0.1317
39523,23,0.1422
39524,23,0.2156
39525,23,0.1710
39526,9,0.1624
39527,5,0.2298
39528,5,0.1767
39529,23,0.1669
39530,5,0.2554
39531,19,0.1573
39532,23,0.1578
39533,19,0.1290
39534,23,0.1227
39535,5,0.2504
39536,9,0.2600
39537,5,0.2656
39538,5,0.1936
39539,19,0.1425
39540,5,0.2327
39541,9,0.2870
39542,5,0.1526
39543,23,0.1555
39544,9,0.3933
39545,9,0.3021
39546,9,0.3490
39547,19,0.1553
39548,19,0.1882
39549,5,0.1853
39551,28,0.1186
39552,19,0.2310
39553,19,0.1628
39554,8,0.2849
39555,9,0.2723
39556,22,0.2497
39557,23,0.1868
39558,19,0.2505
39559,19,0.1600
39560,23,0.1953
39561,23,0.1720
39562,23,0.1578
39563,23,0.1883
39564,23,0.1591
39565,9,0.1725
39566,23,0.2056
39567,23,0.1899
39568,5,0.2171
39569,23,0.1711
39570,23,0.2318
39571,8,0.4573
39572,8,0.3192
39573,23,0.1560
39574,8,0.1517
39575,28,0.1379
39576,23,0.1678
39577,5,0.1814
39578,23,0.2015
39579,23,0.2111
39580,19,0.1577
39581,19,0.2287
39582,9,0.2068
39583,9,0.2270
39584,23,0.1976
39585,19,0.1858
39586,9,0.1516
39587,9,0.2205
39588,5,0.2762
39589,19,0.1808
39590,23,0.1452
39591,23,0.1599
39592,19,0.1673
39593,9,0.2356
39594,9,0.1298
39595,23,0.1784
39596,23,0.1676
39597,5,0.1466
39599,23,0.1443
39600,9,0.1502
39601,9,0.1481
39602,8,0.1451
39603,23,0.1489
39604,19,0.1742
39605,23,0.1933
39606,9,0.2255
39607,5,0.3090
39608,9,0.2293
39609,23,0.1221
39610,19,0.1363
39611,23,0.2137
39612,23,0.2553
39613,23,0.1991
39614,23,0.1375
39615,6,0.1309
39616,9,0.1779
39617,8,0.2420
39618,9,0.3055
39619,9,0.1825
39620,9,0.3417
39622,8,0.3656
39623,16,0.2357
39624,23,0.1747
39625,23,0.1404
39626,23,0.1914
39627,19,0.2204
39628,19,0.1783
39629,5,0.1641
39630,9,0.1596
39631,9,0.1918
39632,9,0.3314
39633,9,0.2460
39634,19,0.2083
39635,23,0.2164
39636,9,0.1518
39637,8,0.3091
39638,28,0.1100
39639,19,0.1944
39640,19,0.2270
39641,9,0.2443
39642,5,0.1843
39643,23,0.1732
39644,19,0.1487
39645,19,0.2098
39646,23,0.1857
39647,23,0.1760
39648,9,0.2756
39649,19,0.1722
39650,5,0.1855
39651,9,0.1574
39652,9,0.1686
39653,23,0.1503
39654,23,0.1408
39655,19,0.1651
39656,19,0.1250
39657,23,0.1674
39658,23,0.1328
39659,19,0.1375
39660,8,0.2441
39661,8,0.1648
39662,9,0.1962
39663,19,0.1293
39664,19,0.1584
39665,19,0.1641
39666,8,0.3007
39667,9,0.3213
39668,19,0.1646
39669,23,0.1356
39670,5,0.1123
39671,8,0.3464
39672,1,0.1787
39673,8,0.1651
39674,4,0.1715
39675,1,0.3701
39676,23,0.1149
39677,23,0.1189
39678,28,0.1196
39679,9,0.1891
39680,9,0.2309
39681,23,0.2134
39682,8,0.3843
39683,0,0.3532
39684,5,0.1909
39685,9,0.3100
39686,23,0.1352
39687,9,0.1641
39688,19,0.2177
39689,5,0.2211
39690,19,0.1382
39691,6,0.1182
39692,23,0.1344
39693,19,0.1418
39694,19,0.1548
39695,19,0.2534
39696,23,0.2307
39697,23,0.3325
39698,19,0.2050
39699,23,0.2090
39700,9,0.2161
39701,19,0.1253
39702,9,0.2748
39703,9,0.2609
39704,19,0.1554
39705,23,0.1535
39706,19,0.1079
39707,9,0.1750
39708,8,0.1126
39709,5,0.1651
39710,5,0.2561
39711,9,0.2564
39712,5,0.2299
39713,9,0.1496
39714,19,0.1758
39715,19,0.1329
39716,9,0.1746
39717,9,0.4167
39718,5,0.2675
39719,19,0.1812
39720,19,0.1638
39721,9,0.1887
39722,6,0.1278
39724,24,0.2490
39725,24,0.4605
39726,24,0.1194
39727,0,0.2572
39728,24,0.1417
39729,24,0.1205
39730,7,0.1161
39731,24,0.1919
39732,23,0.1399
39733,23,0.2301
39734,24,0.1033
39735,16,0.2274
39736,16,0.2909
39737,16,0.1305
39738,7,0.1204
39739,19,0.1125
39740,19,0.1927
39741,10,0.1254
39742,19,0.1496
39743,24,0.1711
39744,24,0.2336
39745,19,0.1418
39746,19,0.1102
39747,24,0.1336
39748,7,0.1873
39749,7,0.1614
39750,7,0.1196
39751,24,0.1563
39752,10,0.1025
39753,7,0.1057
39754,19,0.1943
39755,19,0.1581
39756,21,0.1086
39757,19,0.1721
39758,8,0.2146
39759,8,0.5372
39760,8,0.2197
39761,19,0.1189
39762,19,0.1753
39763,8,0.1619
39765,8,0.2420
39766,8,0.1244
39767,8,0.1244
39768,19,0.1540
39769,24,0.1820
39770,7,0.1368
39773,7,0.1031
39775,19,0.1249
39776,8,0.2295
39777,24,0.1860
39778,19,0.1287
39779,23,0.1675
39780,16,0.1618
39781,8,0.2710
39782,8,0.5793
39783,8,0.2277
39784,19,0.1439
39786,23,0.1035
39788,12,0.1160
39791,26,0.1248
39792,3,0.1545
39793,25,0.1566
39799,24,0.1808
39800,24,0.2213
39801,24,0.1508
39802,24,0.1595
39803,16,0.1139
39804,7,0.1372
39805,7,0.1876
39806,7,0.1573
39807,5,0.1390
39808,21,0.1803
39809,21,0.1860
39810,21,0.1700
39811,8,0.1432
39813,5,0.1577
39814,7,0.1811
39815,32,0.1920
39816,21,0.1447
39818,32,0.1394
39819,7,0.1428
39820,0,0.4612
39821,4,0.4178
39822,21,0.1327
39823,21,0.1584
39824,21,0.1318
39825,7,0.1248
39826,3,0.1232
39827,4,0.3681
39828,15,0.1151
39829,21,0.1231
39830,21,0.1388
39831,24,0.1884
39832,7,0.1066
39833,32,0.1309
39834,24,0.1897
39835,19,0.1594
39836,8,0.2841
39837,10,0.1302
39838,5,0.1293
39839,5,0.1490
39840,7,0.1680
39841,21,0.1421
39842,21,0.1474
39843,7,0.1566
39844,19,0.1744
39846,7,0.1987
39847,21,0.1338
39848,21,0.1612
39849,21,0.1328
39850,24,0.1350
39851,8,0.1227
39853,7,0.1114
39854,29,0.1230
39855,21,0.1436
39856,21,0.1314
39857,21,0.1256
39858,21,0.1413
39859,0,0.1415
39860,0,0.1281
39861,7,0.1598
39862,21,0.1223
39863,21,0.1114
39864,7,0.1624
39865,7,0.1588
39866,0,0.3605
39867,0,0.2744
39869,19,0.1234
39870,19,0.1584
39871,5,0.1122
39872,0,0.1649
39873,0,0.3206
39875,11,0.1410
39876,7,0.1312
39878,8,0.1255
39879,15,0.1260
39880,31,0.2249
39881,0,0.2250
39882,18,0.1085
39884,15,0.1545
39885,0,0.1324
39886,0,0.1774
39887,21,0.1861
39890,16,0.1107
39891,8,0.3640
39893,0,0.2111
39894,0,0.1681
39895,5,0.1100
39898,32,0.1648
39899,19,0.1607
39900,15,0.1514
39901,15,0.1784
39903,15,0.1103
39904,15,0.2164
39905,7,0.2269
39906,19,0.1223
39907,7,0.1078
39908,7,0.1301
39909,33,0.1294
39911,24,0.1888
39913,21,0.1073
39914,0,0.1422
39915,8,0.2006
39916,32,0.1099
39917,31,0.1093
39918,16,0.1115
39919,7,0.1294
39920,16,0.1892
39921,31,0.1535
39922,21,0.1126
39923,7,0.1358
39924,21,0.1633
39925,7,0.2065
39926,15,0.1468
39927,15,0.1163
39929,21,0.1125
39930,21,0.1379
39931,21,0.1285
39932,7,0.1264
39935,7,0.1665
39936,23,0.1885
39937,8,0.3362
39938,21,0.1308
39939,7,0.1257
39941,13,0.1183
39942,7,0.1217
39943,7,0.1168
39945,9,0.1606
39946,7,0.1119
39947,7,0.1255
39949,29,0.2129
39950,29,0.1293
39954,5,0.1145
39955,16,0.1630
39956,16,0.3668
39957,0,0.1296
39960,32,0.1315
39961,32,0.1762
39962,7,0.1210
39963,24,0.1317
39964,0,0.5107
39965,30,0.2208
39966,7,0.1540
39967,18,0.1238
39968,18,0.1227
39969,18,0.1929
39970,18,0.1299
39973,19,0.1104
39974,8,0.2581
39975,16,0.3613
39976,0,0.1347
39977,7,0.1115
39980,19,0.1583
39981,7,0.2237
39982,7,0.1197
39983,8,0.2870
39984,19,0.1234
39985,7,0.1202
39986,8,0.1284
39987,9,0.2947
39988,19,0.1045
39989,7,0.1037
39991,18,0.1025
39992,32,0.1217
39993,5,0.1157
39994,19,0.1370
39995,23,0.2228
39996,21,0.1367
39997,18,0.1124
39998,8,0.9326
39999,16,0.3393
40000,32,0.3061
40001,33,0.1996
40002,16,0.2560
40003,16,0.1664
40005,7,0.1308
40006,29,0.1164
40007,7,0.1098
40009,30,0.1732
40010,25,0.1546
40011,7,0.1200
40012,8,0.2849
40013,8,0.3044
40014,9,0.2871
40015,1,0.2441
40016,7,0.1085
40018,23,0.1160
40019,21,0.1899
40020,24,0.2338
40021,7,0.1371
40022,7,0.1149
40024,29,0.1025
40025,24,0.1078
40026,24,0.1026
40028,24,0.1938
40029,21,0.1715
40031,0,0.1545
40032,24,0.1377
40033,21,0.1168
40034,7,0.1408
40035,21,0.1989
40036,0,0.1875
40037,11,0.1348
40039,24,0.1335
40040,8,0.1918
40042,7,0.1100
40043,7,0.1427
40044,7,0.1396
40045,24,0.1410
40046,23,0.1609
40047,16,0.1069
40048,0,0.1279
40050,21,0.1295
40052,29,0.1570
40053,32,0.1188
40058,23,0.1029
40059,0,0.1892
40060,0,0.1291
40061,7,0.1309
40062,11,0.1979
40063,11,0.1856
40064,7,0.1196
40065,32,0.1344
40066,11,0.1874
40067,7,0.1582
40068,21,0.1357
40069,7,0.1848
40070,8,0.4413
40071,8,0.2764
40072,21,0.1234
40073,21,0.1562
40074,21,0.1614
40075,8,0.2377
40076,7,0.1100
40077,7,0.1279
40078,7,0.1335
40079,7,0.1522
40080,1,0.1425
40081,11,0.1420
40082,21,0.1875
40083,7,0.1562
40084,5,0.1808
40085,5,0.3246
40086,8,0.5206
40087,8,0.3805
40088,7,0.1374
40089,7,0.1128
40090,7,0.1069
40091,16,0.1220
40092,4,0.4736
40093,8,0.2568
40094,25,0.1347
40095,21,0.1201
40096,7,0.1041
40097,8,0.2340
40098,8,0.2294
40101,7,0.1297
40102,24,0.1101
40103,22,0.1190
40104,24,0.1353
40106,0,0.1448
40107,0,0.1315
40108,21,0.1160
40109,0,0.2816
40110,0,0.2619
40112,7,0.1589
40113,5,0.1977
40114,9,0.3039
40116,5,0.1217
40117,6,0.1503
40118,5,0.1400
40119,5,0.1955
40120,9,0.1596
40121,5,0.2003
40123,21,0.1395
40124,21,0.1880
40125,8,0.3767
40126,9,0.2286
40127,7,0.1214
40129,9,0.2250
40130,5,0.2331
40131,8,0.5355
40132,8,0.3247
40133,22,0.1237
40134,8,0.2889
40135,22,0.1641
40136,22,0.1920
40138,19,0.1184
40140,9,0.1775
40141,5,0.1801
40142,5,0.2052
40143,5,0.2619
40144,5,0.1691
40145,5,0.1537
40146,5,0.1276
40147,9,0.2633
40148,9,0.1843
40149,5,0.1578
40150,5,0.1167
40151,5,0.2892
40152,19,0.1650
40153,9,0.1327
40154,19,0.1779
40155,19,0.1496
40156,9,0.1231
40158,19,0.1145
40160,7,0.1568
40161,6,0.1190
40163,1,0.1335
40164,21,0.1498
40165,19,0.1421
40166,19,0.2144
40167,19,0.1061
40168,8,0.7329
40169,8,0.7407
40170,8,0.2845
40171,9,0.3283
40172,8,0.6509
40173,8,0.5423
40174,7,0.1781
40175,5,0.1040
40176,5,0.1664
40177,1,0.1419
40178,9,0.1658
40179,9,0.2435
40180,8,0.1168
40181,22,0.1421
40182,5,0.1075
40184,6,0.1134
40185,24,0.1341
40186,24,0.1293
40187,22,0.3228
40189,22,0.1168
40190,24,0.2008
40191,23,0.1255
40192,23,0.1441
40193,8,0.3350
40194,8,0.4841
40196,7,0.1466
40197,9,0.2184
40198,8,0.2359
40199,20,0.1979
40200,21,0.1114
40201,5,0.1532
40202,7,0.1712
40204,0,0.1032
40205,11,0.1277
40206,23,0.1451
40207,20,0.1641
40208,8,0.6728
40209,8,0.5472
40210,16,0.4009
40211,8,0.4929
40212,8,0.3176
40213,22,0.4053
40214,22,0.3919
40215,22,0.2404
40216,22,0.2161
40217,24,0.1782
40218,22,0.1117
40219,22,0.1242
40220,22,0.1351
40223,5,0.2070
40224,5,0.1841
40225,9,0.1949
40227,19,0.1373
40230,19,0.1241
40233,19,0.1551
40234,9,0.1202
40235,1,0.1186
40236,7,0.1163
40237,7,0.1243
40238,1,0.1986
40239,1,0.2214
40240,7,0.1136
40242,5,0.3470
40243,19,0.1202
40244,22,0.1353
40246,19,0.1364
40247,9,0.1553
40248,9,0.1577
40250,1,0.1142
40252,9,0.1988
40253,9,0.1418
40254,9,0.2323
40255,22,0.1101
40256,8,0.2625
40257,22,0.2234
40258,28,0.1106
40259,6,0.1186
40260,28,0.1200
40261,22,0.1649
40262,28,0.1113
40263,28,0.1358
40264,19,0.1147
40265,22,0.1941
40266,22,0.1803
40267,3,0.1190
40269,9,0.1390
40271,4,0.1309
40272,22,0.1270
40274,9,0.2347
40275,9,0.3621
40276,9,0.2001
40278,22,0.1636
40279,23,0.1584
40280,8,0.2410
40282,19,0.1224
40283,19,0.1410
40284,1,0.1045
40285,1,0.1717
40288,23,0.1095
40289,19,0.1224
40290,4,0.1322
40291,8,0.5679
40292,21,0.1601
40293,23,0.2001
40294,16,0.1186
40295,1,0.1977
40296,16,0.1775
40297,5,0.1991
40298,5,0.1061
40299,4,0.2363
40300,2,0.1292
40301,12,0.1882
40302,12,0.1229
40303,12,0.2361
40304,5,0.1400
40306,12,0.3182
40307,12,0.1725
40308,5,0.1747
40309,12,0.1695
40310,12,0.1313
40311,6,0.1248
40312,5,0.2290
40313,8,0.3063
40314,16,0.3999
40315,5,0.1744
40316,19,0.1524
40317,19,0.1195
40318,19,0.1234
40319,19,0.1325
40320,28,0.1883
40322,8,0.1775
40323,9,0.2073
40324,12,0.1445
40325,12,0.1496
40326,19,0.1030
40328,6,0.1475
40329,19,0.1557
40330,19,0.3357
40331,19,0.1291
40332,1,0.2116
40333,9,0.1557
40334,5,0.2092
40335,5,0.1799
40336,5,0.1100
40338,6,0.1259
40339,6,0.1976
40340,6,0.1702
40341,12,0.2150
40342,5,0.2044
40343,4,0.3898
40344,8,0.5382
40345,1,0.1414
40347,8,0.5577
40348,8,0.5965
40349,19,0.1422
40350,23,0.1776
40351,8,0.7388
40352,8,0.2777
40353,6,0.1136
40354,28,0.1225
40355,23,0.2459
40356,23,0.1963
40358,12,0.1283
40359,19,0.1596
40360,19,0.2133
40361,1,0.1378
40362,4,0.1034
40363,19,0.1864
40364,28,0.1390
40365,19,0.1869
40366,19,0.1460
40367,19,0.1739
40368,28,0.1062
40369,6,0.1136
40370,19,0.1706
40371,5,0.1610
40372,5,0.2609
40373,5,0.1202
40375,6,0.1483
40377,5,0.1775
40378,5,0.2454
40380,5,0.1348
40381,9,0.1626
40382,6,0.1231
40383,5,0.2501
40384,5,0.2265
40385,9,0.1941
40387,9,0.1176
40388,9,0.1114
40389,23,0.1258
40390,5,0.1930
40391,19,0.1075
40392,21,0.2547
40393,19,0.1911
40394,5,0.1432
40395,19,0.1395
40396,5,0.2856
40397,5,0.2323
40399,5,0.1051
40400,5,0.1331
40401,5,0.1571
40402,5,0.2125
40403,5,0.1531
40404,9,0.1501
40405,6,0.1441
40406,23,0.1211
40407,6,0.1491
40408,5,0.2032
40411,9,0.1564
40412,5,0.1704
40413,5,0.1369
40415,19,0.1706
40416,19,0.1393
40417,5,0.1508
40418,5,0.1153
40419,5,0.2872
40420,9,0.2500
40421,9,0.1919
40422,9,0.1140
40423,5,0.1724
40424,19,0.1478
40426,12,0.1258
40428,19,0.1152
40429,6,0.1275
40430,4,0.1028
40431,5,0.1608
40432,5,0.1408
40433,9,0.3317
40434,9,0.2902
40435,5,0.1750
40436,5,0.1867
40437,5,0.2175
40438,8,0.7224
40439,8,0.7779
40440,23,0.1942
40441,19,0.1605
40442,19,0.1575
40443,19,0.1531
40444,19,0.1370
40445,4,0.1107
40446,5,0.2185
40448,6,0.1155
40450,5,0.2173
40451,5,0.2320
40452,12,0.1194
40453,19,0.2246
40454,19,0.1212
40455,5,0.1053
40456,19,0.1748
40457,5,0.1294
40458,5,0.1731
40459,5,0.1834
40460,19,0.1877
40461,9,0.1873
40462,8,0.1220
40463,5,0.2533
40464,19,0.1497
40465,5,0.2764
40466,5,0.1480
40467,5,0.2828
40468,19,0.1574
40469,9,0.1445
40470,5,0.3407
40471,5,0.2071
40472,5,0.1275
40473,5,0.1177
40474,5,0.1618
40475,6,0.1465
40476,28,0.1321
40477,27,0.1927
40478,28,0.2045
40479,5,0.2157
40480,9,0.2128
40481,19,0.1272
40482,5,0.1253
40483,5,0.1519
40484,19,0.1447
40485,19,0.1169
40486,5,0.4256
40487,24,0.1112
40488,24,0.1287
40489,21,0.1444
40490,7,0.1088
40491,24,0.1101
40492,29,0.1044
40493,29,0.1809
40495,4,0.1353
40498,24,0.1148
40499,33,0.2600
40500,29,0.1407
40501,7,0.1450
40502,7,0.1136
40503,7,0.1098
40504,25,0.1466
40505,7,0.1295
40507,0,0.1467
40508,0,0.1136
40509,21,0.1465
40510,23,0.1588
40511,8,0.2521
40512,0,0.1159
40515,8,0.1382
40516,8,0.4393
40517,24,0.1727
40519,18,0.1479
40520,27,0.1111
40521,0,0.1343
40522,21,0.1614
40523,16,0.1741
40524,4,0.4275
40525,25,0.1511
40526,7,0.2244
40529,8,0.3855
40530,0,0.2971
40531,21,0.1871
40532,21,0.1879
40533,7,0.2785
40534,15,0.1487
40535,7,0.1236
40536,8,0.1301
40537,16,0.2155
40538,29,0.1173
40539,21,0.1181
40540,21,0.1075
40544,24,0.1316
40545,5,0.1565
40546,7,0.1953
40547,18,0.3027
40548,15,0.1468
40549,18,0.1060
40550,32,0.2035
40551,18,0.1489
40552,18,0.1433
40553,24,0.1130
40554,32,0.1139
40555,29,0.1452
40556,29,0.1792
40558,13,0.1041
40562,19,0.1347
40566,23,0.1193
40567,23,0.1550
40568,8,0.6440
40569,8,0.2450
40571,7,0.1383
40574,15,0.1262
40576,0,0.2360
40577,11,0.1882
40578,21,0.1631
40579,29,0.1618
40580,31,0.1429
40581,8,0.2319
40582,0,0.1449
40583,24,0.2745
40584,19,0.1322
40585,19,0.1364
40588,24,0.1674
40591,21,0.1310
40592,21,0.1452
40594,7,0.1052
40595,21,0.1079
40596,7,0.1373
40597,7,0.1855
40598,8,0.1749
40599,0,0.2555
40600,21,0.1478
40601,21,0.1264
40602,7,0.1429
40603,7,0.1805
40604,0,0.1300
40605,0,0.1461
40606,21,0.1322
40608,8,0.1683
40609,8,0.3018
40610,7,0.1377
40611,7,0.1118
40612,19,0.1464
40613,7,0.1327
40614,24,0.1367
40615,7,0.1502
40617,8,0.3228
40619,7,0.1437
40622,7,0.1444
40623,7,0.1250
40627,7,0.1704
40628,32,0.1109
40630,21,0.2112
40631,21,0.1953
40632,8,0.2134
40633,8,0.5712
40634,0,0.1331
40635,21,0.1736
40636,7,0.1139
40637,0,0.1691
40638,4,0.4447
40639,0,0.4518
40640,7,0.1183
40641,7,0.1238
40642,19,0.1619
40643,19,0.1139
40644,8,0.3063
40645,7,0.1705
40646,7,0.1568
40647,21,0.1731
40648,23,0.1680
40649,8,0.3210
40650,16,0.1094
40651,5,0.1063
40652,10,0.1230
40653,7,0.2117
40654,24,0.1583
40655,7,0.1901
40656,7,0.1281
40659,33,0.2712
40662,21,0.1166
40663,21,0.1928
40664,7,0.1257
40665,24,0.1206
40667,0,0.3484
40668,11,0.1292
40669,21,0.1660
40670,21,0.1092
40671,24,0.1137
40672,24,0.1528
40673,24,0.2811
40674,24,0.1054
40675,24,0.1937
40676,24,0.2333
40677,21,0.2071
40678,21,0.1883
40679,7,0.2075
40680,9,0.2024
40681,7,0.2084
40682,21,0.2667
40683,21,0.2006
40684,7,0.2356
40685,21,0.1459
40686,24,0.3709
40687,21,0.1613
40688,7,0.2590
40689,7,0.2803
40690,21,0.2098
40691,21,0.2493
40692,7,0.1986
40693,21,0.2022
40694,7,0.2237
40695,9,0.3332
40696,8,0.4480
40697,8,0.4604
40698,21,0.1471
40699,21,0.2470
40700,9,0.3186
40701,9,0.4993
40702,9,0.4245
40703,9,0.4028
40704,9,0.4446
40705,21,0.3023
40706,8,0.2731
40707,9,0.4685
40708,9,0.2289
40709,9,0.5085
40710,9,0.4937
40711,8,0.4813
40712,9,0.2502
40713,8,0.1728
40714,7,0.1651
40715,21,0.1770
40716,21,0.1776
40717,21,0.2099
40718,7,0.1712
40719,24,0.1305
40720,7,0.1818
40721,5,0.1902
40722,7,0.2135
40723,7,0.1495
40724,7,0.1497
40725,7,0.1639
40726,7,0.2113
40727,21,0.2102
40728,9,0.2632
40729,9,0.4518
40730,9,0.5114
40731,9,0.4644
40732,23,0.2249
40733,23,0.1744
40734,9,0.3647
40735,9,0.6107
40736,9,0.6769
40737,9,0.4984
40738,8,0.2810
40739,9,0.5715
40740,9,0.3747
40741,9,0.7589
40742,9,0.6198
40743,9,0.3639
40744,9,0.7875
40745,9,0.5126
40746,9,0.4332
40747,9,0.6408
40748,9,0.4525
40749,9,0.2135
40750,7,0.1891
40751,7,0.2102
40752,7,0.3072
40753,7,0.1989
40754,7,0.1940
40755,7,0.1673
40756,8,0.1995
40757,21,0.2918
40758,9,0.4799
40759,8,0.2807
40760,8,0.2615
40761,9,0.3885
40762,9,0.3107
40763,9,0.5969
40764,9,0.7214
40765,9,0.5723
40766,8,0.4689
40767,8,0.3598
40768,9,0.2618
40769,9,0.3798
40770,9,0.3735
40771,8,0.2164
40772,8,0.3196
40773,9,0.2370
40774,8,0.3875
40775,9,0.2599
40776,7,0.2436
40777,7,0.1358
40778,7,0.1288
40779,7,0.1877
40780,21,0.1534
40781,8,0.1569
40782,9,0.5172
40783,9,0.6292
40784,9,0.3061
40785,8,0.2701
40786,9,0.5714
40787,9,0.3100
40788,9,0.2684
40789,9,0.3556
40790,9,0.3724
40791,9,0.3136
40792,7,0.1934
40793,9,0.3262
40794,9,0.2694
40795,9,0.2784
40796,9,0.6473
40797,9,0.4050
40798,9,0.3454
40799,9,0.7266
40800,9,0.5951
40801,9,0.5945
40802,9,0.5401
40803,9,0.4805
40804,9,0.4487
40805,9,0.5414
40806,9,0.6673
40807,8,0.5640
40808,8,0.4471
40809,8,0.3048
40810,9,0.3920
40811,9,0.7838
40812,9,0.8272
40813,9,0.6957
40814,9,0.5063
40815,9,0.5350
40816,9,0.6640
40817,9,0.5099
40818,9,0.5560
40819,9,0.5320
40820,9,0.6547
40821,9,0.5516
40822,9,0.5691
40823,9,0.4811
40824,9,0.4923
40825,9,0.4030
40826,9,0.2279
40827,9,0.2116
40828,9,0.4064
40829,9,0.4353
40830,9,0.2308
40831,7,0.1517
40832,9,0.3041
40833,9,0.1849
40834,9,0.3936
40835,9,0.6863
40836,9,0.3703
40837,9,0.6134
40838,9,0.6609
40839,9,0.7399
40840,9,0.6377
40841,9,0.3989
40842,9,0.6044
40843,9,0.4241
40844,9,0.5974
40845,9,0.5297
40846,9,0.7097
40847,9,0.4527
40848,9,0.5895
40849,9,0.7562
40850,9,0.7238
40851,9,0.5043
40852,9,0.7972
40853,9,0.4323
40854,9,0.6178
40855,9,0.5682
40856,9,0.3788
40857,7,0.1286
40858,5,0.1669
40859,7,0.1610
40860,7,0.2054
40861,5,0.3597
40862,5,0.2708
40863,5,0.1917
40864,5,0.1835
40865,5,0.2116
40866,7,0.1327
40867,7,0.1427
40868,8,0.1219
40869,7,0.1494
40870,7,0.1957
40871,11,0.1428
40872,11,0.1954
40873,9,0.1693
40874,8,0.1284
40875,21,0.1228
40877,21,0.1079
40878,21,0.1242
40879,7,0.1409
40880,9,0.1417
40881,9,0.2169
40882,9,0.3637
40883,11,0.1984
40884,9,0.1541
40885,11,0.2187
40886,9,0.1803
40887,9,0.3220
40888,21,0.1587
40889,9,0.1838
40890,21,0.1234
40891,7,0.1400
40892,21,0.1280
40893,5,0.1148
40894,18,0.1442
40895,5,0.1089
40896,7,0.1394
40897,21,0.1715
40898,21,0.1508
40899,8,0.1375
40900,12,0.2129
40901,2,0.2934
40902,12,0.2367
40903,2,0.2983
40904,4,0.1669
40905,4,0.6030
40906,8,0.6518
40907,24,0.1613
40908,0,0.1428
40909,11,0.1769
40910,7,0.1904
40911,7,0.1350
40912,7,0.2105
40913,11,0.1848
40914,8,0.1993
40915,21,0.1442
40916,5,0.2400
40917,0,0.3600
40918,21,0.1383
40919,7,0.1432
40920,7,0.1157
40921,7,0.1036
40922,21,0.1352
40923,21,0.1234
40924,5,0.1370
40925,5,0.2427
40926,2,0.2247
40927,12,0.2121
40928,28,0.2083
40930,5,0.1137
40931,2,0.1790
40932,4,0.2528
40933,0,0.1257
40934,0,0.1312
40936,7,0.1170
40937,5,0.1176
40938,5,0.1550
40939,5,0.1988
40940,5,0.1865
40941,7,0.1387
40942,21,0.1176
40943,9,0.1421
40944,21,0.1107
40945,5,0.1656
40946,5,0.1225
40947,7,0.1034
40948,5,0.1167
40949,18,0.1516
40950,5,0.2242
40951,5,0.1427
40952,7,0.1100
40953,5,0.1262
40954,4,0.1903
40955,12,0.1529
40956,5,0.1795
40957,5,0.1576
40958,2,0.2723
40959,2,0.3648
40960,2,0.2137
40961,5,0.2238
40962,8,0.1485
40963,8,0.3501
40964,8,0.3706
40966,24,0.2644
40967,19,0.1104
40968,2,0.2895
40969,4,0.1466
40970,24,0.2634
40971,24,0.2379
40972,8,0.1952
40973,8,0.2548
40974,21,0.1799
40975,7,0.2677
40976,24,0.3463
40977,8,0.2395
40978,7,0.2038
40979,8,0.3513
40980,21,0.1836
40981,7,0.2787
40982,7,0.1526
40983,8,0.2669
40984,8,0.3958
40985,24,0.2454
40986,21,0.1863
40987,21,0.1934
40988,21,0.1923
40989,21,0.1893
40990,7,0.2114
40991,9,0.2638
40992,21,0.1632
40993,8,0.4423
40994,9,0.2105
40995,7,0.2219
40996,7,0.3153
40997,9,0.3033
40998,9,0.3625
40999,21,0.1817
41000,21,0.2242
41001,7,0.2321
41002,8,0.1344
41003,9,0.2069
41004,7,0.1272
41005,24,0.1831
41006,24,0.1905
41007,7,0.1609
41008,7,0.1625
41009,7,0.1490
41010,21,0.1459
41011,24,0.1418
41012,24,0.1520
41013,7,0.1425
41014,7,0.1557
41015,7,0.1356
41016,7,0.1530
41017,7,0.1436
41018,7,0.1588
41019,7,0.1563
41020,7,0.1757
41021,7,0.1834
41022,7,0.1721
41023,7,0.2330
41024,9,0.2476
41025,9,0.1670
41026,8,0.2577
41027,8,0.3562
41028,8,0.3846
41029,9,0.2972
41030,9,0.4345
41031,8,0.3354
41032,21,0.2240
41033,21,0.2107
41034,8,0.2598
41035,7,0.2516
41036,7,0.2034
41037,7,0.2372
41038,9,0.1498
41039,7,0.2278
41040,7,0.1777
41041,7,0.1607
41042,7,0.1470
41043,5,0.1795
41044,5,0.1735
41045,7,0.1811
41046,7,0.1587
41047,7,0.1891
41048,5,0.2425
41049,8,0.8781
41050,8,0.8126
41051,8,0.6219
41052,8,0.3730
41053,8,0.2474
41054,8,0.6893
41055,8,0.1515
41056,8,0.2051
41057,21,0.1732
41058,7,0.1935
41059,7,0.1991
41060,7,0.2486
41061,7,0.2227
41062,21,0.1915
41063,21,0.1119
41064,9,0.1155
41065,7,0.2020
41066,7,0.1482
41067,21,0.1555
41068,7,0.1333
41069,7,0.1248
41070,7,0.1522
41071,7,0.1358
41072,7,0.1483
41073,7,0.1440
41074,7,0.2271
41075,7,0.3326
41076,7,0.2482
41077,21,0.1436
41078,7,0.1277
41079,21,0.1424
41080,7,0.1919
41081,7,0.1845
41082,7,0.1576
41083,5,0.1576
41084,5,0.1687
41085,7,0.1595
41086,7,0.1658
41087,5,0.2327
41088,7,0.1397
41089,7,0.1681
41090,7,0.1579
41091,21,0.2006
41092,7,0.1740
41093,21,0.1748
41094,7,0.1986
41095,7,0.2035
41096,7,0.1616
41097,7,0.1802
41098,7,0.1383
41099,7,0.1817
41100,7,0.1777
41101,5,0.2260
41102,7,0.1613
41103,8,0.2953
41104,9,0.1481
41105,21,0.1944
41106,7,0.1745
41107,5,0.1519
41108,9,0.1772
41109,8,0.4647
41110,9,0.1879
41111,5,0.1503
41112,9,0.1859
41113,7,0.1819
41114,7,0.2192
41115,7,0.2241
41116,5,0.2162
41117,5,0.2134
41118,7,0.1786
41119,7,0.1660
41120,21,0.1563
41121,7,0.2017
41122,7,0.1881
41123,7,0.1676
41124,7,0.1805
41125,7,0.1700
41126,7,0.1836
41127,21,0.1500
41128,7,0.1732
41129,9,0.1307
41130,8,0.2599
41131,21,0.1460
41132,7,0.1722
41133,7,0.1894
41134,7,0.1772
41135,24,0.1477
41136,7,0.1782
41137,7,0.2168
41138,7,0.2119
41139,21,0.1395
41140,21,0.1773
41141,8,0.2114
41142,21,0.2160
41143,21,0.2056
41144,7,0.1460
41145,5,0.1683
41146,5,0.2172
41147,21,0.1703
41148,7,0.1836
41149,7,0.1652
41150,8,0.1709
41151,24,0.1654
41152,7,0.1832
41153,24,0.2241
41154,24,0.3536
41155,23,0.1705
41156,22,0.2051
41157,22,0.1913
41158,22,0.2453
41159,24,0.1845
41160,23,0.2278
41161,10,0.1902
41162,10,0.2418
41163,10,0.2292
41164,23,0.1175
41165,23,0.1049
41166,7,0.1272
41167,21,0.1975
41168,8,0.1601
41169,23,0.1155
41170,24,0.2169
41171,24,0.3187
41172,10,0.2277
41173,10,0.2580
41174,24,0.2372
41175,21,0.1848
41176,20,0.2216
41177,24,0.3960
41178,24,0.2297
41179,23,0.2229
41180,24,0.2710
41181,24,0.2555
41182,8,0.4165
41183,8,0.8095
41184,8,0.3136
41185,23,0.1578
41186,23,0.2040
41187,10,0.1477
41188,4,0.6402
41189,4,0.8533
41190,22,0.1414
41191,22,0.1652
41192,8,0.3879
41193,8,0.9329
41194,8,0.9543
41195,8,0.9591
41196,8,0.9098
41197,8,0.8825
41198,8,0.5635
41199,8,0.2368
41200,27,0.1660
41201,4,0.2835
41202,4,0.5616
41203,4,0.5418
41204,4,0.9423
41205,4,0.3519
41207,9,0.1065
41210,7,0.1460
41211,5,0.1441
41212,21,0.1048
41213,10,0.1492
41214,24,0.3109
41215,19,0.1178
41216,8,0.1327
41217,23,0.1196
41218,28,0.1639
41219,2,0.2653
41220,2,0.1462
41221,27,0.2003
41222,4,0.8960
41223,4,0.8826
41224,4,0.9727
41225,4,0.9369
41226,24,0.1155
41227,24,0.1228
41229,24,0.1817
41230,24,0.2217
41231,7,0.1282
41232,19,0.1526
41233,5,0.2066
41234,7,0.1197
41236,8,0.7788
41237,8,0.2687
41238,8,0.7724
41239,8,0.3481
41240,1,0.1099
41241,7,0.1260
41242,7,0.1404
41244,8,0.1184
41247,27,0.1733
41248,27,0.2050
41249,28,0.1335
41250,26,0.1647
41251,26,0.1878
41252,28,0.1759
41253,4,0.3229
41254,4,0.7698
41255,27,0.2292
41258,8,0.8334
41259,8,0.9637
41260,8,0.9839
41261,8,0.9508
41262,28,0.2168
41263,7,0.1899
41264,7,0.1904
41265,21,0.1997
41266,21,0.3087
41267,21,0.2380
41268,7,0.1873
41269,21,0.2071
41270,9,0.2553
41271,15,0.1333
41272,7,0.1574
41273,7,0.2129
41274,21,0.2820
41275,21,0.2459
41276,21,0.1726
41277,9,0.1374
41278,9,0.2083
41279,7,0.2486
41280,7,0.2764
41281,7,0.1503
41282,21,0.1610
41283,19,0.2068
41284,7,0.1907
41285,21,0.3137
41286,21,0.3117
41287,21,0.3425
41288,7,0.2441
41289,5,0.2169
41290,19,0.1447
41291,16,0.1334
41292,19,0.1593
41293,16,0.4555
41294,16,0.2693
41295,16,0.1573
41296,7,0.2686
41297,21,0.1856
41298,7,0.2007
41299,21,0.1930
41300,15,0.2198
41301,21,0.2164
41302,16,0.1746
41303,13,0.2357
41304,15,0.2511
41305,15,0.2081
41306,15,0.1881
41307,0,0.2154
41308,16,0.2581
41309,21,0.2647
41310,0,0.3323
41311,21,0.2553
41312,7,0.2725
41313,7,0.1788
41314,21,0.1995
41315,7,0.1786
41316,7,0.2378
41317,7,0.2744
41318,16,0.1704
41319,0,0.1447
41320,21,0.1920
41321,16,0.1995
41322,21,0.1709
41323,8,0.4517
41324,16,0.3160
41325,16,0.5141
41326,8,0.5680
41327,21,0.2298
41328,16,0.2852
41329,16,0.3541
41330,21,0.4641
41331,13,0.2844
41332,0,0.2810
41333,0,0.1288
41334,0,0.1409
41335,15,0.1431
41336,0,0.2381
41337,15,0.1945
41338,13,0.1990
41339,16,0.1568
41340,31,0.2092
41341,15,0.2021
41342,21,0.2317
41343,19,0.1632
41344,19,0.1184
41345,15,0.1708
41346,15,0.1490
41347,15,0.1337
41348,7,0.1761
41349,7,0.1596
41350,7,0.2432
41351,5,0.1939
41352,13,0.2031
41353,7,0.1618
41354,16,0.1475
41355,21,0.1481
41356,9,0.1899
41357,9,0.1412
41358,5,0.1689
41359,21,0.1537
41360,21,0.1838
41361,7,0.1153
41362,21,0.1561
41363,21,0.2086
41364,8,0.3132
41365,9,0.1131
41366,21,0.1080
41368,7,0.1329
41369,19,0.1589
41370,8,0.1226
41371,9,0.2808
41373,24,0.1986
41375,8,0.4103
41376,8,0.2609
41377,7,0.1475
41378,7,0.1471
41379,21,0.1077
41380,21,0.1387
41381,8,0.1414
41383,7,0.1184
41384,21,0.1577
41385,5,0.1217
41387,21,0.1247
41388,21,0.1591
41389,5,0.1656
41390,7,0.1252
41391,24,0.1208
41392,7,0.1472
41393,21,0.2477
41394,21,0.1623
41395,7,0.1896
41396,21,0.1446
41397,21,0.1390
41398,0,0.1490
41399,9,0.1465
41400,7,0.1975
41401,7,0.1576
41402,21,0.2313
41403,21,0.1786
41404,21,0.1431
41405,8,0.1855
41406,8,0.2049
41407,8,0.1607
41408,8,0.2459
41409,8,0.1423
41410,7,0.1874
41411,21,0.1857
41412,8,0.2396
41413,8,0.2808
41414,8,0.2281
41415,8,0.2613
41416,8,0.2031
41417,8,0.1310
41418,8,0.1314
41419,8,0.1774
41420,11,0.1869
41422,21,0.1512
41423,21,0.2271
41424,21,0.1113
41425,19,0.1283
41426,21,0.1617
41427,21,0.1349
41428,21,0.2063
41429,0,0.1271
41430,21,0.1690
41431,30,0.3106
41433,21,0.1563
41434,21,0.3148
41435,21,0.3755
41436,21,0.3360
41437,21,0.1769
41438,21,0.1792
41439,21,0.2890
41440,21,0.2997
41441,21,0.2288
41442,0,0.5270
41443,0,0.5072
41444,21,0.2134
41445,21,0.2472
41446,30,0.1911
41447,16,0.2410
41448,5,0.3517
41449,5,0.2149
41450,5,0.1303
41451,1,0.1386
41452,5,0.2073
41453,5,0.1242
41454,19,0.1148
41455,19,0.1289
41456,19,0.1387
41458,9,0.1302
41459,5,0.2584
41460,19,0.1290
41461,5,0.1198
41462,5,0.2117
41464,9,0.2429
41465,8,0.2330
41466,9,0.1402
41467,19,0.1322
41468,5,0.1882
41469,5,0.1807
41470,5,0.2115
41471,5,0.2325
41472,19,0.2170
41473,1,0.2732
41474,1,0.1613
41476,19,0.1409
41477,1,0.1161
41478,5,0.2378
41479,9,0.2225
41480,9,0.2254
41481,9,0.1343
41482,9,0.2206
41483,9,0.1955
41484,9,0.1628
41486,19,0.1153
41487,5,0.1688
41488,19,0.1136
41489,16,0.2842
41490,8,0.3258
41491,16,0.4542
41492,21,0.2094
41493,7,0.2216
41494,21,0.1829
41495,21,0.2345
41496,5,0.2769
41497,5,0.1847
41498,9,0.1320
41499,5,0.1563
41500,9,0.1417
41501,9,0.2390
41502,8,0.1234
41503,28,0.1171
41504,21,0.1871
41505,21,0.1981
41506,19,0.1563
41507,7,0.2625
41508,21,0.3700
41509,21,0.1387
41510,9,0.1359
41511,9,0.2114
41512,5,0.1957
41514,9,0.1484
41515,0,0.7159
41516,8,0.5639
41517,8,0.7564
41518,16,0.2266
41519,21,0.3353
41520,8,0.2117
41521,16,0.1723
41522,21,0.1622
41523,19,0.1704
41524,19,0.1811
41525,9,0.3024
41526,9,0.1534
41527,7,0.2309
41528,9,0.2389
41529,9,0.3142
41530,9,0.1421
41531,5,0.1315
41532,9,0.2090
41533,21,0.1632
41534,21,0.3827
41535,9,0.1951
41536,17,0.1620
41537,19,0.2611
41538,19,0.1855
41539,21,0.3445
41540,9,0.2089
41541,21,0.2169
41542,19,0.1859
41543,19,0.1396
41544,7,0.1198
41545,9,0.1601
41546,9,0.2239
41547,9,0.1247
41548,19,0.1138
41549,5,0.1677
41551,5,0.1741
41552,9,0.1510
41553,5,0.1759
41554,5,0.2271
41555,5,0.1841
41556,9,0.1470
41557,9,0.1470
41558,9,0.1477
41559,5,0.3883
41560,5,0.2742
41561,9,0.1608
41562,5,0.1756
41563,9,0.2488
41564,5,0.1331
41565,9,0.1556
41566,9,0.1806
41567,5,0.2046
41568,9,0.3701
41569,19,0.1328
41570,5,0.1570
41571,9,0.1104
41572,6,0.1144
41573,9,0.2069
41574,9,0.2250
41575,7,0.1597
41577,6,0.1519
41578,9,0.1750
41579,5,0.2397
41580,5,0.1866
41581,5,0.1468
41582,7,0.1350
41584,9,0.1938
41585,9,0.3154
41586,9,0.2340
41587,9,0.1439
41589,5,0.1987
41590,5,0.1299
41591,19,0.1254
41592,5,0.1126
41593,5,0.2233
41594,9,0.2054
41595,9,0.2828
41596,5,0.2185
41597,5,0.1802
41598,7,0.1092
41600,9,0.1171
41602,5,0.1220
41603,9,0.2639
41604,9,0.2066
41605,5,0.1495
41606,5,0.1721
41607,9,0.2011
41608,5,0.1761
41609,9,0.1723
41610,5,0.2277
41611,9,0.1424
41612,9,0.1747
41614,19,0.1030
41615,8,0.2383
41616,21,0.1726
41617,5,0.1407
41618,5,0.1765
41619,19,0.1095
41620,8,0.1415
41621,0,0.2098
41622,5,0.1772
41623,9,0.1931
41624,19,0.1027
41626,9,0.1442
41627,5,0.1702
41628,8,0.3154
41629,8,0.3506
41632,6,0.1027
41633,7,0.2079
41634,21,0.2798
41635,21,0.2978
41636,21,0.3870
41637,24,0.2948
41638,15,0.1945
41639,7,0.1729
41640,21,0.4084
41641,21,0.3175
41642,21,0.4088
41643,21,0.3552
41644,7,0.3356
41645,21,0.2878
41646,21,0.3840
41647,8,0.8025
41648,8,0.5107
41649,7,0.1913
41650,21,0.3251
41651,21,0.4663
41652,7,0.3465
41653,21,0.2714
41654,21,0.2386
41655,21,0.2557
41656,7,0.2800
41657,21,0.2373
41658,8,0.2894
41659,21,0.2969
41660,7,0.2788
41661,21,0.1876
41662,8,0.4116
41663,21,0.1562
41664,21,0.2404
41665,19,0.1822
41666,21,0.2803
41667,21,0.2852
41668,7,0.2939
41669,21,0.2402
41670,7,0.2769
41671,7,0.2521
41672,21,0.2544
41673,7,0.2505
41674,21,0.2303
41675,7,0.2282
41676,7,0.1927
41677,21,0.2219
41678,21,0.2531
41679,7,0.3076
41680,7,0.1820
41681,16,0.1194
41682,21,0.1703
41683,7,0.3574
41684,21,0.2540
41685,21,0.2187
41686,21,0.2551
41687,24,0.2556
41688,24,0.3597
41689,21,0.4354
41690,21,0.2255
41691,21,0.4263
41692,21,0.6783
41693,21,0.4927
41694,21,0.3014
41695,21,0.3309
41696,21,0.5035
41697,21,0.3525
41698,7,0.2345
41699,21,0.4079
41700,21,0.2539
41701,21,0.2010
41702,21,0.4466
41703,21,0.5269
41704,21,0.5366
41705,7,0.2862
41706,21,0.3732
41707,21,0.4546
41708,21,0.2419
41709,21,0.1761
41710,21,0.3578
41711,21,0.3699
41712,24,0.3107
41713,21,0.3265
41714,21,0.2359
41715,21,0.2209
41716,21,0.2442
41717,24,0.2487
41718,21,0.1629
41719,21,0.2540
41720,21,0.3794
41721,7,0.2312
41722,21,0.2257
41723,21,0.3241
41724,21,0.2246
41725,21,0.1933
41726,7,0.2904
41727,7,0.2702
41728,21,0.2792
41729,21,0.2031
41730,7,0.1863
41731,7,0.2250
41732,21,0.1877
41733,21,0.1404
41734,0,0.1468
41735,0,0.1949
41736,9,0.1351
41737,7,0.2305
41738,7,0.1469
41739,5,0.1127
41740,0,0.1921
41741,0,0.1928
41742,7,0.2473
41743,24,0.2699
41744,21,0.1590
41745,0,0.3141
41746,15,0.1539
41747,7,0.2162
41748,7,0.2598
41749,19,0.1040
41750,8,0.3961
41751,8,0.3106
41752,21,0.2272
41753,7,0.2707
41754,19,0.1214
41755,8,0.2909
41756,19,0.1905
41757,21,0.2798
41758,16,0.1429
41759,8,0.2489
41760,24,0.2279
41761,24,0.2456
41762,23,0.1605
41763,12,0.1154
41765,20,0.2906
41766,16,0.1737
41767,7,0.1802
41768,21,0.1385
41769,1,0.2587
41770,32,0.1175
41771,24,0.1994
41772,23,0.1644
41774,15,0.1397
41775,22,0.1180
41777,7,0.2074
41778,23,0.1692
41779,16,0.1594
41780,5,0.1308
41781,19,0.1198
41782,19,0.1667
41783,19,0.1560
41784,7,0.1480
41785,23,0.1819
41786,16,0.4546
41787,16,0.2758
41788,7,0.1580
41789,23,0.2017
41790,22,0.1270
41791,0,0.1967
41792,7,0.2358
41793,8,0.1982
41794,8,0.3410
41795,19,0.1765
41796,22,0.2196
41797,8,0.3689
41798,1,0.2700
41801,29,0.1105
41802,5,0.2755
41803,19,0.1243
41804,12,0.1112
41805,7,0.2000
41806,15,0.1081
41807,16,0.1927
41809,15,0.1955
41810,19,0.2161
41811,16,0.1523
41812,24,0.1470
41813,20,0.1442
41815,21,0.1384
41816,7,0.2511
41817,7,0.1626
41818,29,0.1331
41819,18,0.1312
41820,19,0.1403
41821,30,0.1866
41822,30,0.1539
41823,7,0.2728
41824,21,0.1491
41825,19,0.1880
41826,7,0.1735
41827,21,0.1810
41828,19,0.2117
41829,7,0.2750
41830,7,0.1650
41831,7,0.1654
41832,21,0.2156
41833,24,0.1509
41834,21,0.1727
41835,21,0.1425
41836,7,0.1438
41837,21,0.1791
41838,21,0.2319
41839,7,0.2519
41840,21,0.2380
41841,21,0.2670
41842,7,0.1957
41843,7,0.2585
41844,7,0.2489
41845,7,0.2261
41846,7,0.2677
41847,7,0.2528
41848,7,0.2052
41849,21,0.2749
41850,21,0.1727
41851,7,0.2202
41852,7,0.2158
41853,7,0.2085
41854,7,0.2294
41855,7,0.3019
41856,7,0.1975
41857,7,0.1894
41858,7,0.1300
41859,7,0.2512
41860,24,0.3117
41861,7,0.2256
41862,7,0.2439
41863,7,0.2466
41864,7,0.1210
41865,7,0.1968
41866,7,0.2105
41867,7,0.2205
41868,7,0.1704
41869,5,0.2180
41870,7,0.2100
41871,7,0.2413
41872,7,0.1600
41873,7,0.1592
41874,7,0.1273
41875,7,0.1557
41876,21,0.1646
41877,21,0.1550
41878,21,0.1403
41879,7,0.1573
41880,7,0.1216
41881,21,0.1171
41882,7,0.1341
41883,21,0.1671
41884,21,0.1844
41885,7,0.2286
41886,24,0.1783
41887,21,0.2169
41888,7,0.2806
41889,7,0.2624
41890,7,0.2772
41891,7,0.2480
41892,7,0.2462
41893,21,0.1934
41894,7,0.2327
41895,24,0.1257
41897,21,0.1742
41898,21,0.1957
41899,19,0.1276
41900,24,0.1976
41901,7,0.1968
41902,19,0.1284
41903,7,0.2664
41904,7,0.2013
41905,7,0.2642
41906,21,0.1306
41907,5,0.1227
41908,15,0.1156
41909,21,0.1285
41910,5,0.1645
41912,7,0.2747
41913,5,0.1458
41914,7,0.1372
41915,7,0.2654
41916,7,0.2018
41917,21,0.1771
41918,7,0.1711
41919,7,0.1874
41920,21,0.1476
41921,21,0.2029
41922,19,0.1186
41923,21,0.1977
41924,5,0.1059
41925,9,0.1389
41926,7,0.1655
41927,7,0.2198
41928,21,0.1761
41929,7,0.2004
41930,7,0.2168
41931,21,0.2370
41932,21,0.1673
41933,7,0.2058
41934,7,0.2318
41935,7,0.2517
41936,7,0.1652
41937,5,0.1055
41938,7,0.2498
41939,7,0.2115
41940,21,0.1075
41941,21,0.1804
41942,7,0.1546
41943,21,0.2924
41944,21,0.2956
41945,21,0.3041
41946,21,0.2874
41947,7,0.1722
41948,24,0.1828
41949,24,0.2736
41950,21,0.3930
41951,24,0.1806
41952,7,0.1942
41953,24,0.3996
41954,24,0.3284
41955,21,0.3647
41956,7,0.2867
41957,7,0.2979
41958,21,0.3457
41959,21,0.2895
41960,21,0.2210
41961,21,0.2074
41962,21,0.1684
41963,21,0.3249
41964,7,0.2167
41965,19,0.1417
41966,24,0.1309
41967,21,0.1891
41968,7,0.2632
41969,7,0.2288
41970,7,0.2004
41971,21,0.1431
41972,21,0.2076
41973,21,0.2169
41974,15,0.1871
41975,7,0.1566
41976,7,0.2063
41977,7,0.2181
41978,21,0.2117
41979,24,0.1705
41980,7,0.1955
41981,24,0.1636
41982,21,0.3249
41983,7,0.3013
41984,21,0.1923
41985,21,0.2541
41986,7,0.2583
41987,7,0.1924
41988,24,0.1589
41989,21,0.1413
41990,7,0.3116
41991,5,0.1330
41992,7,0.1348
41993,21,0.1327
41994,7,0.1380
41995,19,0.2339
41996,19,0.1728
41997,21,0.1426
41998,8,0.1307
41999,8,0.2670
42001,21,0.1259
42002,21,0.1509
42003,5,0.1089
42004,15,0.1521
42006,21,0.1400
42007,21,0.2815
42008,21,0.1477
42009,5,0.1159
42010,15,0.1318
42011,15,0.1444
42012,5,0.1438
42013,21,0.2519
42014,21,0.2667
42015,7,0.3488
42016,21,0.2494
42017,24,0.1792
42018,15,0.1862
42019,16,0.1481
42020,16,0.1531
42021,22,0.2236
42022,23,0.1025
42023,7,0.2042
42024,7,0.1555
42025,11,0.1360
42026,7,0.2144
42027,21,0.2464
42028,7,0.2125
42029,19,0.1428
42030,16,0.1593
42031,8,0.2551
42032,4,0.1291
42034,21,0.1524
42036,15,0.1088
42037,19,0.1166
42038,19,0.1736
42039,15,0.2159
42040,15,0.2041
42041,5,0.1477
42042,19,0.1120
42043,19,0.1356
42044,23,0.1580
42045,19,0.1673
42046,19,0.1800
42047,10,0.2325
42048,23,0.1243
42049,31,0.1755
42050,31,0.2523
42051,8,0.1614
42052,16,0.1509
42053,0,0.1624
42054,23,0.1293
42055,28,0.1025
42056,8,0.2580
42057,0,0.3228
42058,0,0.3032
42059,4,0.1208
42060,15,0.1341
42061,7,0.1835
42062,7,0.2132
42063,11,0.1442
42064,11,0.1513
42065,16,0.1487
42066,16,0.1125
42067,0,0.1083
42069,16,0.1402
42070,8,0.8971
42071,8,0.8996
42072,16,0.1075
42073,16,0.1377
42074,15,0.1441
42075,7,0.1556
42076,7,0.1734
42077,32,0.1816
42078,4,0.4850
42079,4,0.1342
42080,19,0.1555
42081,16,0.1531
42083,7,0.2022
42084,8,0.1606
42087,19,0.1458
42088,15,0.1067
42090,21,0.1190
42091,21,0.1585
42092,21,0.1244
42093,7,0.1232
42094,7,0.1343
42095,7,0.1249
42096,7,0.1110
42097,7,0.1751
42098,7,0.2119
42099,7,0.2325
42100,7,0.1202
42103,7,0.1130
42106,21,0.1409
42107,21,0.2667
42108,7,0.1177
42109,21,0.1267
42110,19,0.1459
42111,19,0.1977
42112,19,0.1747
42113,19,0.1071
42115,0,0.1381
42116,7,0.1508
42118,7,0.2108
42119,21,0.1839
42120,21,0.2308
42121,21,0.2006
42123,7,0.1161
42124,5,0.1925
42125,7,0.1087
42126,1,0.2039
42127,7,0.1451
42128,7,0.2330
42129,7,0.1767
42130,24,0.1886
42131,7,0.1821
42132,7,0.1343
42133,7,0.1485
42134,7,0.1991
42135,21,0.1259
42137,7,0.1537
42138,7,0.1364
42139,7,0.1306
42140,7,0.1185
42141,0,0.1263
42142,0,0.1202
42143,7,0.1602
42144,7,0.2037
42145,21,0.2297
42146,21,0.3025
42147,21,0.2939
42148,21,0.2338
42149,8,0.1444
42150,21,0.1550
42151,21,0.4668
42152,21,0.3447
42153,23,0.1716
42154,23,0.1993
42155,8,0.5102
42156,8,0.2435
42157,21,0.1037
42158,19,0.1660
42159,19,0.1394
42160,21,0.2284
42161,8,0.5759
42162,16,0.1753
42163,0,0.1547
42164,0,0.2606
42165,8,0.2983
42166,21,0.1657
42167,0,0.1263
42168,11,0.1284
42169,8,0.2790
42170,8,0.4595
42173,8,0.2154
42174,8,0.2712
42175,19,0.1782
42176,0,0.1673
42177,16,0.5441
42178,8,0.4777
42179,19,0.1244
42180,23,0.1345
42181,21,0.1676
42182,7,0.1460
42183,21,0.1326
42184,21,0.1453
42185,21,0.3165
42186,7,0.1803
42187,7,0.1561
42188,21,0.1686
42189,9,0.1703
42190,8,0.1738
42191,16,0.1100
42192,0,0.1505
42193,8,0.2426
42194,8,0.4265
42195,7,0.1818
42196,19,0.1593
42197,23,0.1778
42198,9,0.3157
42199,9,0.3718
42200,8,0.8856
42201,8,0.6187
42202,21,0.1885
42203,21,0.1658
42204,8,0.5694
42205,8,0.6830
42206,8,0.4478
42208,31,0.1036
42209,7,0.1538
42210,16,0.4590
42211,8,0.7430
42212,8,0.4265
42213,7,0.1912
42214,9,0.1830
42215,8,0.3736
42216,21,0.1408
42218,21,0.1612
42219,8,0.4508
42220,15,0.1691
42221,7,0.1615
42222,8,0.5528
42223,21,0.2368
42224,21,0.1538
42225,21,0.2796
42226,8,0.4553
42227,16,0.2296
42228,15,0.2113
42229,21,0.1447
42230,8,0.3580
42231,8,0.5447
42232,7,0.1781
42233,7,0.1726
42234,21,0.1546
42235,21,0.1724
42236,15,0.1188
42238,7,0.1109
42239,21,0.3960
42240,7,0.2705
42241,5,0.1608
42242,16,0.4302
42243,8,0.4521
42244,5,0.1209
42245,19,0.1269
42246,8,0.2866
42247,21,0.2244
42248,11,0.1430
42249,9,0.2677
42250,8,0.2353
42251,8,0.3041
42252,15,0.1105
42253,17,0.1379
42254,8,0.2051
42255,16,0.3732
42256,5,0.1372
42257,9,0.1467
42258,21,0.2223
42259,21,0.1581
42260,7,0.1220
42261,5,0.1141
42262,21,0.2360
42263,19,0.1412
42265,21,0.1702
42266,8,0.2075
42267,21,0.1849
42268,9,0.3230
42269,7,0.1946
42270,7,0.1763
42271,9,0.1517
42272,9,0.2621
42273,8,0.3288
42274,8,0.2980
42275,21,0.3455
42276,7,0.1654
42277,5,0.1322
42278,8,0.4187
42279,8,0.2826
42281,24,0.1047
42282,24,0.1174
42284,7,0.1328
42285,7,0.1359
42286,24,0.2016
42287,7,0.1176
42288,7,0.3003
42289,7,0.1618
42290,21,0.1797
42291,19,0.1940
42292,8,0.1627
42293,8,0.1228
42294,7,0.1067
42295,5,0.2018
42296,7,0.1986
42297,7,0.1507
42298,8,0.2045
42299,8,0.2199
42300,7,0.1554
42301,7,0.1111
42302,21,0.1667
42303,7,0.2575
42304,7,0.1927
42305,7,0.1503
42306,24,0.2822
42307,24,0.5187
42308,7,0.1950
42309,24,0.1593
42310,21,0.2359
42311,21,0.2441
42312,24,0.4773
42313,21,0.2729
42314,7,0.2549
42315,24,0.1763
42316,21,0.2258
42317,7,0.2409
42318,7,0.1826
42319,7,0.2154
42320,7,0.2358
42321,21,0.1652
42322,21,0.2382
42323,7,0.3100
42324,7,0.2694
42325,21,0.1606
42326,24,0.1966
42327,21,0.2160
42328,7,0.1947
42330,21,0.1533
42331,7,0.2460
42332,7,0.1489
42333,7,0.2451
42334,19,0.1612
42335,21,0.2296
42336,21,0.3126
42337,7,0.2401
42338,19,0.1312
42339,7,0.1596
42341,19,0.1457
42342,7,0.1797
42343,7,0.2037
42344,7,0.2838
42345,7,0.1793
42346,7,0.2749
42347,7,0.1897
42348,7,0.2149
42349,7,0.2724
42350,7,0.1597
42351,7,0.1795
42352,7,0.3262
42353,7,0.1698
42354,21,0.2425
42355,21,0.2287
42356,21,0.1032
42357,8,0.1440
42358,7,0.1573
42359,7,0.1095
42360,7,0.2169
42361,21,0.1891
42363,19,0.1174
42364,19,0.1336
42365,7,0.1862
42366,21,0.2850
42367,24,0.2336
42368,7,0.2883
42369,7,0.1760
42370,24,0.3138
42371,24,0.2263
42372,7,0.1627
42373,19,0.1874
42374,7,0.3212
42375,7,0.2107
42376,21,0.2446
42377,7,0.1877
42378,7,0.2219
42379,7,0.3701
42380,7,0.1860
42381,24,0.3004
42382,19,0.1279
42383,7,0.1536
42384,7,0.2766
42385,7,0.1938
42386,9,0.1931
42387,7,0.2849
42388,21,0.1763
42389,0,0.1197
42390,11,0.1471
42391,7,0.1861
42392,21,0.1112
42394,7,0.1390
42395,19,0.1175
42396,19,0.1104
42397,19,0.1319
42398,7,0.1221
42399,7,0.1735
42400,7,0.2599
42401,24,0.1463
42402,7,0.1489
42403,7,0.2518
42404,7,0.1940
42405,7,0.1729
42406,24,0.1786
42407,19,0.2138
42408,7,0.1568
42409,7,0.2906
42410,7,0.2039
42411,7,0.1597
42412,7,0.2096
42413,21,0.2571
42414,7,0.2329
42415,7,0.2323
42416,7,0.2232
42417,7,0.1436
42418,21,0.1466
42419,21,0.2382
42420,7,0.1448
42421,24,0.1548
42422,21,0.1513
42423,7,0.1635
42424,7,0.1680
42425,7,0.2705
42426,7,0.1263
42427,7,0.1380
42428,7,0.2188
42429,7,0.1497
42430,24,0.1080
42431,7,0.2903
42432,7,0.2754
42437,7,0.1314
42438,24,0.1454
42439,23,0.1562
42440,8,0.3444
42441,21,0.3350
42442,7,0.1986
42443,7,0.2152
42444,16,0.2009
42445,8,0.3062
42446,19,0.1414
42447,5,0.1203
42449,19,0.1181
42450,24,0.4303
42451,24,0.4732
42452,16,0.2460
42453,8,0.4433
42454,8,0.3933
42455,7,0.2033
42456,8,0.4242
42457,8,0.5620
42458,19,0.1180
42459,24,0.1268
42460,8,0.4266
42461,8,0.2344
42462,7,0.1776
42463,7,0.1872
42464,8,0.3498
42465,8,0.6052
42466,7,0.2991
42467,7,0.2459
42468,7,0.2595
42469,5,0.2034
42470,7,0.1894
42471,7,0.1439
42472,19,0.1044
42473,5,0.2436
42474,5,0.2344
42475,19,0.1870
42476,19,0.2484
42477,7,0.2341
42478,7,0.2013
42479,7,0.2866
42480,7,0.2540
42481,7,0.2594
42482,21,0.1616
42483,24,0.1195
42484,19,0.2094
42485,5,0.2397
42486,7,0.2132
42487,7,0.2254
42488,7,0.2877
42489,7,0.2055
42490,7,0.1551
42491,23,0.1406
42493,7,0.1805
42494,7,0.2955
42495,7,0.2390
42496,7,0.1442
42497,5,0.1302
42498,7,0.1848
42499,5,0.2114
42500,7,0.2499
42501,7,0.1981
42502,7,0.1781
42503,7,0.2732
42504,7,0.1731
42505,7,0.1403
42506,7,0.1659
42507,7,0.2166
42508,7,0.3807
42509,7,0.2072
42510,21,0.2045
42511,11,0.1596
42512,7,0.1919
42513,21,0.1163
42514,7,0.1311
42515,5,0.1865
42516,7,0.1535
42518,7,0.1229
42519,21,0.2288
42520,7,0.2443
42521,7,0.1467
42522,7,0.1651
42523,7,0.1284
42524,5,0.1722
42525,7,0.1527
42526,7,0.1448
42527,7,0.1796
42528,7,0.1656
42529,7,0.1206
42530,21,0.1219
42531,7,0.1331
42532,5,0.1243
42534,24,0.1269
42535,24,0.4442
42536,24,0.2453
42537,7,0.1618
42538,21,0.1562
42539,8,0.2502
42540,19,0.2533
42541,7,0.1749
42542,7,0.2209
42543,7,0.2528
42544,7,0.1312
42545,24,0.1941
42546,24,0.2467
42547,20,0.1549
42548,7,0.1718
42549,5,0.1604
42550,7,0.2081
42551,7,0.1536
42552,21,0.4308
42553,7,0.3023
42554,0,0.1510
42555,16,0.1567
42556,8,0.1964
42557,21,0.2915
42558,7,0.1596
42559,7,0.2572
42560,7,0.1833
42561,16,0.4541
42562,16,0.4102
42563,15,0.1493
42564,13,0.1661
42565,15,0.1348
42566,21,0.2666
42567,21,0.1546
42568,7,0.1141
42569,7,0.1201
42570,0,0.4427
42571,21,0.3359
42572,21,0.1962
42573,21,0.2811
42574,21,0.2225
42575,8,0.2731
42576,16,0.1516
42577,8,0.3757
42578,16,0.5776
42579,16,0.2293
42580,13,0.1495
42581,16,0.5290
42582,8,0.3504
42583,19,0.1171
42584,21,0.2501
42585,16,0.2075
42586,16,0.1878
42587,0,0.1071
42588,21,0.1062
42589,21,0.1411
42590,16,0.1610
42591,16,0.1383
42592,0,0.1722
42593,5,0.1199
42594,7,0.2163
42595,21,0.3367
42596,7,0.2276
42597,15,0.1061
42599,7,0.1919
42600,7,0.1988
42601,23,0.1252
42602,21,0.2505
42603,21,0.2064
42604,19,0.1357
42605,16,0.1633
42606,8,0.6153
42607,8,0.1670
42608,7,0.1273
42609,21,0.2416
42610,16,0.2144
42611,13,0.2024
42612,16,0.4545
42613,8,0.2013
42614,5,0.1044
42615,16,0.3676
42616,8,0.5364
42617,21,0.1633
42618,13,0.1412
42619,13,0.2114
42620,16,0.2306
42622,15,0.1249
42623,8,0.5424
42624,21,0.1724
42625,11,0.2424
42626,21,0.2720
42627,21,0.2174
42628,0,0.3667
42629,0,0.1190
42630,13,0.2331
42631,21,0.1490
42632,21,0.1489
42633,7,0.1498
42634,5,0.1516
42635,16,0.3556
42636,16,0.3015
42637,7,0.1607
42638,18,0.1167
42639,15,0.1083
42640,16,0.2768
42642,13,0.1168
42643,25,0.1039
42644,7,0.1865
42645,7,0.1380
42646,13,0.1384
42647,18,0.1202
42650,13,0.1305
42651,16,0.1307
42652,21,0.2849
42653,21,0.3131
42654,21,0.1663
42655,16,0.1795
42656,15,0.1883
42658,7,0.1798
42659,7,0.2513
42660,21,0.1306
42661,21,0.1797
42662,15,0.1395
42663,17,0.2295
42665,21,0.1462
42666,8,0.1043
42667,8,0.5797
42668,13,0.1379
42669,13,0.1609
42670,16,0.1639
42671,21,0.2193
42672,7,0.1492
42673,5,0.2336
42674,5,0.2358
42675,19,0.1157
42676,19,0.1179
42677,5,0.1460
42678,13,0.1758
42679,13,0.1367
42681,21,0.1179
42683,7,0.1035
42684,7,0.1724
42685,5,0.1463
42687,23,0.1257
42688,8,0.4713
42689,8,0.2155
42690,19,0.1946
42691,23,0.1865
42692,23,0.2672
42693,24,0.2504
42694,21,0.1379
42695,24,0.1624
42696,21,0.2381
42697,7,0.2115
42698,7,0.1368
42699,21,0.2312
42700,21,0.2927
42701,7,0.1910
42702,21,0.1179
42703,8,0.2928
42704,21,0.1683
42705,7,0.1597
42706,8,0.1358
42707,8,0.3499
42708,21,0.3331
42709,7,0.1425
42710,8,0.8708
42711,8,0.9665
42712,8,0.6917
42713,19,0.1236
42714,8,0.3402
42715,21,0.1545
42716,5,0.2154
42717,7,0.1550
42718,7,0.1794
42720,8,0.7158
42721,8,0.2613
42722,5,0.1859
42723,5,0.1658
42725,7,0.1806
42726,5,0.1845
42727,19,0.1309
42728,23,0.1459
42730,19,0.1234
42731,7,0.1878
42732,5,0.1725
42733,21,0.1337
42734,21,0.1952
42735,7,0.1636
42737,7,0.1588
42738,5,0.1536
42739,7,0.2467
42740,7,0.1689
42742,7,0.1181
42744,19,0.1745
42745,7,0.1635
42746,21,0.1353
42747,19,0.1616
42748,5,0.1709
42749,19,0.1222
42750,19,0.1583
42751,7,0.1331
42752,21,0.1292
42753,7,0.1820
42754,21,0.1749
42755,21,0.1505
42757,7,0.1170
42758,7,0.1053
42759,7,0.1319
42760,7,0.1257
42761,19,0.1457
42762,7,0.1085
42763,19,0.1338
42766,24,0.2119
42767,24,0.2632
42768,24,0.1576
42769,7,0.1416
42770,16,0.1658
42771,20,0.1428
42772,7,0.1566
42773,19,0.1263
42774,19,0.1671
42775,24,0.2093
42776,7,0.1714
42777,7,0.1891
42778,24,0.1983
42779,21,0.2040
42780,7,0.2072
42782,7,0.1699
42783,7,0.1700
42784,30,0.1249
42785,0,0.1319
42786,8,0.2368
42787,19,0.1973
42788,21,0.3371
42789,21,0.3122
42790,19,0.1354
42791,7,0.2445
42792,7,0.1476
42793,21,0.1128
42795,21,0.1219
42796,21,0.1373
42797,23,0.1367
42798,24,0.1192
42799,7,0.1151
42800,7,0.1962
42801,24,0.2854
42802,24,0.1660
42803,24,0.1303
42804,24,0.2812
42805,7,0.2224
42806,7,0.1046
42807,24,0.1912
42808,7,0.2195
42809,21,0.1609
42810,24,0.2928
42811,24,0.3048
42812,19,0.1478
42813,19,0.1160
42814,24,0.1465
42815,7,0.1256
42816,24,0.2090
42817,21,0.2292
42819,19,0.1635
42820,7,0.2362
42821,5,0.2070
42822,19,0.1768
42823,7,0.1794
42824,7,0.1061
42825,23,0.1217
42826,19,0.1054
42827,5,0.1445
42828,21,0.1796
42829,24,0.2134
42830,7,0.1471
42831,7,0.1967
42832,24,0.2299
42833,7,0.1694
42834,24,0.1072
42837,24,0.1039
42838,7,0.1301
42840,23,0.1394
42841,23,0.1883
42842,7,0.3337
42843,7,0.2233
42845,8,0.2088
42846,8,0.2364
42847,8,0.1167
42849,23,0.1039
42850,19,0.1285
42851,21,0.1643
42852,21,0.1940
42853,23,0.1756
42854,19,0.1554
42855,21,0.2305
42857,16,0.2039
42858,8,0.2472
42859,16,0.3714
42861,20,0.2376
42862,8,0.1545
42863,7,0.1777
42865,8,0.8058
42866,8,0.7990
42867,7,0.2240
42868,21,0.1453
42869,21,0.1896
42870,7,0.1694
42871,5,0.1662
42872,19,0.1468
42873,19,0.2131
42874,7,0.1343
42875,7,0.1896
42876,19,0.1657
42877,7,0.1551
42878,7,0.1764
42879,16,0.2169
42880,16,0.1523
42881,5,0.1318
42882,16,0.1347
42883,16,0.1256
42884,16,0.1065
42885,7,0.1163
42886,5,0.1652
42887,7,0.1802
42888,7,0.1781
42889,7,0.1676
42890,19,0.1884
42891,19,0.2245
42892,7,0.1535
42893,21,0.1786
42894,21,0.1201
42895,19,0.1052
42896,5,0.1509
42897,7,0.1354
42898,21,0.1716
42899,7,0.1563
42900,21,0.1300
42901,21,0.1796
42902,7,0.1122
42903,19,0.2068
42904,7,0.1440
42905,5,0.1426
42906,5,0.1448
42907,19,0.1773
42908,7,0.1361
42909,7,0.1324
42910,5,0.1028
42911,5,0.1510
42912,5,0.1315
42913,7,0.1140
42914,7,0.1413
42915,5,0.2324
42916,5,0.1072
42917,0,0.1248
42918,5,0.1354
42921,11,0.1592
42922,0,0.1191
42923,5,0.1256
42924,5,0.2438
42925,1,0.1101
42926,7,0.1229
42927,7,0.1690
42928,5,0.1397
42929,5,0.1113
42931,7,0.1450
42932,5,0.1378
42933,21,0.1072
42934,19,0.1260
42935,19,0.1646
42936,5,0.1704
42937,21,0.1090
42938,7,0.1631
42940,7,0.1428
42941,5,0.1568
42942,5,0.2563
42943,5,0.2625
42944,13,0.2105
42945,5,0.1519
42946,5,0.1303
42947,19,0.1042
42948,5,0.1612
42949,7,0.2012
42950,7,0.1859
42951,21,0.3026
42952,15,0.1993
42953,7,0.1691
42954,21,0.4030
42955,21,0.2901
42957,21,0.2329
42958,21,0.6165
42959,21,0.3518
42960,7,0.1298
42961,24,0.1508
42962,21,0.3178
42963,21,0.3022
42964,7,0.2303
42965,7,0.1046
42966,21,0.2478
42967,0,0.2146
42968,1,0.1397
42969,21,0.1480
42970,19,0.1217
42971,21,0.3008
42972,7,0.2717
42973,7,0.1522
42974,7,0.2310
42975,21,0.4755
42976,21,0.3056
42978,21,0.1489
42979,21,0.1484
42980,21,0.1298
42981,19,0.2258
42982,7,0.2038
42983,21,0.2184
42984,21,0.3195
42985,8,0.4637
42986,21,0.2679
42987,8,0.1593
42988,23,0.1322
42989,21,0.2739
42990,21,0.3421
42991,7,0.1194
42992,21,0.1420
42993,21,0.4292
42994,21,0.5941
42995,7,0.1746
42996,21,0.2057
42997,21,0.2377
42998,21,0.2658
42999,7,0.1435
43000,21,0.1290
43001,21,0.2460
43002,21,0.4633
43003,21,0.1749
43005,19,0.1564
43006,7,0.2770
43007,19,0.1615
43008,7,0.2292
43009,7,0.1852
43010,21,0.2493
43011,8,0.4119
43012,21,0.2698
43013,7,0.2672
43014,5,0.1702
43015,5,0.1360
43016,21,0.2304
43017,7,0.2569
43018,7,0.2190
43019,7,0.1689
43020,7,0.1631
43021,21,0.1800
43022,16,0.1910
43023,7,0.1662
43024,21,0.1414
43025,24,0.1937
43026,21,0.3233
43027,21,0.1508
43029,21,0.1706
43030,21,0.2931
43031,21,0.3800
43032,7,0.1904
43033,7,0.1609
43034,16,0.1507
43035,30,0.1311
43036,7,0.1395
43037,21,0.1515
43038,7,0.2858
43039,7,0.1641
43040,24,0.1102
43041,24,0.1300
43042,7,0.2326
43043,21,0.2962
43044,21,0.1432
43045,24,0.1430
43046,7,0.1397
43047,7,0.2751
43048,7,0.2597
43052,0,0.2517
43053,21,0.1810
43056,8,0.5964
43057,8,0.7192
43058,21,0.2054
43059,24,0.1529
43060,8,0.3874
43061,8,0.4839
43062,21,0.1551
43063,7,0.1148
43064,21,0.1691
43065,21,0.3084
43066,7,0.2770
43067,21,0.1313
43068,21,0.3800
43069,8,0.3163
43070,8,0.1968
43071,21,0.1594
43072,32,0.1985
43073,32,0.1794
43074,11,0.1316
43075,21,0.2010
43076,21,0.2082
43077,21,0.3250
43078,21,0.2412
43080,21,0.1713
43081,21,0.4098
43082,21,0.1706
43083,21,0.1059
43084,0,0.1916
43085,0,0.2177
43086,31,0.1576
43087,32,0.1045
43089,21,0.1670
43090,21,0.1720
43091,21,0.1212
43093,0,0.1586
43094,0,0.1061
43095,20,0.1702
43096,20,0.3281
43097,16,0.2575
43098,16,0.2163
43100,32,0.1994
43101,11,0.1510
43102,21,0.2309
43103,16,0.1720
43104,20,0.1883
43105,8,0.2101
43106,21,0.2342
43107,0,0.1288
43108,21,0.2363
43109,21,0.3408
43110,7,0.1124
43111,24,0.3732
43112,21,0.2349
43113,15,0.2876
43114,15,0.2734
43115,7,0.2663
43116,0,0.2504
43117,21,0.2419
43118,21,0.2955
43119,21,0.1728
43120,7,0.1655
43121,16,0.1630
43122,29,0.1698
43126,21,0.2686
43127,16,0.4262
43128,8,0.8390
43129,8,0.6146
43130,7,0.1783
43131,21,0.1384
43132,21,0.1381
43133,21,0.2324
43134,7,0.2133
43135,11,0.1561
43136,7,0.1025
43137,24,0.1060
43138,7,0.1758
43139,15,0.2850
43140,21,0.3435
43141,21,0.3689
43142,7,0.2338
43143,21,0.1752
43144,7,0.2645
43145,7,0.1740
43146,7,0.2686
43147,21,0.2449
43148,21,0.1956
43149,7,0.1135
43150,7,0.1091
43151,21,0.1694
43152,8,0.4010
43153,8,0.4653
43154,21,0.3109
43155,7,0.1768
43156,7,0.1923
43157,21,0.1438
43158,24,0.1085
43159,21,0.2212
43160,21,0.2641
43161,21,0.3018
43162,21,0.2171
43163,21,0.1139
43164,7,0.1460
43165,7,0.1346
43166,21,0.1424
43167,21,0.1642
43168,0,0.2072
43169,21,0.3155
43170,21,0.1202
43171,7,0.1721
43172,21,0.2634
43173,21,0.2378
43174,21,0.4868
43175,21,0.2857
43177,21,0.1855
43178,21,0.2445
43179,21,0.3920
43180,21,0.2931
43181,21,0.1465
43182,21,0.1823
43183,7,0.1426
43184,21,0.1834
43185,21,0.1747
43186,7,0.1180
43187,21,0.1669
43188,21,0.2595
43189,21,0.4724
43190,21,0.3150
43191,15,0.1433
43192,5,0.1201
43193,7,0.2317
43194,21,0.3413
43195,21,0.2477
43196,23,0.1190
43197,24,0.1897
43198,8,0.2222
43199,30,0.1603
43200,21,0.1475
43201,21,0.1565
43202,21,0.1543
43203,7,0.1629
43204,7,0.1439
43205,21,0.1268
43206,21,0.3284
43207,21,0.3383
43208,21,0.2868
43209,7,0.1462
43211,24,0.1319
43212,7,0.2298
43213,7,0.1672
43214,7,0.1233
43216,24,0.2730
43217,24,0.3280
43219,29,0.1156
43221,21,0.2166
43222,21,0.2796
43223,21,0.1744
43224,21,0.1733
43225,21,0.2288
43226,7,0.2060
43227,7,0.2412
43228,21,0.1760
43229,21,0.2402
43230,7,0.1676
43232,24,0.1620
43233,7,0.2702
43234,21,0.2369
43235,16,0.1450
43236,8,0.6255
43237,8,0.2693
43238,0,0.1892
43239,21,0.1465
43240,11,0.2334
43241,11,0.1069
43242,21,0.1186
43243,21,0.1445
43246,21,0.1222
43247,21,0.2994
43248,7,0.1682
43249,7,0.1516
43250,21,0.1688
43251,21,0.1072
43252,23,0.1074
43253,19,0.1287
43254,8,0.7454
43255,8,0.4065
43257,7,0.2260
43258,0,0.3675
43259,0,0.5231
43260,21,0.2230
43261,21,0.1489
43263,8,0.1965
43264,21,0.2263
43265,7,0.1285
43266,7,0.1427
43267,19,0.2049
43269,28,0.1743
43270,23,0.1515
43271,21,0.1155
43272,21,0.1500
43273,21,0.2088
43274,21,0.1850
43275,7,0.1449
43277,23,0.1199
43278,21,0.1789
43279,21,0.1221
43280,7,0.1481
43281,21,0.1714
43282,11,0.1354
43284,21,0.1762
43285,21,0.1448
43286,24,0.1058
43287,19,0.1888
43288,19,0.1409
43289,19,0.1450
43290,8,0.1334
43291,8,0.1372
43292,19,0.1403
43293,19,0.2310
43294,5,0.1631
43295,9,0.1361
43296,7,0.1469
43297,5,0.1616
43298,5,0.2234
43299,5,0.1825
43300,19,0.1614
43301,24,0.1601
43302,19,0.1897
43303,19,0.1341
43304,8,0.1934
43305,8,0.1998
43306,23,0.2175
43307,23,0.2172
43308,19,0.1509
43309,19,0.1672
43310,5,0.1195
43311,8,0.1374
43312,21,0.1434
43313,21,0.1210
43314,21,0.1592
43315,24,0.1117
43316,5,0.2328
43317,5,0.1692
43318,5,0.1414
43319,5,0.1446
43320,19,0.1571
43321,21,0.1703
43322,11,0.1666
43323,9,0.1248
43324,5,0.1895
43325,5,0.1738
43326,8,0.1377
43327,19,0.1902
43328,19,0.1226
43329,19,0.1237
43330,6,0.1210
43331,10,0.1265
43332,23,0.1418
43333,19,0.1479
43334,19,0.2177
43335,19,0.2120
43336,19,0.1912
43337,23,0.1861
43338,23,0.1449
43339,6,0.1521
43340,6,0.1773
43342,9,0.1292
43343,21,0.1252
43344,21,0.1296
43345,21,0.1182
43346,21,0.1532
43347,21,0.1186
43348,8,0.1230
43349,21,0.1555
43351,23,0.1025
43352,23,0.1815
43353,16,0.2578
43354,8,0.1490
43355,8,0.1838
43356,7,0.1431
43357,4,0.3571
43358,4,0.3745
43359,0,0.1287
43360,0,0.1623
43361,8,0.4485
43362,21,0.1804
43364,22,0.1412
43365,20,0.2918
43366,8,0.1583
43367,7,0.1542
43369,4,0.4280
43370,1,0.1578
43371,24,0.1580
43372,24,0.1646
43373,8,0.1726
43374,8,0.1405
43375,7,0.1255
43376,21,0.1298
43377,7,0.1144
43379,6,0.1197
43380,7,0.1237
43381,21,0.1401
43382,8,0.2587
43383,16,0.2077
43384,21,0.1742
43385,24,0.1592
43387,6,0.1081
43388,8,0.2884
43389,8,0.2988
43390,5,0.2129
43391,21,0.1150
43392,8,0.3581
43393,8,0.3004
43394,5,0.2085
43395,21,0.1391
43396,21,0.2454
43397,21,0.1929
43398,7,0.1836
43399,7,0.1535
43400,7,0.2131
43401,21,0.2381
43402,7,0.1902
43403,7,0.1554
43404,7,0.1669
43405,19,0.1685
43406,5,0.1123
43408,19,0.1296
43409,7,0.1628
43410,7,0.1948
43411,7,0.2171
43412,7,0.1856
43413,21,0.1355
43414,8,0.1783
43415,21,0.1427
43416,7,0.1721
43417,7,0.1137
43418,21,0.1289
43419,21,0.2246
43420,21,0.1710
43421,21,0.1246
43422,21,0.1141
43424,8,0.2145
43425,8,0.3362
43426,7,0.1376
43427,19,0.1320
43428,23,0.1378
43429,8,0.9036
43430,8,0.9034
43431,8,0.2309
43432,19,0.1264
43433,8,0.1322
43434,8,0.1884
43435,7,0.1866
43437,8,0.2191
43438,21,0.2982
43439,7,0.1163
43440,5,0.1821
43441,32,0.1300
43442,5,0.2384
43443,7,0.1532
43444,7,0.1152
43445,24,0.2297
43446,24,0.1184
43447,7,0.1434
43448,7,0.1180
43449,7,0.1246
43450,21,0.1569
43451,7,0.1529
43452,24,0.1344
43454,1,0.2296
43455,8,0.4659
43456,8,0.1995
43457,18,0.1447
43458,19,0.1261
43459,23,0.1616
43460,8,0.2917
43461,7,0.1307
43462,9,0.1485
43463,6,0.1486
43464,8,0.2296
43465,8,0.1284
43466,7,0.1423
43467,23,0.1463
43468,8,0.1651
43469,21,0.1596
43471,22,0.1522
43472,20,0.1611
43473,21,0.1506
43474,9,0.1082
43475,1,0.1199
43476,23,0.1536
43477,20,0.1860
43478,21,0.1288
43479,8,0.3580
43480,23,0.1602
43481,21,0.1379
43482,21,0.1028
43483,23,0.1650
43484,7,0.1519
43485,7,0.1680
43486,21,0.1655
43487,21,0.1959
43488,19,0.1241
43489,7,0.1831
43491,24,0.1450
43492,24,0.3601
43493,24,0.2347
43494,21,0.1568
43495,7,0.1202
43496,21,0.1061
43497,21,0.1801
43500,23,0.1588
43501,8,0.2563
43502,7,0.1665
43503,21,0.1134
43504,19,0.1234
43505,24,0.1412
43506,24,0.2483
43507,7,0.2017
43508,21,0.1962
43509,8,0.1076
43510,19,0.1448
43511,7,0.2426
43512,7,0.1884
43513,7,0.1547
43514,20,0.1238
43515,16,0.3280
43516,21,0.1694
43517,7,0.1274
43518,7,0.1612
43519,7,0.2065
43520,7,0.2473
43521,7,0.1914
43522,7,0.1531
43523,21,0.1606
43524,23,0.1908
43525,21,0.1646
43526,21,0.1533
43527,7,0.1723
43528,21,0.1412
43529,21,0.2540
43530,8,0.2365
43531,23,0.2366
43532,23,0.3158
43533,8,0.1783
43534,21,0.1729
43535,24,0.1505
43536,24,0.1194
43537,7,0.2480
43538,24,0.3316
43539,21,0.1520
43540,7,0.1617
43541,7,0.1963
43542,7,0.1297
43543,8,0.3922
43544,8,0.4618
43545,21,0.3975
43546,21,0.2976
43547,21,0.1465
43548,11,0.1528
43549,24,0.1600
43550,8,0.6762
43551,8,0.6424
43552,7,0.1358
43553,7,0.1635
43554,24,0.1627
43555,20,0.2019
43556,16,0.3235
43557,21,0.1149
43558,21,0.1284
43560,7,0.1668
43561,7,0.1807
43562,7,0.1665
43563,23,0.1164
43564,23,0.1566
43565,7,0.2073
43566,7,0.1863
43569,21,0.1031
43570,21,0.3250
43573,9,0.1134
43574,8,0.5490
43575,8,0.1865
43576,24,0.2177
43577,7,0.1305
43578,21,0.1763
43579,24,0.2377
43580,8,0.2826
43581,9,0.1454
43582,21,0.3292
43583,21,0.1687
43586,8,0.1546
43587,8,0.3342
43588,21,0.1642
43590,24,0.1101
43591,21,0.1960
43592,21,0.1997
43593,21,0.3091
43594,19,0.1143
43595,8,0.2082
43596,23,0.1582
43597,7,0.2375
43598,7,0.1155
43599,21,0.1218
43600,24,0.1982
43601,8,0.2032
43602,21,0.2135
43603,7,0.1544
43604,7,0.1969
43605,7,0.2676
43606,7,0.1860
43607,7,0.1850
43608,21,0.2385
43609,21,0.3299
43610,21,0.2718
43611,21,0.2675
43613,15,0.1713
43614,7,0.3190
43615,8,0.5419
43616,0,0.1314
43617,21,0.1028
43618,19,0.2666
43619,21,0.2543
43620,24,0.2978
43621,7,0.1227
43622,19,0.1069
43623,19,0.1947
43625,21,0.1739
43626,21,0.1745
43627,24,0.3244
43628,21,0.2114
43629,21,0.2739
43630,24,0.4476
43631,21,0.1628
43632,7,0.1183
43633,7,0.1654
43634,7,0.1404
43636,28,0.1045
43637,21,0.2706
43638,21,0.2256
43639,30,0.1763
43640,21,0.2336
43641,7,0.2903
43642,7,0.1889
43643,7,0.2295
43644,7,0.1790
43646,6,0.1374
43647,19,0.2366
43648,8,0.1740
43649,8,0.2758
43650,8,0.3654
43651,5,0.2003
43652,5,0.1666
43653,8,0.3797
43654,8,0.4659
43655,21,0.2321
43656,7,0.2050
43657,8,0.2183
43658,20,0.1637
43659,21,0.1626
43660,7,0.1516
43661,7,0.1484
43662,7,0.2982
43663,21,0.1452
43664,21,0.1685
43665,24,0.2121
43667,7,0.1129
43668,21,0.2251
43669,7,0.2454
43670,21,0.1918
43671,21,0.1787
43672,24,0.1056
43673,19,0.1327
43674,7,0.1755
43675,21,0.1846
43677,8,0.1919
43678,7,0.1262
43679,21,0.1533
43681,21,0.1528
43682,7,0.1657
43683,7,0.1327
43684,19,0.1961
43685,7,0.1980
43686,7,0.2232
43687,7,0.1901
43688,7,0.1962
43689,5,0.1843
43690,19,0.2479
43691,19,0.1533
43692,19,0.1723
43694,20,0.1789
43695,19,0.1822
43696,19,0.2307
43697,19,0.1927
43698,7,0.1974
43699,7,0.1732
43700,21,0.2185
43701,21,0.1442
43702,19,0.1905
43703,19,0.2111
43704,19,0.1503
43705,19,0.1886
43706,21,0.1499
43707,24,0.1542
43708,19,0.1533
43709,19,0.1664
43710,19,0.1469
43712,28,0.1327
43713,19,0.2458
43715,14,0.1095
43716,19,0.2525
43717,19,0.1816
43718,7,0.1322
43720,5,0.1321
43721,7,0.1144
43722,7,0.1197
43723,5,0.1190
43724,7,0.1450
43725,29,0.1051
43727,7,0.1206
43728,19,0.1626
43729,5,0.1914
43730,7,0.1847
43731,5,0.1977
43732,7,0.1457
43733,7,0.1772
43734,5,0.1501
43735,7,0.1229
43736,21,0.1119
43738,7,0.1073
43742,7,0.1423
43743,21,0.1820
43744,21,0.1492
43745,5,0.1261
43746,19,0.2196
43747,23,0.1112
43748,20,0.1704
43749,30,0.1533
43750,19,0.2416
43751,7,0.1907
43752,7,0.2382
43753,19,0.1712
43755,7,0.2038
43756,15,0.2518
43759,29,0.1080
43760,21,0.1372
43761,21,0.1133
43762,8,0.5198
43763,8,0.5325
43764,7,0.1082
43765,21,0.1302
43766,21,0.1352
43767,7,0.1039
43768,21,0.1503
43769,21,0.1667
43770,21,0.2067
43771,21,0.1617
43772,24,0.1226
43773,24,0.1125
43775,18,0.1089
43778,24,0.1104
43779,24,0.1060
43781,24,0.1028
43782,24,0.1489
43785,21,0.1227
43786,5,0.1672
43787,8,0.3356
43788,9,0.3101
43789,9,0.2481
43790,9,0.1278
43791,21,0.1250
43793,9,0.1089
43794,9,0.1145
43796,21,0.1026
43798,5,0.1232
43799,15,0.1517
43800,21,0.3212
43801,15,0.1517
43802,7,0.1819
43803,21,0.1990
43804,7,0.2669
43805,7,0.2458
43806,7,0.2096
43807,24,0.2901
43808,24,0.3242
43809,21,0.1798
43810,24,0.2898
43811,7,0.2089
43812,7,0.1623
43813,21,0.2097
43814,7,0.1333
43815,7,0.1481
43816,7,0.2854
43817,7,0.2924
43818,7,0.1732
43819,7,0.2022
43820,7,0.2348
43821,7,0.2013
43822,7,0.1042
43823,21,0.2595
43824,7,0.2741
43825,21,0.1988
43826,21,0.2491
43827,7,0.2910
43828,7,0.1670
43829,21,0.2044
43830,21,0.2229
43831,21,0.2282
43832,21,0.1382
43833,21,0.2623
43834,23,0.1795
43835,24,0.1433
43836,24,0.2515
43837,21,0.3374
43838,7,0.2444
43839,21,0.2066
43840,23,0.1307
43841,7,0.1439
43842,21,0.2001
43843,15,0.3190
43844,7,0.1738
43845,21,0.2065
43846,15,0.2001
43847,15,0.3074
43848,15,0.2407
43849,21,0.1449
43850,21,0.2007
43851,24,0.2605
43852,21,0.3696
43853,7,0.3360
43854,7,0.3399
43855,7,0.2450
43856,21,0.2531
43857,7,0.2125
43858,24,0.2394
43859,24,0.1682
43860,21,0.2183
43861,7,0.2868
43862,7,0.2229
43863,7,0.2710
43864,7,0.2582
43865,7,0.2402
43866,21,0.2127
43867,21,0.2199
43868,7,0.2567
43869,7,0.1857
43870,21,0.1757
43871,24,0.2737
43872,24,0.1944
43873,21,0.2959
43874,21,0.2539
43875,7,0.1402
43876,21,0.1232
43877,21,0.1880
43878,21,0.1719
43879,7,0.1513
43880,7,0.1528
43881,7,0.1478
43882,8,0.1289
43883,7,0.1992
43885,19,0.1235
43886,21,0.1240
43887,7,0.1567
43888,7,0.2393
43891,7,0.1409
43892,7,0.2818
43893,7,0.1565
43894,0,0.1244
43895,0,0.1889
43896,5,0.1234
43897,7,0.2151
43898,7,0.2562
43899,5,0.1355
43900,19,0.1064
43901,7,0.1985
43902,5,0.1383
43903,19,0.1730
43904,7,0.2588
43905,21,0.1922
43906,21,0.2147
43907,7,0.2220
43908,21,0.1542
43909,21,0.1427
43910,7,0.1066
43911,21,0.1161
43912,7,0.1309
43915,7,0.1166
43917,24,0.1132
43922,24,0.1030
43923,24,0.1038
43924,24,0.1084
43925,24,0.1035
43926,24,0.1075
43927,24,0.1068
43929,24,0.1137
43930,13,0.1031
43932,24,0.1121
43933,24,0.1195
43934,24,0.1085
43935,24,0.1093
43936,24,0.1073
43937,7,0.1438
43938,15,0.2558
43939,21,0.3381
43940,21,0.3398
43941,8,0.5890
43942,8,0.6789
43943,16,0.1782
43944,16,0.3354
43945,21,0.2093
43946,15,0.1728
43947,15,0.2913
43948,21,0.4984
43949,21,0.2429
43950,8,0.3257
43951,8,0.5506
43952,24,0.1682
43953,7,0.1854
43954,8,0.6052
43955,8,0.8376
43956,21,0.2165
43957,16,0.4679
43958,8,0.4534
43959,30,0.1381
43960,16,0.3593
43961,21,0.1919
43963,15,0.2230
43964,21,0.2851
43965,21,0.4078
43966,19,0.2185
43967,7,0.2291
43968,7,0.2741
43969,7,0.2686
43970,7,0.1959
43971,7,0.1977
43972,21,0.2471
43973,21,0.2473
43974,21,0.2975
43975,21,0.4285
43976,21,0.3560
43977,21,0.2596
43978,15,0.2767
43979,7,0.1868
43980,5,0.1978
43981,7,0.1987
43982,7,0.1788
43983,21,0.2398
43984,15,0.2054
43985,7,0.2851
43986,15,0.2233
43987,21,0.3897
43988,7,0.2189
43989,21,0.3531
43990,15,0.2152
43991,7,0.2705
43992,7,0.2723
43993,5,0.1710
43994,5,0.1324
43995,7,0.1088
43996,7,0.1051
43997,7,0.1127
43998,7,0.1412
43999,7,0.1457
44000,7,0.1930
44001,7,0.2213
44002,15,0.1843
44003,21,0.4359
44004,7,0.2430
44005,7,0.2857
44006,7,0.1948
44007,7,0.1639
44008,7,0.1272
44009,24,0.1108
44010,24,0.1748
44011,8,0.2568
44012,8,0.3740
44013,8,0.4901
44014,21,0.2421
44015,7,0.2329
44016,21,0.1813
44017,21,0.1713
44018,24,0.1163
44019,8,0.1155
44020,24,0.2651
44021,21,0.1839
44022,21,0.1254
44023,21,0.1647
44024,21,0.1228
44025,7,0.1693
44026,7,0.1916
44027,7,0.2642
44028,7,0.2632
44029,7,0.3120
44030,21,0.1981
44031,7,0.1693
44032,24,0.2007
44033,7,0.2229
44034,7,0.2430
44035,7,0.2509
44036,7,0.2217
44037,7,0.2366
44038,24,0.3062
44039,21,0.3099
44040,7,0.2274
44041,24,0.2043
44042,21,0.2455
44043,7,0.2307
44044,21,0.1512
44045,21,0.1843
44046,30,0.1388
44047,19,0.1524
44048,21,0.1902
44049,15,0.1966
44050,7,0.1412
44051,7,0.2936
44052,21,0.3160
44053,21,0.2524
44054,21,0.2344
44055,24,0.2727
44056,21,0.1943
44057,21,0.3701
44058,21,0.3555
44059,21,0.2740
44060,21,0.3147
44061,21,0.2486
44062,8,0.3970
44063,0,0.1934
44064,15,0.1487
44065,7,0.2575
44066,7,0.2326
44067,16,0.1647
44068,8,0.4906
44069,5,0.1899
44070,5,0.1103
44071,7,0.1779
44072,21,0.1465
44073,7,0.1482
44074,7,0.1825
44075,19,0.1292
44076,8,0.2088
44077,8,0.4577
44078,8,0.8976
44079,8,0.3143
44080,5,0.1180
44081,24,0.2416
44082,21,0.2310
44083,0,0.2412
44084,21,0.3036
44085,21,0.3936
44086,21,0.2229
44087,21,0.1212
44088,21,0.2268
44089,7,0.2018
44090,21,0.3053
44091,19,0.1893
44092,0,0.4307
44093,0,0.4851
44094,18,0.1398
44095,15,0.1077
44096,7,0.1151
44097,24,0.1234
44098,21,0.1289
44099,21,0.1886
44100,21,0.1832
44101,7,0.1613
44103,16,0.3263
44104,8,0.4963
44105,0,0.8845
44106,11,0.1859
44107,7,0.1370
44108,7,0.1100
44109,29,0.1198
44110,17,0.1204
44111,0,0.1218
44112,11,0.1580
44113,1,0.3169
44114,9,0.2132
44115,13,0.1874
44117,21,0.1933
44118,21,0.1531
44119,1,0.1062
44120,1,0.1925
44121,9,0.1329
44122,13,0.1120
44124,23,0.1649
44125,22,0.1873
44126,21,0.1283
44127,1,0.1578
44128,9,0.1693
44129,9,0.2664
44132,5,0.1144
44135,21,0.1079
44136,21,0.1134
44137,19,0.1329
44138,7,0.1666
44139,7,0.1411
44140,7,0.1935
44141,7,0.1639
44142,7,0.1644
44143,21,0.1652
44144,5,0.1072
44145,21,0.1057
44146,10,0.1491
44147,10,0.2734
44148,10,0.1999
44149,10,0.1726
44150,24,0.2423
44151,5,0.1738
44152,7,0.1498
44153,7,0.1029
44154,24,0.1077
44155,7,0.1432
44156,6,0.1454
44157,20,0.1497
44158,16,0.1717
44159,16,0.1771
44160,7,0.1638
44161,7,0.1409
44162,5,0.1556
44163,5,0.2886
44164,5,0.2758
44165,6,0.1191
44166,7,0.2016
44168,18,0.1102
44169,5,0.1748
44170,19,0.1949
44171,8,0.2744
44172,8,0.5808
44173,8,0.4230
44174,9,0.4553
44175,23,0.2849
44176,27,0.1291
44177,22,0.1145
44178,7,0.1403
44179,10,0.1595
44180,24,0.1545
44181,24,0.1879
44182,19,0.1296
44185,6,0.1492
44187,19,0.1220
44188,10,0.1703
44189,10,0.1456
44190,8,0.1297
44191,7,0.1552
44192,5,0.1357
44193,5,0.1580
44196,4,0.2627
44197,8,0.2011
44198,19,0.1326
44199,19,0.2072
44200,19,0.1153
44201,7,0.1464
44203,23,0.1134
44204,24,0.1367
44205,24,0.1897
44206,6,0.1343
44207,19,0.1219
44208,24,0.1351
44209,24,0.1301
44210,7,0.1414
44211,7,0.1997
44212,21,0.1307
44213,21,0.1076
44214,21,0.1356
44215,21,0.1030
44216,24,0.1352
44217,19,0.1229
44220,8,0.1756
44221,20,0.2316
44222,18,0.1109
44223,23,0.1648
44224,6,0.1941
44225,10,0.1857
44226,10,0.2091
44227,19,0.1690
44228,7,0.1929
44229,7,0.1876
44230,7,0.1533
44231,24,0.1258
44232,21,0.1435
44233,6,0.1362
44234,19,0.1504
44235,19,0.1345
44238,7,0.1250
44239,7,0.1153
44240,7,0.1146
44242,20,0.2562
44243,20,0.2212
44244,7,0.1517
44245,7,0.2085
44247,10,0.1769
44248,24,0.1222
44249,7,0.1730
44250,7,0.1765
44251,21,0.1371
44252,24,0.1468
44253,24,0.1680
44254,23,0.1260
44255,7,0.1070
44256,0,0.1729
44257,5,0.1061
44258,1,0.1382
44259,1,0.1912
44260,13,0.1690
44261,15,0.2967
44262,21,0.2625
44263,21,0.2595
44264,24,0.2762
44265,21,0.2910
44266,15,0.2024
44267,21,0.1496
44268,24,0.1055
44269,21,0.1262
44270,7,0.2280
44271,24,0.1842
44272,19,0.1224
44273,24,0.1787
44275,7,0.1134
44276,7,0.1065
44278,24,0.1159
44279,21,0.1401
44280,21,0.1736
44281,8,0.1324
44282,23,0.2002
44283,19,0.1525
44284,21,0.2506
44287,7,0.1252
44288,7,0.1320
44289,21,0.1631
44290,7,0.2264
44291,9,0.2116
44292,7,0.2041
44293,21,0.1433
44294,21,0.1569
44295,8,0.1203
44298,21,0.1303
44299,21,0.2254
44300,21,0.1445
44301,7,0.1327
44302,0,0.1292
44305,24,0.2840
44306,21,0.1889
44307,21,0.3164
44308,7,0.1992
44309,21,0.1353
44310,0,0.1799
44311,7,0.1549
44312,8,0.3139
44313,8,0.3566
44314,19,0.1272
44315,16,0.1661
44316,19,0.1947
44317,7,0.1498
44318,15,0.1596
44319,21,0.2161
44320,7,0.1814
44321,7,0.2045
44322,21,0.1126
44323,5,0.1239
44324,21,0.1765
44325,21,0.2164
44326,21,0.2115
44327,21,0.2158
44328,0,0.1354
44329,1,0.2121
44330,11,0.1265
44331,21,0.1090
44332,21,0.1479
44333,7,0.1794
44334,7,0.1901
44335,7,0.1869
44336,7,0.2386
44337,7,0.2025
44338,11,0.2204
44339,11,0.2497
44340,11,0.3214
44341,24,0.3117
44342,24,0.2375
44343,1,0.2221
44344,1,0.2640
44345,21,0.1923
44346,7,0.2226
44347,0,0.2018
44348,0,0.2037
44349,21,0.2305
44350,7,0.2102
44351,7,0.2948
44352,21,0.2693
44353,21,0.2914
44354,21,0.2435
44355,21,0.2716
44356,21,0.3886
44357,21,0.2712
44358,21,0.4483
44359,21,0.2211
44360,21,0.1743
44361,21,0.1854
44362,7,0.2382
44363,21,0.2488
44364,7,0.2992
44365,21,0.2555
44366,21,0.2186
44368,24,0.1984
44369,24,0.1110
44370,8,0.1673
44371,21,0.1834
44372,23,0.2080
44373,24,0.2783
44374,7,0.2507
44375,7,0.1450
44376,0,0.1365
44377,1,0.2399
44379,9,0.1462
44380,7,0.1123
44382,8,0.4647
44383,8,0.5030
44385,0,0.1218
44386,16,0.2271
44387,16,0.6744
44388,8,0.4642
44390,19,0.1301
44391,16,0.2690
44392,16,0.4870
44393,8,0.5398
44394,0,0.5706
44395,0,0.1572
44397,16,0.3162
44398,16,0.6026
44399,0,0.3033
44400,8,0.4230
44401,4,0.5794
44402,21,0.1475
44403,7,0.1336
44404,21,0.1370
44405,8,0.5197
44406,0,0.3180
44407,7,0.1635
44408,21,0.2976
44409,21,0.3321
44410,24,0.2955
44411,7,0.3085
44412,5,0.2252
44413,8,0.5452
44414,8,0.8810
44415,8,0.1400
44416,7,0.3335
44417,21,0.3088
44418,21,0.3506
44419,0,0.2070
44420,21,0.1971
44421,0,0.1871
44422,0,0.2733
44423,21,0.4394
44424,7,0.3309
44425,8,0.7980
44426,16,0.3467
44427,15,0.1315
44428,15,0.2231
44429,7,0.1487
44430,21,0.1691
44431,7,0.1594
44432,7,0.1269
44433,1,0.3466
44434,11,0.1637
44435,21,0.2254
44436,7,0.1222
44437,0,0.3093
44438,16,0.3258
44439,21,0.1762
44440,21,0.1906
44441,21,0.2049
44442,8,0.4295
44443,8,0.5299
44444,21,0.3136
44445,7,0.2751
44446,21,0.1636
44447,8,0.3898
44448,7,0.2720
44449,21,0.2539
44450,21,0.2450
44451,0,0.3469
44452,0,0.4467
44453,21,0.1124
44454,15,0.1327
44455,1,0.6361
44456,1,0.2857
44460,7,0.1269
44461,7,0.1621
44462,7,0.1915
44463,0,0.1751
44464,21,0.2163
44465,21,0.2021
44466,11,0.3179
44467,7,0.2488
44468,21,0.1706
44469,21,0.2941
44470,21,0.2605
44472,1,0.1962
44473,1,0.1395
44474,7,0.2046
44475,21,0.2950
44476,21,0.2584
44477,21,0.1673
44478,21,0.1626
44479,21,0.2347
44480,16,0.2629
44481,8,0.7823
44482,8,0.8437
44483,7,0.1890
44484,16,0.5094
44485,8,0.5258
44486,21,0.3884
44487,8,0.2643
44488,21,0.2861
44490,0,0.3046
44491,7,0.1253
44492,21,0.1411
44493,0,0.2446
44494,0,0.2179
44495,1,0.1662
44496,7,0.1136
44497,7,0.1326
44498,21,0.1725
44499,11,0.1741
44500,11,0.3829
44501,11,0.3778
44502,24,0.2751
44503,21,0.2350
44504,21,0.3062
44505,21,0.1666
44506,0,0.1314
44507,11,0.1700
44508,29,0.1417
44509,29,0.1266
44510,21,0.1181
44511,21,0.1509
44512,21,0.1782
44513,21,0.2825
44514,11,0.1834
44515,22,0.1029
44516,24,0.2428
44517,21,0.2883
44518,8,0.5853
44519,8,0.6177
44520,21,0.2068
44521,8,0.6328
44522,21,0.2989
44523,21,0.2071
44524,7,0.1972
44525,21,0.2271
44526,21,0.1459
44528,21,0.2333
44529,21,0.2572
44530,5,0.1389
44531,21,0.1398
44532,8,0.2445
44533,19,0.1834
44534,7,0.1499
44535,21,0.1624
44536,5,0.1145
44537,21,0.1291
44538,21,0.1134
44539,24,0.1707
44540,7,0.1916
44541,21,0.1549
44544,21,0.1845
44545,21,0.1922
44546,24,0.1056
44547,24,0.1049
44548,7,0.1648
44549,7,0.1952
44550,7,0.2523
44551,7,0.2160
44552,21,0.1834
44553,11,0.2010
44554,21,0.2119
44555,7,0.1420
44556,21,0.1866
44557,7,0.2079
44558,21,0.2052
44559,21,0.2523
44560,21,0.2765
44561,21,0.1355
44563,21,0.2631
44564,21,0.3592
44565,21,0.2843
44566,21,0.1825
44567,0,0.1817
44568,30,0.1801
44569,21,0.1789
44570,21,0.2572
44571,21,0.3657
44572,8,0.3692
44573,21,0.2776
44574,21,0.3731
44575,21,0.2649
44576,21,0.1946
44577,7,0.1980
44578,7,0.1965
44579,7,0.1415
44580,21,0.2004
44581,24,0.2262
44582,21,0.1398
44583,1,0.1396
44584,11,0.2145
44585,7,0.2432
44586,24,0.1532
44587,19,0.1910
44588,7,0.2547
44589,8,0.5102
44590,8,0.7667
44591,7,0.1505
44592,21,0.1794
44593,8,0.4882
44594,8,0.4558
44595,7,0.2108
44596,21,0.2183
44597,21,0.1382
44598,8,0.5949
44599,8,0.2867
44600,7,0.1817
44601,21,0.1265
44602,11,0.2443
44603,0,0.1676
44604,24,0.2252
44605,21,0.1551
44606,8,0.2544
44607,0,0.1266
44608,7,0.1428
44609,21,0.1174
44610,21,0.1476
44611,21,0.1611
44612,21,0.1851
44613,21,0.1369
44614,19,0.1139
44615,7,0.1593
44616,24,0.1060
44617,24,0.1113
44618,24,0.3028
44619,24,0.1932
44620,7,0.1411
44625,7,0.1189
44626,7,0.1735
44627,21,0.1406
44628,8,0.1619
44629,8,0.1753
44631,24,0.1227
44632,7,0.1645
44633,7,0.2405
44634,7,0.1774
44635,8,0.3734
44636,30,0.1256
44637,24,0.1058
44638,7,0.1251
44639,24,0.3203
44640,21,0.2013
44641,21,0.1089
44643,20,0.1334
44644,8,0.2064
44645,8,0.2243
44646,21,0.1948
44647,21,0.2192
44648,7,0.2099
44649,7,0.1989
44650,7,0.1898
44651,24,0.1760
44652,7,0.1929
44653,7,0.2608
44654,7,0.1793
44655,21,0.1744
44656,21,0.1765
44657,21,0.1561
44658,7,0.1627
44659,7,0.1424
44660,24,0.1708
44661,7,0.1509
44662,24,0.1459
44663,24,0.3613
44664,15,0.1315
44665,24,0.1114
44666,7,0.1664
44667,11,0.2021
44669,24,0.3494
44670,21,0.2088
44671,7,0.1892
44672,7,0.2101
44673,21,0.1977
44674,21,0.1733
44675,21,0.1900
44676,21,0.1892
44677,21,0.1751
44678,21,0.1705
44679,21,0.2463
44680,11,0.2507
44681,24,0.1929
44682,24,0.3658
44683,24,0.1651
44684,24,0.2564
44685,24,0.2762
44686,24,0.3733
44687,24,0.2217
44688,24,0.2703
44689,21,0.1524
44690,21,0.2867
44691,7,0.2820
44692,7,0.2173
44693,7,0.1622
44694,21,0.2212
44695,7,0.2124
44696,21,0.1478
44697,21,0.1493
44698,21,0.1755
44699,21,0.1799
44700,7,0.1560
44701,7,0.1653
44702,21,0.1752
44703,7,0.2303
44704,7,0.2916
44705,7,0.2701
44706,7,0.2363
44707,5,0.1788
44708,21,0.2357
44709,7,0.2857
44710,19,0.2077
44711,31,0.1291
44712,15,0.2243
44713,15,0.1763
44714,7,0.1704
44715,7,0.1961
44716,23,0.1739
44717,7,0.1212
44718,19,0.2288
44719,23,0.1470
44720,20,0.2421
44721,15,0.1963
44722,7,0.3016
44723,7,0.1712
44724,5,0.1693
44725,5,0.1821
44726,5,0.1990
44727,7,0.1146
44728,24,0.2171
44729,21,0.1846
44730,24,0.1702
44731,11,0.2510
44732,11,0.3181
44733,7,0.1639
44734,7,0.1576
44736,24,0.1050
44737,24,0.1044
44741,24,0.1077
44742,7,0.1390
44744,7,0.2530
44745,7,0.2637
44746,7,0.1339
44751,8,0.6187
44752,30,0.1443
44753,21,0.1381
44754,21,0.1395
44755,21,0.1603
44756,19,0.2108
44757,19,0.1074
44758,7,0.1538
44759,7,0.1663
44760,7,0.1736
44763,21,0.1035
44765,21,0.1080
44768,21,0.1167
44769,21,0.1204
44770,5,0.1073
44771,19,0.1130
44772,5,0.1617
44773,7,0.1672
44774,7,0.2256
44775,0,0.1032
44776,11,0.1906
44777,7,0.1862
44778,7,0.2394
44779,7,0.2428
44781,28,0.1512
44782,21,0.1676
44783,21,0.2759
44784,7,0.1640
44785,22,0.1649
44786,8,0.5784
44787,19,0.1249
44788,19,0.1876
44789,5,0.1701
44790,7,0.2162
44791,21,0.1849
44792,7,0.1893
44793,7,0.1150
44794,8,0.2391
44795,8,0.1264
44796,7,0.1762
44797,8,0.4342
44798,8,0.1381
44799,19,0.1747
44800,21,0.2190
44801,21,0.2493
44802,21,0.2484
44803,19,0.1414
44804,7,0.2556
44805,7,0.3001
44806,21,0.1654
44807,7,0.1134
44808,7,0.2522
44809,24,0.2646
44810,21,0.3006
44811,21,0.3251
44812,21,0.2593
44813,7,0.2345
44814,19,0.1914
44815,19,0.2686
44816,7,0.3368
44817,7,0.2509
44818,21,0.2135
44819,7,0.2862
44820,15,0.3673
44821,15,0.3255
44822,21,0.2186
44823,21,0.3693
44824,7,0.1999
44825,15,0.1710
44826,7,0.2603
44827,7,0.2124
44828,7,0.3015
44829,19,0.1648
44830,7,0.1422
44831,21,0.1842
44832,7,0.2237
44833,7,0.2012
44834,7,0.2733
44835,7,0.3319
44836,5,0.3270
44837,7,0.2535
44838,7,0.1965
44839,15,0.2232
44840,7,0.2816
44841,19,0.2280
44842,7,0.1698
44843,7,0.2274
44844,19,0.1754
44845,21,0.2231
44846,7,0.1958
44847,5,0.1545
44849,19,0.1646
44850,7,0.1390
44852,7,0.1585
44853,7,0.1735
44854,24,0.1139
44855,21,0.1180
44856,7,0.1603
44857,24,0.1508
44858,7,0.2147
44859,7,0.1522
44860,7,0.1121
44861,7,0.2373
44862,7,0.1624
44863,7,0.1911
44864,24,0.1914
44865,7,0.1656
44866,21,0.1353
44867,19,0.1847
44868,19,0.1792
44869,7,0.1753
44870,7,0.1310
44871,7,0.1813
44872,8,0.2420
44873,8,0.2767
44874,7,0.1557
44875,7,0.1754
44876,7,0.2291
44877,24,0.1772
44878,19,0.1434
44879,7,0.2336
44880,7,0.1578
44881,0,0.2441
44882,21,0.1606
44883,21,0.2175
44884,21,0.2123
44885,5,0.1669
44886,7,0.2174
44887,21,0.2069
44888,21,0.1786
44889,8,0.3956
44890,24,0.1553
44891,7,0.2082
44892,7,0.2232
44893,21,0.1443
44894,21,0.1254
44895,8,0.3965
44896,8,0.2605
44897,8,0.7950
44898,19,0.1702
44899,8,0.2974
44900,8,0.2582
44901,20,0.1357
44902,23,0.1322
44903,19,0.1762
44904,21,0.1734
44905,19,0.1464
44906,28,0.1315
44908,7,0.1677
44909,21,0.3196
44910,15,0.2133
44911,16,0.2485
44912,21,0.1806
44913,8,0.5969
44914,8,0.5505
44915,0,0.2575
44916,7,0.1142
44917,7,0.1208
44918,7,0.1038
44929,7,0.1254
44930,7,0.1652
44931,21,0.1534
44932,21,0.2383
44933,8,0.3783
44934,21,0.1251
44935,19,0.1072
44936,16,0.3739
44937,21,0.1748
44938,19,0.1697
44939,7,0.1497
44940,15,0.1334
44941,15,0.1951
44942,19,0.2359
44943,19,0.2298
44944,7,0.1863
44945,9,0.1985
44946,7,0.2202
44947,7,0.2005
44948,7,0.1902
44949,7,0.2707
44950,9,0.1966
44951,9,0.1634
44952,8,0.1284
44953,8,0.5749
44954,8,0.7359
44955,8,0.6334
44956,8,0.4561
44957,19,0.2855
44958,9,0.1691
44959,7,0.2182
44960,19,0.2404
44961,9,0.2163
44962,21,0.1816
44963,7,0.2961
44964,19,0.1699
44965,8,0.1976
44966,9,0.2138
44967,21,0.2293
44968,7,0.2140
44969,19,0.1616
44970,19,0.1424
44971,7,0.1535
44973,16,0.4312
44974,8,0.5249
44975,8,0.6075
44976,8,0.5042
44977,7,0.1593
44978,5,0.1421
44979,5,0.2401
44980,7,0.2000
44981,7,0.2768
44982,7,0.3244
44983,5,0.2331
44984,5,0.1619
44985,5,0.1264
44986,5,0.1648
44987,7,0.1643
44989,19,0.1040
44990,7,0.1290
44991,21,0.1385
44992,5,0.1638
44993,21,0.1716
44994,21,0.1831
44995,7,0.1205
44997,7,0.1237
44999,7,0.1068
45000,24,0.2232
45001,7,0.1904
45007,0,0.1047
45008,19,0.1908
45009,8,0.5014
45010,8,0.3713
45011,11,0.2304
45012,19,0.1757
45013,21,0.2674
45014,21,0.2575
45015,0,0.4710
45016,8,0.5261
45017,24,0.2357
45018,16,0.3074
45019,19,0.1151
45020,0,0.1158
45021,21,0.1291
45022,0,0.1865
45023,21,0.2239
45024,15,0.1698
45026,16,0.3089
45027,21,0.2137
45028,21,0.1739
45029,21,0.1502
45030,21,0.1209
45031,7,0.1663
45032,19,0.1721
45033,7,0.2006
45034,7,0.2693
45035,21,0.2835
45036,19,0.3345
45037,21,0.3817
45038,0,0.2454
45039,8,0.4340
45040,8,0.2796
45041,19,0.2067
45042,19,0.1952
45043,0,0.1760
45044,12,0.2004
45045,5,0.1149
45046,7,0.2457
45047,7,0.2234
45048,19,0.1781
45049,9,0.2204
45050,9,0.2183
45051,0,0.6853
45052,0,0.6524
45053,7,0.2546
45054,7,0.2781
45055,21,0.2409
45056,21,0.2125
45057,7,0.2642
45058,7,0.2497
45059,7,0.2262
45060,7,0.1725
45061,9,0.1452
45062,7,0.1778
45063,8,0.3841
45064,0,0.5571
45065,21,0.1429
45066,7,0.1378
45067,7,0.1539
45068,7,0.1939
45069,21,0.1914
45070,7,0.1723
45071,7,0.1694
45072,7,0.2236
45073,21,0.3055
45074,1,0.1908
45075,21,0.1904
45076,8,0.5259
45077,8,0.5373
45078,19,0.1531
45081,21,0.2718
45082,21,0.3928
45083,5,0.1544
45084,5,0.1587
45085,0,0.6872
45086,4,0.8330
45089,7,0.1091
45090,19,0.1157
45092,1,0.1579
45093,1,0.1236
45094,1,0.1686
45095,7,0.1134
45096,5,0.1467
45097,13,0.1233
45098,31,0.1166
45099,19,0.1184
45100,11,0.1977
45101,1,0.2680
45103,21,0.1174
45104,21,0.1267
45105,8,0.1162
45106,8,0.1835
45107,19,0.1789
45108,0,0.1517
45109,0,0.1397
45110,5,0.1364
45111,5,0.1285
45112,5,0.1036
45113,9,0.1054
45114,7,0.1102
45115,7,0.1454
45116,5,0.1175
45117,7,0.1045
45118,7,0.2476
45119,7,0.1434
45120,5,0.1136
45121,19,0.1299
45122,0,0.1321
45123,7,0.1112
45124,7,0.1100
45125,1,0.1308
45126,1,0.1698
45131,21,0.1172
45132,11,0.1783
45133,1,0.1394
45134,7,0.1375
45136,22,0.1085
45138,5,0.1727
45140,16,0.1901
45141,12,0.1287
45142,5,0.1933
45143,7,0.1161
45144,24,0.1540
45145,19,0.1786
45146,5,0.1620
45148,6,0.1323
45149,7,0.2526
45150,5,0.1966
45151,5,0.1277
45152,21,0.1197
45153,7,0.1882
45154,7,0.1433
45155,5,0.1048
45156,1,0.1049
45157,1,0.2333
45158,7,0.1121
45159,5,0.1438
45160,5,0.1236
45161,21,0.1133
45162,5,0.1433
45163,7,0.1081
45165,8,0.2496
45166,8,0.5975
45168,21,0.1662
45171,5,0.1583
45173,6,0.1084
45175,24,0.2186
45177,21,0.1216
45178,21,0.1285
45179,7,0.1071
45181,9,0.2331
45182,8,0.2079
45183,8,0.2300
45184,8,0.1275
45185,8,0.1893
45186,7,0.1126
45189,5,0.1567
45190,5,0.1185
45191,7,0.1512
45192,7,0.1319
45193,7,0.2076
45194,5,0.1338
45195,19,0.1408
45196,5,0.1477
45197,7,0.1246
45198,8,0.1893
45199,8,0.2831
45201,23,0.1257
45203,19,0.1518
45204,4,0.1333
45205,4,0.1553
45206,4,0.1817
45207,8,0.4050
45208,6,0.1038
45209,5,0.1187
45210,19,0.1300
45211,7,0.1110
45212,7,0.1092
45215,21,0.1172
45216,7,0.1220
45219,5,0.1065
45220,0,0.1768
45221,4,0.2950
45222,24,0.1256
45223,19,0.2042
45224,7,0.2128
45225,5,0.2679
45226,5,0.1551
45230,5,0.1204
45232,7,0.1348
45233,7,0.1224
45234,21,0.1444
45235,24,0.1071
45236,21,0.1235
45237,21,0.1123
45238,21,0.2215
45239,15,0.2934
45240,15,0.1154
45241,15,0.1775
45242,21,0.2057
45243,16,0.2167
45244,24,0.1637
45245,24,0.1144
45246,7,0.1123
45247,21,0.1311
45248,7,0.2513
45249,7,0.1820
45250,5,0.1269
45252,7,0.1343
45253,7,0.1572
45254,21,0.1429
45255,21,0.1028
45256,24,0.1034
45257,24,0.1102
45259,24,0.1141
45261,24,0.1205
45262,23,0.1032
45263,1,0.1828
45264,0,0.1472
45265,7,0.1356
45266,7,0.1974
45267,7,0.1258
45268,7,0.1065
45269,7,0.1166
45270,21,0.1400
45271,7,0.1547
45272,5,0.2115
45273,7,0.2002
45274,7,0.1599
45275,7,0.1063
45277,7,0.1211
45278,7,0.1573
45280,16,0.1087
45281,5,0.1367
45282,0,0.1387
45283,11,0.1222
45284,21,0.1650
45285,19,0.1681
45286,7,0.2791
45287,21,0.1366
45288,21,0.1926
45289,7,0.2238
45290,21,0.2071
45291,21,0.2080
45292,8,0.2344
45293,21,0.2136
45294,19,0.1390
45295,11,0.1229
45296,7,0.1448
45297,21,0.2894
45298,21,0.4637
45299,21,0.3295
45300,19,0.1467
45301,7,0.1252
45302,7,0.1983
45303,7,0.2603
45304,7,0.2064
45305,19,0.1761
45306,19,0.1310
45307,0,0.1624
45308,21,0.1449
45309,19,0.1904
45310,7,0.1991
45311,21,0.2085
45312,7,0.2140
45313,7,0.3107
45314,7,0.3290
45315,7,0.2332
45316,21,0.1486
45317,21,0.1368
45318,0,0.2739
45319,1,0.1210
45320,21,0.1277
45321,8,0.3051
45322,9,0.2177
45323,21,0.1845
45324,7,0.2800
45325,19,0.1687
45326,7,0.1813
45327,5,0.2081
45328,7,0.2306
45329,21,0.3251
45330,21,0.2845
45331,7,0.2530
45332,21,0.2056
45333,7,0.2119
45334,21,0.1797
45335,7,0.2392
45336,15,0.2105
45337,21,0.1711
45338,15,0.1746
45339,15,0.1676
45340,15,0.1562
45341,19,0.1955
45342,7,0.2216
45343,7,0.1770
45344,7,0.2650
45345,7,0.1879
45346,7,0.1544
45347,21,0.1448
45348,7,0.2865
45349,7,0.1529
45350,7,0.1683
45351,5,0.1332
45352,7,0.2699
45353,7,0.2475
45354,7,0.1528
45355,21,0.2490
45356,21,0.1658
45357,22,0.1691
45358,8,0.8966
45359,7,0.2641
45360,7,0.1763
45361,7,0.1757
45362,7,0.2455
45363,7,0.1369
45365,16,0.1511
45366,8,0.6452
45367,8,0.7013
45368,21,0.1292
45369,21,0.2646
45370,16,0.6704
45371,16,0.6258
45372,8,0.7881
45373,8,0.2520
45374,11,0.2107
45375,19,0.1485
45376,16,0.4976
45377,16,0.8890
45378,16,0.4156
45379,25,0.1327
45380,19,0.1851
45381,13,0.4081
45382,16,0.2419
45383,8,0.5231
45384,16,0.4080
45385,8,0.4739
45386,16,0.2073
45387,21,0.2045
45388,24,0.2193
45389,23,0.2147
45390,8,0.4033
45391,8,0.6505
45392,8,0.8357
45393,8,0.1865
45395,21,0.2217
45396,19,0.2024
45397,21,0.2838
45398,0,0.1308
45399,0,0.2185
45400,15,0.1128
45401,8,0.2388
45402,19,0.1821
45403,8,0.1564
45404,1,0.2591
45405,9,0.1376
45406,8,0.2819
45407,19,0.1805
45408,7,0.1376
45409,7,0.1487
45410,8,0.2643
45411,9,0.3203
45412,5,0.1696
45413,8,0.2433
45414,8,0.4374
45415,8,0.5002
45416,16,0.5185
45417,19,0.1388
45418,21,0.1905
45419,7,0.1429
45420,8,0.2680
45421,8,0.1151
45422,21,0.2478
45423,7,0.1725
45424,21,0.2081
45425,21,0.1851
45426,7,0.2420
45427,7,0.2111
45428,9,0.3176
45429,1,0.7247
45430,0,0.2553
45431,5,0.1142
45432,7,0.1706
45433,0,0.2917
45434,0,0.1604
45435,18,0.1442
45436,8,0.7548
45437,8,0.2703
45438,19,0.1902
45439,19,0.1286
45440,5,0.1587
45441,7,0.1787
45442,7,0.2960
45443,7,0.2184
45444,21,0.2089
45445,7,0.3696
45446,7,0.1851
45447,21,0.1482
45448,7,0.1872
45449,5,0.1612
45450,1,0.3802
45451,11,0.2330
45452,7,0.2407
45453,21,0.2570
45454,7,0.2529
45455,7,0.1561
45456,0,0.1273
45457,0,0.1499
45458,7,0.1423
45459,7,0.1372
45460,5,0.2315
45461,7,0.1652
45462,1,0.1692
45463,1,0.2146
45464,7,0.2994
45465,21,0.3505
45466,21,0.3093
45467,19,0.1905
45468,1,0.2657
45469,7,0.1161
45470,8,0.2496
45471,8,0.1957
45473,9,0.1660
45474,19,0.2152
45475,7,0.2398
45476,0,0.1256
45477,21,0.1522
45478,21,0.1870
45479,7,0.1462
45480,7,0.2629
45481,21,0.1931
45482,24,0.1998
45483,24,0.2018
45484,0,0.2194
45485,1,0.2279
45486,7,0.1257
45487,0,0.1544
45488,13,0.1362
45489,21,0.1635
45490,5,0.1649
45491,9,0.1548
45492,11,0.2264
45493,7,0.1318
45494,19,0.1845
45495,15,0.1750
45496,8,0.6823
45497,8,0.6943
45498,7,0.1999
45499,8,0.7738
45500,16,0.2963
45501,19,0.1991
45502,19,0.1576
45503,19,0.2158
45504,7,0.2107
45505,7,0.1685
45506,21,0.2561
45507,24,0.2704
45508,7,0.2110
45509,7,0.1984
45510,21,0.1917
45511,21,0.1921
45512,21,0.1635
45513,21,0.1430
45514,11,0.1610
45515,11,0.1616
45516,7,0.1253
45517,7,0.1174
45519,21,0.1194
45520,21,0.1424
45521,5,0.1040
45522,7,0.1417
45523,19,0.2324
45524,7,0.2351
45525,7,0.1783
45526,7,0.1571
45528,7,0.1141
45531,0,0.2278
45532,11,0.2167
45533,21,0.2105
45534,7,0.2152
45536,19,0.2208
45537,24,0.2382
45538,19,0.2035
45539,19,0.1225
45540,19,0.1535
45541,31,0.1806
45542,11,0.2420
45543,21,0.2913
45544,21,0.1736
45545,21,0.1384
45546,7,0.1708
45547,15,0.1619
45548,0,0.2407
45549,15,0.1989
45550,21,0.1931
45551,7,0.1813
45552,7,0.1653
45553,7,0.2810
45554,7,0.3048
45556,11,0.1223
45557,7,0.1700
45558,5,0.1471
45559,0,0.1036
45560,7,0.1671
45561,7,0.2221
45562,21,0.3431
45563,21,0.2411
45564,7,0.2900
45565,7,0.2338
45566,21,0.1503
45567,8,0.5480
45568,8,0.3146
45569,5,0.1553
45570,7,0.1632
45571,8,0.2165
45572,1,0.1793
45573,5,0.1983
45574,19,0.2181
45575,5,0.1104
45576,7,0.1897
45577,7,0.2169
45578,7,0.1242
45579,21,0.1293
45580,0,0.1236
45581,21,0.1454
45582,5,0.1414
45583,7,0.1433
45584,0,0.1497
45585,7,0.1679
45586,24,0.1548
45587,0,0.3098
45588,0,0.2369
45589,13,0.1141
45592,15,0.1121
45593,7,0.1658
45594,21,0.1477
45595,8,0.3824
45596,8,0.2683
45598,7,0.1218
45600,21,0.1355
45601,21,0.1602
45602,21,0.1545
45603,8,0.1804
45604,7,0.1286
45605,7,0.1309
45606,21,0.1568
45607,7,0.1814
45608,5,0.1297
45609,7,0.1817
45610,7,0.1271
45611,24,0.1181
45612,21,0.1411
45613,7,0.1449
45614,5,0.1340
45615,7,0.1285
45616,13,0.1249
45617,21,0.2403
45618,21,0.3232
45619,21,0.1375
45621,24,0.1289
45622,23,0.1611
45623,16,0.3087
45624,7,0.2423
45625,7,0.1553
45626,5,0.1615
45627,19,0.1566
45628,19,0.1665
45629,5,0.1500
45630,7,0.2119
45631,21,0.1704
45632,7,0.1635
45633,21,0.1424
45634,7,0.1647
45635,7,0.1664
45636,5,0.1478
45637,21,0.1670
45638,7,0.2183
45639,7,0.2807
45640,21,0.2204
45641,24,0.1262
45642,24,0.1880
45643,7,0.1321
45644,7,0.2049
45645,21,0.2749
45646,22,0.1385
45647,24,0.1711
45648,21,0.1351
45649,21,0.1784
45650,7,0.1236
45651,7,0.1202
45652,7,0.1564
45653,21,0.2151
45654,7,0.1963
45655,7,0.1978
45656,24,0.2145
45657,24,0.3534
45658,24,0.3598
45659,24,0.2480
45660,24,0.2060
45661,24,0.1952
45662,24,0.2266
45663,24,0.4102
45664,24,0.5607
45665,24,0.2225
45666,24,0.1389
45667,23,0.1807
45668,7,0.1393
45669,5,0.1891
45670,5,0.1710
45671,7,0.1742
45672,24,0.2766
45673,8,0.3862
45674,8,0.5029
45675,8,0.5900
45676,8,0.7740
45677,28,0.1970
45678,11,0.1418
45679,7,0.1773
45680,21,0.2252
45681,7,0.2456
45682,7,0.2062
45683,7,0.1788
45684,21,0.2130
45685,7,0.1697
45686,0,0.1524
45687,0,0.1189
45689,11,0.1161
45690,24,0.2627
45691,7,0.2156
45692,15,0.1735
45693,19,0.1407
45694,20,0.1124
45695,19,0.1281
45696,19,0.1730
45697,21,0.1904
45698,19,0.1609
45699,15,0.2336
45700,7,0.2201
45701,5,0.1129
45702,11,0.2062
45703,5,0.2483
45704,7,0.1123
45705,7,0.1996
45706,7,0.1589
45707,21,0.1562
45708,24,0.1698
45709,24,0.1873
45710,5,0.1123
45711,5,0.1625
45712,7,0.1736
45713,24,0.1358
45714,24,0.1838
45715,23,0.1255
45716,7,0.1645
45717,5,0.1335
45718,7,0.1209
45719,7,0.1496
45720,21,0.1039
45721,30,0.1655
45722,20,0.3185
45723,20,0.2555
45724,7,0.3438
45725,7,0.2386
45726,7,0.1481
45727,24,0.1176
45728,7,0.2058
45731,8,0.3974
45732,8,0.5020
45733,11,0.1170
45734,11,0.2178
45735,21,0.4029
45736,0,0.2517
45737,1,0.1354
45739,21,0.3288
45740,31,0.1418
45741,32,0.1731
45742,31,0.1493
45743,21,0.3295
45744,0,0.1797
45745,16,0.1178
45746,25,0.2387
45747,15,0.2211
45748,15,0.2616
45749,15,0.2406
45750,21,0.4644
45751,21,0.3615
45752,19,0.1609
45753,8,0.2243
45754,8,0.8722
45755,30,0.1056
45756,15,0.2284
45757,15,0.1790
45758,15,0.1721
45759,7,0.2023
45760,7,0.2456
45761,7,0.3245
45762,24,0.2068
45763,24,0.2097
45764,19,0.2116
45765,21,0.2180
45766,7,0.2325
45767,7,0.2735
45768,7,0.3225
45769,24,0.3861
45770,24,0.1956
45771,7,0.1600
45772,21,0.2129
45773,7,0.2454
45774,24,0.1893
45775,24,0.2294
45776,24,0.2043
45777,24,0.1691
45778,21,0.1684
45779,7,0.3491
45780,24,0.2038
45781,21,0.1752
45782,21,0.3231
45784,8,0.1103
45785,15,0.1075
45786,21,0.2116
45787,30,0.1802
45788,21,0.2563
45789,16,0.2105
45790,8,0.4716
45791,0,0.1420
45793,24,0.1588
45794,24,0.1778
45795,7,0.2054
45796,20,0.1914
45797,15,0.1613
45798,7,0.1774
45799,7,0.1630
45800,15,0.1352
45801,7,0.1801
45802,21,0.2190
45803,8,0.2498
45804,7,0.1657
45805,7,0.2649
45806,7,0.2303
45807,24,0.1510
45808,21,0.1658
45809,21,0.2285
45810,7,0.1655
45811,7,0.1271
45812,24,0.1701
45813,24,0.2085
45814,15,0.1544
45815,7,0.1933
45816,16,0.1025
45817,33,0.2906
45818,0,0.1570
45819,1,0.2200
45820,31,0.1344
45822,7,0.1463
45823,0,0.1105
45824,21,0.1147
45825,0,0.1877
45826,33,0.2064
45827,0,0.1664
45828,1,0.3115
45829,1,0.2641
45830,0,0.1258
45831,21,0.2348
45832,21,0.2629
45833,15,0.1275
45834,1,0.6189
45835,1,0.1585
45836,32,0.1455
45837,0,0.2363
45838,0,0.3140
45839,19,0.1552
45840,29,0.1181
45841,31,0.1617
45842,0,0.1622
45843,1,0.4267
45844,0,0.1524
45845,19,0.1947
45846,7,0.1944
45847,21,0.4257
45848,21,0.2831
45849,21,0.3463
45850,21,0.2084
45851,7,0.1480
45852,8,0.2681
45853,0,0.3036
45854,7,0.1753
45855,8,0.1736
45856,21,0.1383
45857,7,0.1176
45858,0,0.1178
45859,21,0.1094
45861,0,0.1317
45863,7,0.1859
45864,7,0.2437
45865,29,0.1630
45866,32,0.1262
45867,11,0.1475
45868,1,0.3413
45869,7,0.1215
45870,7,0.1932
45871,15,0.2190
45872,7,0.1996
45873,7,0.2024
45874,24,0.1963
45875,7,0.1551
45876,7,0.2443
45877,7,0.1532
45879,21,0.1895
45880,0,0.1451
45882,16,0.2115
45883,16,0.2863
45884,15,0.2374
45885,15,0.1927
45886,21,0.1646
45887,15,0.1257
45888,7,0.1702
45889,7,0.1689
45890,7,0.1589
45891,7,0.1770
45892,15,0.1543
45893,11,0.1307
45894,1,0.1866
45895,7,0.1529
45896,11,0.1936
45897,7,0.1255
45898,7,0.1282
45899,21,0.1214
45900,21,0.1784
45901,21,0.1606
45902,7,0.1326
45903,11,0.2056
45904,11,0.1953
45905,19,0.1821
45906,19,0.1195
45907,19,0.1808
45908,19,0.1814
45909,21,0.3127
45910,7,0.3146
45911,21,0.1744
45912,21,0.2977
45913,7,0.1715
45914,7,0.1314
45915,21,0.1777
45916,7,0.2394
45917,7,0.1577
45918,7,0.1469
45919,7,0.1705
45920,13,0.1563
45921,15,0.1961
45922,7,0.1040
45924,7,0.1034
45925,7,0.1297
45926,7,0.2600
45927,7,0.2239
45928,21,0.1723
45929,21,0.1306
45930,5,0.1332
45931,13,0.1506
45932,15,0.1408
45933,21,0.1686
45934,7,0.2631
45935,8,0.2345
45936,21,0.2262
45937,7,0.1235
45938,5,0.1182
45939,21,0.2026
45940,19,0.2317
45941,7,0.2120
45942,7,0.1978
45943,7,0.1542
45944,21,0.2012
45945,21,0.2687
45946,15,0.1270
45947,13,0.1190
45949,21,0.1460
45950,24,0.2309
45951,7,0.2556
45952,7,0.1884
45953,7,0.1717
45954,24,0.2249
45955,24,0.2882
45956,24,0.3187
45957,24,0.3885
45958,24,0.2738
45959,4,0.7086
45960,21,0.1634
45961,7,0.1728
45962,7,0.1476
45963,7,0.1417
45964,5,0.1974
45965,7,0.2326
45966,7,0.1683
45967,5,0.1811
45968,7,0.1095
45969,7,0.1671
45970,7,0.1405
45971,21,0.1533
45972,7,0.1264
45973,21,0.1086
45974,7,0.1381
45975,21,0.1586
45976,21,0.1368
45977,21,0.1296
45978,7,0.1207
45979,24,0.1208
45980,21,0.1273
45981,7,0.1456
45982,7,0.1063
45983,7,0.1149
45985,7,0.2505
45986,7,0.2037
45987,21,0.1539
45988,7,0.1376
45989,7,0.2246
45990,21,0.1436
45991,7,0.1426
45993,21,0.1090
45994,21,0.1135
45995,21,0.1315
45996,7,0.1952
45997,21,0.2107
45998,21,0.2321
45999,21,0.3188
46000,21,0.2895
46001,7,0.2043
46002,0,0.3043
46003,8,0.2595
46004,0,0.4515
46005,8,0.6884
46006,8,0.8082
46007,0,0.7803
46008,8,0.2847
46009,8,0.2833
46010,15,0.1685
46011,21,0.2766
46012,30,0.1885
46013,21,0.1171
46014,21,0.2962
46015,24,0.1339
46016,24,0.2005
46017,21,0.2065
46018,21,0.1614
46019,21,0.2407
46020,15,0.2008
46021,24,0.1510
46023,7,0.1490
46024,24,0.2502
46025,24,0.2605
46026,24,0.2107
46027,31,0.1146
46029,32,0.1591
46030,7,0.1887
46031,21,0.1717
46032,7,0.2092
46033,24,0.1599
46034,24,0.2029
46035,7,0.1804
46038,19,0.1324
46039,1,0.2479
46040,7,0.1955
46041,7,0.1247
46042,19,0.1691
46043,6,0.1141
46044,19,0.1412
46045,23,0.1937
46046,19,0.1831
46047,7,0.1646
46048,7,0.1413
46049,6,0.1280
46050,24,0.1669
46052,7,0.1216
46053,1,0.1866
46054,23,0.1105
46055,32,0.1561
46057,23,0.1639
46058,1,0.1137
46060,1,0.2668
46061,1,0.2240
46062,1,0.3817
46063,1,0.2371
46064,1,0.1313
46065,1,0.1235
46066,1,0.1689
46067,11,0.1340
46068,7,0.1267
46070,7,0.1098
46072,7,0.1249
46074,8,0.1375
46075,23,0.1162
46076,23,0.1131
46077,7,0.1340
46078,10,0.1186
46079,10,0.1511
46080,23,0.1132
46081,7,0.2645
46082,24,0.1558
46083,24,0.2358
46084,24,0.1348
46085,24,0.1152
46089,7,0.1101
46090,7,0.1465
46091,0,0.1068
46092,21,0.1240
46093,7,0.1518
46095,24,0.1341
46096,24,0.1100
46098,10,0.1714
46099,10,0.1473
46100,10,0.1235
46101,7,0.1087
46103,7,0.1107
46104,7,0.1179
46105,24,0.1408
46106,10,0.1237
46107,23,0.1068
46110,21,0.1801
46111,24,0.2297
46112,7,0.1372
46113,7,0.1043
46114,21,0.1135
46119,7,0.2083
46122,24,0.1350
46123,1,0.1444
46125,24,0.1838
46127,21,0.1083
46128,24,0.1260
46129,24,0.1514
46130,24,0.1194
46131,23,0.1098
46132,6,0.1126
46134,24,0.1083
46135,24,0.1781
46138,23,0.1031
46139,24,0.1025
46144,21,0.1072
46145,21,0.1203
46147,21,0.1164
46148,21,0.1230
46150,21,0.1091
46151,21,0.1302
46152,21,0.1064
46153,24,0.1393
46155,0,0.1110
46156,23,0.1087
46161,24,0.1083
46163,24,0.1034
46166,21,0.1260
46168,7,0.1291
46169,21,0.1524
46170,21,0.1475
46174,7,0.1163
46175,7,0.1574
46176,0,0.2698
46177,11,0.2928
46178,7,0.2029
46180,1,0.2150
46181,1,0.3297
46182,1,0.3425
46183,21,0.1069
46184,21,0.1157
46185,21,0.1325
46186,21,0.1091
46187,21,0.2131
46188,21,0.1063
46189,21,0.2156
46190,8,0.1856
46191,8,0.8337
46192,8,0.9233
46193,8,0.5740
46194,19,0.2453
46195,19,0.2125
46196,7,0.1328
46199,21,0.1050
46200,23,0.1051
46202,19,0.1041
46204,24,0.1434
46205,19,0.1500
46206,22,0.1826
46207,19,0.2474
46208,5,0.2973
46209,9,0.2042
46210,9,0.3332
46211,19,0.1959
46212,19,0.2309
46213,9,0.4088
46214,19,0.1768
46215,23,0.1638
46216,9,0.2637
46217,9,0.1504
46218,10,0.1831
46219,9,0.2934
46220,9,0.4583
46221,9,0.3279
46222,5,0.1365
46223,5,0.1954
46224,19,0.1630
46225,19,0.1661
46226,23,0.1537
46227,9,0.1883
46228,5,0.1961
46229,9,0.2033
46230,5,0.2355
46231,23,0.1392
46232,19,0.1371
46233,5,0.2364
46234,5,0.2380
46235,9,0.3084
46236,9,0.3025
46237,9,0.5169
46238,19,0.1317
46239,23,0.1534
46240,5,0.2590
46241,9,0.3482
46242,5,0.1968
46243,23,0.1397
46244,9,0.2660
46245,9,0.1649
46246,9,0.1822
46247,9,0.1715
46248,19,0.1755
46249,19,0.1828
46250,19,0.1740
46251,5,0.2060
46252,9,0.3040
46253,9,0.2712
46254,9,0.2988
46255,9,0.2380
46256,19,0.1869
46257,8,0.3627
46258,8,0.4355
46259,9,0.3540
46260,9,0.3310
46261,5,0.3186
46262,9,0.1746
46263,9,0.2873
46264,7,0.1699
46265,5,0.2731
46266,9,0.1587
46267,15,0.1767
46268,9,0.1771
46269,9,0.1755
46270,19,0.2569
46271,7,0.1709
46272,19,0.2506
46273,9,0.3162
46274,19,0.2400
46275,5,0.3260
46276,5,0.1392
46277,19,0.1957
46278,7,0.1651
46279,9,0.3294
46280,19,0.1841
46281,9,0.1590
46282,19,0.1742
46283,9,0.2186
46284,7,0.1900
46285,5,0.3035
46286,5,0.2024
46287,9,0.3425
46288,5,0.1520
46289,19,0.1816
46290,5,0.2181
46291,9,0.2303
46292,9,0.4103
46293,9,0.3094
46294,19,0.1106
46295,9,0.2167
46296,9,0.1906
46297,7,0.1845
46298,7,0.2072
46299,19,0.2282
46300,9,0.2405
46301,9,0.1866
46302,5,0.1904
46303,19,0.1570
46304,19,0.1730
46305,9,0.2480
46306,9,0.3533
46307,19,0.1333
46308,19,0.1390
46309,5,0.1429
46310,19,0.1462
46311,9,0.2515
46312,5,0.2602
46313,5,0.3031
46314,9,0.2090
46315,9,0.2043
46316,9,0.2791
46317,5,0.2421
46318,5,0.3101
46319,9,0.3373
46320,5,0.3563
46321,5,0.3670
46322,9,0.3407
46323,9,0.2205
46324,9,0.2474
46325,9,0.1379
46326,9,0.1128
46327,5,0.2117
46328,9,0.3086
46329,19,0.1040
46330,19,0.1199
46331,9,0.2059
46332,9,0.2600
46333,7,0.1502
46334,19,0.1444
46335,9,0.2273
46336,9,0.1598
46337,9,0.2916
46338,9,0.1878
46339,5,0.3161
46340,5,0.2493
46341,5,0.1966
46342,5,0.2752
46343,5,0.2859
46344,9,0.2959
46345,5,0.1870
46346,5,0.2219
46347,5,0.2410
46348,9,0.2508
46349,7,0.2486
46350,19,0.2238
46351,19,0.2016
46352,9,0.3474
46353,9,0.2054
46354,19,0.1655
46355,15,0.1495
46356,5,0.1454
46357,9,0.2597
46358,9,0.1556
46359,5,0.3014
46360,19,0.1736
46361,19,0.1533
46362,19,0.1815
46363,19,0.1349
46364,23,0.1724
46365,19,0.1862
46366,19,0.1830
46367,9,0.2998
46368,9,0.2536
46369,5,0.2117
46370,9,0.2087
46371,5,0.2201
46372,15,0.1274
46373,9,0.3253
46374,19,0.1755
46375,9,0.3038
46376,7,0.1885
46377,15,0.1876
46378,19,0.1924
46379,19,0.1899
46380,7,0.2426
46381,9,0.3109
46382,9,0.2380
46383,19,0.1911
46384,9,0.4626
46385,9,0.3602
46386,5,0.1546
46387,9,0.5087
46388,9,0.1890
46389,5,0.3602
46390,23,0.1669
46391,9,0.2081
46392,5,0.1757
46393,1,0.1603
46394,1,0.3736
46395,7,0.2778
46396,15,0.1597
46397,9,0.1849
46398,9,0.5512
46399,23,0.1966
46400,5,0.2791
46401,9,0.4007
46402,23,0.2418
46403,19,0.2628
46404,5,0.1934
46405,19,0.2168
46406,7,0.1841
46407,19,0.2517
46408,23,0.1821
46409,16,0.3320
46410,0,0.4602
46411,19,0.1819
46412,7,0.1723
46413,9,0.2266
46414,5,0.1888
46415,19,0.2242
46416,9,0.2026
46417,19,0.1932
46418,9,0.2058
46419,9,0.3469
46420,9,0.3324
46421,9,0.2473
46422,9,0.2205
46423,5,0.1977
46424,7,0.2078
46425,9,0.1949
46426,19,0.2383
46427,9,0.1859
46428,19,0.1736
46429,5,0.1752
46430,0,0.1265
46431,19,0.1880
46432,9,0.3324
46433,9,0.2609
46434,19,0.1192
46435,19,0.1800
46436,19,0.1678
46437,12,0.1324
46438,9,0.3018
46439,9,0.2813
46440,9,0.3243
46441,8,0.1537
46443,5,0.1783
46444,9,0.1943
46445,5,0.3012
46446,19,0.1293
46447,9,0.1490
46448,8,0.1954
46449,23,0.1041
46450,5,0.2697
46451,5,0.2354
46452,9,0.1612
46453,9,0.3520
46454,9,0.1788
46455,19,0.1851
46456,19,0.1916
46457,16,0.2489
46458,16,0.2797
46459,16,0.4046
46460,16,0.2704
46461,5,0.1332
46462,5,0.2754
46463,9,0.1778
46464,5,0.2043
46465,19,0.1837
46466,19,0.1675
46467,9,0.1598
46468,19,0.1492
46469,5,0.2429
46470,5,0.2692
46471,23,0.1205
46472,8,0.1509
46473,9,0.1871
46474,9,0.1726
46475,23,0.1565
46476,23,0.1332
46477,5,0.2372
46478,5,0.2819
46479,5,0.2310
46480,9,0.2320
46482,12,0.1498
46483,1,0.1801
46484,12,0.1353
46485,23,0.1037
46486,8,0.2213
46487,23,0.1289
46488,28,0.1075
46489,9,0.2520
46490,19,0.1630
46491,19,0.1266
46492,9,0.2774
46493,9,0.5717
46494,1,0.1519
46495,19,0.1260
46496,19,0.1978
46497,7,0.1738
46498,7,0.1666
46499,7,0.2637
46500,7,0.2805
46501,21,0.1738
46502,5,0.1779
46503,16,0.1236
46504,19,0.1261
46505,7,0.1891
46506,7,0.1667
46507,7,0.2092
46508,7,0.2068
46509,7,0.2492
46510,7,0.1635
46511,7,0.1905
46512,15,0.1549
46513,5,0.1583
46514,19,0.1534
46515,7,0.1406
46516,7,0.2486
46517,7,0.2211
46518,21,0.2628
46519,7,0.2387
46520,19,0.1571
46521,19,0.1251
46522,5,0.1663
46523,0,0.1077
46524,7,0.2265
46525,7,0.2108
46526,7,0.1413
46527,7,0.1382
46528,5,0.1314
46529,15,0.1518
46530,5,0.1401
46531,7,0.1671
46532,7,0.1651
46533,21,0.2238
46534,21,0.2528
46535,21,0.2340
46536,21,0.2181
46537,21,0.3139
46538,8,0.2052
46539,7,0.1594
46540,5,0.2089
46541,5,0.2955
46542,7,0.1278
46543,1,0.1368
46544,7,0.1472
46545,5,0.1408
46546,5,0.1578
46547,5,0.1435
46548,21,0.1204
46549,5,0.1038
46550,5,0.1717
46551,7,0.1400
46552,7,0.1197
46553,5,0.1875
46554,5,0.2267
46555,5,0.1570
46556,1,0.1240
46557,0,0.1083
46558,21,0.1454
46559,24,0.1119
46560,21,0.2553
46561,7,0.3656
46562,7,0.2441
46563,21,0.2255
46564,7,0.1432
46565,7,0.1710
46566,7,0.1353
46567,7,0.1821
46568,21,0.1676
46569,7,0.1185
46570,5,0.2220
46571,7,0.2185
46572,7,0.2611
46573,7,0.2950
46574,7,0.2228
46575,21,0.2867
46576,24,0.2007
46577,21,0.1983
46578,21,0.2920
46579,21,0.1676
46580,11,0.1332
46581,0,0.1050
46582,19,0.1371
46583,19,0.2580
46584,21,0.1385
46585,11,0.2372
46586,19,0.1548
46587,7,0.2226
46588,7,0.1657
46589,11,0.1725
46590,1,0.2912
46591,7,0.1657
46592,7,0.2618
46593,24,0.2609
46594,15,0.1556
46595,7,0.3034
46596,7,0.1855
46597,8,0.1844
46598,21,0.2702
46599,19,0.2085
46600,5,0.1105
46601,7,0.1083
46602,19,0.1137
46603,7,0.1591
46604,7,0.1358
46605,7,0.1523
46606,1,0.1613
46607,0,0.1557
46608,11,0.1493
46609,7,0.1905
46610,7,0.2264
46611,7,0.1665
46612,15,0.1163
46613,5,0.1231
46614,7,0.1810
46615,5,0.1639
46616,5,0.1514
46617,5,0.1222
46618,5,0.1376
46619,19,0.1524
46620,19,0.1969
46621,7,0.1721
46622,7,0.2486
46623,7,0.2288
46624,7,0.2038
46625,7,0.1377
46626,7,0.2103
46627,7,0.1742
46628,7,0.1731
46629,5,0.1931
46630,7,0.1155
46631,7,0.1822
46632,7,0.1610
46633,21,0.1134
46634,7,0.1405
46635,7,0.1503
46636,7,0.1183
46637,7,0.1184
46638,7,0.1444
46639,7,0.1563
46640,7,0.1560
46641,7,0.1624
46642,5,0.1539
46643,1,0.2305
46644,7,0.2048
46645,7,0.2629
46646,21,0.3868
46647,21,0.3061
46648,7,0.2270
46649,7,0.2987
46650,7,0.3441
46651,7,0.2073
46652,8,0.5278
46653,8,0.7563
46654,8,0.1608
46655,21,0.1812
46656,23,0.1865
46657,15,0.2339
46658,7,0.2208
46659,0,0.1591
46660,8,0.3299
46661,7,0.2397
46662,21,0.1937
46663,24,0.2155
46664,19,0.1649
46665,19,0.1297
46666,5,0.1395
46667,0,0.1747
46668,7,0.1383
46669,7,0.1116
46670,7,0.1151
46671,7,0.1232
46672,1,0.1810
46673,7,0.1451
46674,19,0.2498
46675,24,0.1451
46676,7,0.1710
46677,7,0.2019
46678,7,0.1699
46679,5,0.2413
46680,5,0.1543
46681,15,0.1747
46682,19,0.2291
46683,16,0.3109
46684,8,0.5390
46685,16,0.2007
46686,21,0.1961
46687,21,0.1804
46688,21,0.2353
46689,21,0.2609
46690,21,0.3235
46691,21,0.4124
46692,21,0.3582
46693,21,0.2091
46694,21,0.1961
46695,21,0.4159
46696,21,0.1684
46697,5,0.1478
46698,0,0.4717
46699,8,0.2974
46700,7,0.2300
46701,24,0.2764
46702,24,0.2222
46703,21,0.1622
46704,19,0.2138
46705,19,0.2113
46706,17,0.1571
46707,0,0.2360
46708,0,0.4796
46709,21,0.1451
46710,21,0.2138
46711,7,0.2321
46712,21,0.4866
46713,21,0.1317
46715,13,0.1372
46716,21,0.1623
46717,21,0.2522
46718,21,0.2072
46719,8,0.2128
46720,21,0.2225
46721,21,0.2050
46722,8,0.5803
46723,8,0.4300
46724,7,0.1946
46725,11,0.1356
46726,11,0.1387
46727,8,0.5390
46728,8,0.7102
46729,19,0.1467
46730,15,0.1490
46731,15,0.2204
46732,20,0.2219
46733,20,0.1973
46734,21,0.1951
46735,21,0.1922
46736,4,0.2822
46737,28,0.1774
46738,8,0.2493
46739,8,0.2529
46740,7,0.2555
46741,7,0.2286
46742,16,0.2047
46743,0,0.5752
46744,1,0.1527
46745,21,0.1711
46746,0,0.4404
46747,0,0.2231
46748,25,0.1301
46749,12,0.1300
46750,0,0.4320
46751,0,0.4567
46752,0,0.1941
46753,19,0.1640
46754,21,0.1187
46755,7,0.1410
46756,11,0.1675
46757,0,0.3553
46758,0,0.2024
46759,19,0.1497
46760,25,0.1119
46761,30,0.1467
46762,24,0.2059
46763,16,0.1548
46765,23,0.1876
46766,23,0.2039
46767,19,0.1493
46768,16,0.2673
46769,16,0.3812
46770,21,0.2741
46771,7,0.2688
46772,23,0.1798
46773,8,0.5494
46774,8,0.3081
46775,25,0.1362
46776,0,0.1639
46777,7,0.3657
46778,7,0.3228
46779,7,0.2102
46780,24,0.2091
46781,20,0.3571
46782,8,0.3328
46783,8,0.1262
46784,7,0.2189
46785,7,0.2677
46786,21,0.2408
46787,20,0.1240
46788,8,0.3978
46789,8,0.5679
46790,8,0.5914
46791,8,0.1451
46792,23,0.1965
46793,8,0.6147
46794,16,0.1531
46795,16,0.1908
46796,16,0.3581
46797,11,0.1248
46798,0,0.1136
46799,16,0.2180
46800,16,0.2125
46801,0,0.1189
46804,15,0.1520
46805,8,0.3793
46806,8,0.7956
46807,8,0.3315
46809,19,0.1315
46810,25,0.1098
46811,16,0.1773
46812,16,0.3566
46813,16,0.1465
46814,20,0.2473
46815,8,0.5461
46816,21,0.1960
46817,21,0.2245
46818,21,0.2318
46819,15,0.1550
46820,28,0.1107
46821,16,0.2198
46822,15,0.2579
46823,19,0.2625
46824,15,0.2351
46825,31,0.1328
46826,31,0.1514
46827,8,0.4172
46828,8,0.2740
46829,7,0.1537
46830,8,0.8312
46831,8,0.7782
46833,21,0.1869
46834,31,0.1708
46835,16,0.1619
46836,8,0.8057
46837,30,0.2142
46838,24,0.1454
46839,21,0.2815
46840,15,0.1966
46842,24,0.2035
46843,21,0.2730
46844,21,0.1965
46845,22,0.2460
46846,8,0.1851
46847,21,0.1915
46848,21,0.1195
46849,21,0.1717
46850,21,0.2760
46851,21,0.1394
46852,21,0.1864
46853,21,0.2725
46854,21,0.2596
46855,7,0.1131
46856,23,0.2752
46857,21,0.2589
46858,21,0.2365
46859,21,0.1770
46860,7,0.2651
46861,7,0.1657
46862,7,0.1061
46863,7,0.1444
46864,8,0.2757
46865,21,0.2110
46866,21,0.1395
46867,21,0.1256
46868,21,0.2610
46869,7,0.1538
46872,9,0.1088
46874,22,0.1344
46875,16,0.1906
46876,23,0.1633
46877,7,0.1586
46878,21,0.3026
46879,7,0.1061
46880,21,0.1323
46881,21,0.2940
46882,21,0.2674
46883,21,0.1168
46884,21,0.1302
46885,21,0.1337
46886,21,0.1183
46888,24,0.1326
46889,21,0.1681
46890,21,0.3209
46891,19,0.1082
46892,21,0.1393
46893,21,0.3297
46894,21,0.1827
46895,7,0.1376
46896,21,0.2019
46897,21,0.3231
46898,21,0.1818
46899,21,0.1466
46900,21,0.3498
46901,21,0.2860
46902,24,0.2246
46903,23,0.1850
46904,20,0.1642
46905,21,0.1027
46906,7,0.1947
46908,13,0.1084
46911,19,0.1119
46912,7,0.1787
46913,7,0.1254
46914,21,0.1749
46915,21,0.3207
46916,7,0.1749
46917,21,0.1340
46918,21,0.1682
46919,15,0.2053
46920,7,0.2083
46921,21,0.2307
46922,21,0.3644
46923,7,0.1490
46925,24,0.2428
46926,21,0.2346
46927,7,0.1340
46928,24,0.1099
46931,7,0.1590
46932,21,0.3763
46933,21,0.3111
46934,7,0.1878
46935,7,0.2107
46936,21,0.1905
46937,7,0.1843
46938,7,0.2400
46939,7,0.2567
46940,7,0.2300
46941,7,0.2056
46942,7,0.2020
46943,7,0.2493
46944,7,0.1891
46945,7,0.1881
46946,7,0.2173
46947,7,0.1981
46948,15,0.1495
46949,13,0.1286
46950,21,0.1235
46951,21,0.2182
46952,21,0.1767
46953,21,0.1726
46954,7,0.1569
46955,7,0.2442
46956,7,0.2719
46957,7,0.2735
46958,7,0.1999
46959,7,0.1370
46960,21,0.2039
46961,7,0.2327
46962,7,0.2487
46963,7,0.2400
46964,7,0.2355
46965,7,0.1880
46966,1,0.1785
46967,21,0.1679
46968,21,0.2145
46969,21,0.2518
46970,7,0.2406
46971,7,0.1082
46972,21,0.2180
46973,21,0.2200
46974,7,0.2037
46975,7,0.1901
46976,7,0.2343
46977,7,0.1339
46978,21,0.1372
46979,7,0.1807
46980,21,0.1983
46981,21,0.1401
46982,21,0.2217
46983,7,0.1859
46984,24,0.1519
46985,21,0.2179
46986,7,0.2491
46987,7,0.1842
46988,21,0.2000
46989,21,0.2753
46990,7,0.1321
46991,7,0.1475
46992,7,0.1300
46993,7,0.1430
46994,21,0.2164
46995,21,0.1565
46996,21,0.2676
46997,7,0.1616
46998,21,0.1973
46999,21,0.2433
47000,21,0.1925
47001,21,0.2500
47002,0,0.2495
47003,11,0.2641
47004,7,0.2288
47005,7,0.2457
47006,7,0.2793
47007,21,0.1718
47008,7,0.2436
47009,7,0.2148
47010,7,0.2228
47011,7,0.2875
47012,21,0.1675
47013,7,0.2167
47014,7,0.1682
47015,7,0.2598
47016,7,0.2064
47017,7,0.2361
47018,7,0.2527
47019,7,0.2044
47020,21,0.2368
47021,21,0.3074
47022,21,0.1637
47023,21,0.2212
47024,1,0.2354
47025,11,0.1966
47026,7,0.3457
47027,7,0.3058
47028,7,0.2112
47029,21,0.1938
47030,21,0.1450
47031,11,0.1416
47032,24,0.2925
47033,21,0.2552
47034,21,0.2586
47035,7,0.2172
47036,7,0.1903
47037,8,0.7669
47038,8,0.5310
47039,0,0.1905
47040,21,0.1479
47041,16,0.1528
47043,15,0.1589
47044,21,0.1640
47045,7,0.1398
47046,20,0.1852
47047,8,0.9678
47048,8,0.9061
47050,21,0.1085
47051,21,0.2731
47052,24,0.1117
47053,8,0.6034
47054,8,0.8190
47055,20,0.1216
47057,8,0.2626
47058,7,0.1422
47059,8,0.3891
47060,8,0.6436
47061,8,0.1103
47062,7,0.1779
47063,21,0.1625
47064,21,0.1273
47065,8,0.2119
47066,8,0.8107
47067,8,0.4917
47068,23,0.1224
47069,8,0.1703
47070,7,0.1786
47071,11,0.1868
47072,7,0.3502
47073,7,0.1948
47074,21,0.1345
47075,8,0.1870
47076,20,0.2487
47077,7,0.1454
47078,8,0.2537
47079,8,0.2801
47080,7,0.1245
47081,21,0.2192
47082,21,0.1668
47083,19,0.1738
47084,8,0.3144
47085,8,0.1354
47086,21,0.1753
47087,21,0.2866
47088,7,0.1554
47089,7,0.1137
47090,21,0.1390
47091,31,0.1055
47092,0,0.1431
47094,8,0.1568
47095,21,0.2029
47096,21,0.1067
47097,24,0.1329
47098,23,0.1161
47099,7,0.1374
47101,21,0.2251
47102,21,0.2022
47103,7,0.1035
47105,8,0.2214
47106,21,0.1534
47108,7,0.1028
47109,7,0.1454
47110,24,0.1556
47111,21,0.2676
47112,8,0.7041
47113,8,0.2813
47114,11,0.1444
47115,0,0.2959
47116,0,0.2608
47117,7,0.1213
47120,13,0.1324
47121,21,0.1165
47122,24,0.2287
47123,10,0.1689
47124,23,0.1530
47125,23,0.1436
47126,8,0.2642
47127,7,0.1569
47129,21,0.1814
47130,21,0.1338
47131,29,0.1075
47132,24,0.1671
47133,24,0.3733
47134,23,0.2205
47135,0,0.2881
47136,0,0.3071
47137,9,0.1076
47140,21,0.1671
47141,21,0.3666
47142,21,0.2339
47143,1,0.1243
47145,21,0.1886
47146,21,0.1762
47147,21,0.1108
47148,24,0.1916
47149,0,0.1249
47150,21,0.1027
47151,10,0.1455
47152,8,0.2144
47153,21,0.1735
47154,7,0.1043
47157,24,0.1050
47159,0,0.1767
47160,21,0.2375
47161,7,0.1177
47162,21,0.2050
47163,21,0.2352
47164,7,0.1105
47165,11,0.1710
47166,21,0.2320
47167,0,0.3131
47168,1,0.2378
47169,21,0.1521
47170,7,0.2170
47171,7,0.1795
47173,16,0.2575
47174,0,0.1253
47175,21,0.1534
47177,21,0.2332
47178,21,0.1541
47179,0,0.1125
47180,21,0.1886
47181,7,0.1712
47182,7,0.1255
47183,7,0.1365
47184,7,0.1341
47185,7,0.1171
47186,21,0.1401
47187,21,0.1590
47188,21,0.1364
47189,8,0.5815
47190,8,0.4654
47191,8,0.5619
47192,8,0.6074
47193,22,0.2061
47194,8,0.2076
47195,24,0.1937
47196,8,0.5643
47197,8,0.3336
47198,19,0.1513
47199,7,0.1560
47200,21,0.1219
47201,21,0.1381
47202,21,0.1538
47203,21,0.1418
47204,21,0.1851
47205,24,0.1802
47206,19,0.3401
47207,19,0.1778
47208,21,0.1849
47209,21,0.1724
47210,24,0.1805
47211,19,0.3402
47212,19,0.1848
47213,7,0.2143
47214,7,0.2114
47215,21,0.2097
47216,21,0.2844
47217,11,0.1504
47218,11,0.1188
47220,0,0.1700
47221,11,0.2688
47222,21,0.1950
47223,21,0.1842
47224,11,0.1809
47225,21,0.1539
47226,11,0.1730
47227,7,0.1896
47228,7,0.1427
47229,7,0.1837
47230,1,0.1484
47231,11,0.1611
47232,7,0.1431
47233,21,0.1327
47234,1,0.1354
47235,21,0.2168
47236,21,0.2107
47237,7,0.1458
47238,7,0.1415
47239,7,0.1129
47240,21,0.2385
47241,21,0.1837
47242,21,0.2223
47243,11,0.1514
47244,21,0.1492
47245,7,0.1446
47246,21,0.1372
47247,1,0.2036
47248,21,0.1439
47249,21,0.1948
47251,19,0.1054
47252,7,0.1212
47253,21,0.1071
47254,7,0.1526
47255,21,0.1857
47256,21,0.1233
47257,21,0.1402
47258,21,0.1295
47259,19,0.1091
47260,1,0.1448
47261,11,0.1400
47262,21,0.1173
47263,7,0.1259
47264,11,0.1261
47265,11,0.2329
47266,11,0.2315
47267,21,0.1109
47268,1,0.1636
47269,11,0.2067
47270,0,0.1715
47271,21,0.2269
47272,1,0.3392
47273,1,0.3014
47274,21,0.1452
47275,7,0.1583
47276,7,0.1694
47277,21,0.1925
47278,21,0.1764
47279,7,0.1070
47280,7,0.1575
47281,21,0.2093
47282,21,0.1866
47283,7,0.2099
47284,21,0.1455
47285,7,0.1205
47286,0,0.1331
47287,0,0.1832
47288,19,0.1151
47289,23,0.1053
47290,21,0.1454
47291,5,0.2341
47292,9,0.1564
47293,19,0.1201
47294,5,0.1467
47295,7,0.1460
47297,30,0.1570
47298,21,0.2080
47299,7,0.1187
47301,8,0.3031
47302,21,0.2166
47303,21,0.3634
47304,15,0.2680
47305,5,0.1570
47306,5,0.1338
47307,7,0.1036
47308,24,0.1279
47309,5,0.1276
47310,21,0.1633
47311,7,0.2244
47312,24,0.1087
47313,21,0.1098
47315,0,0.2045
47316,21,0.2407
47317,22,0.1318
47318,16,0.2348
47319,19,0.2481
47320,16,0.2237
47321,23,0.1571
47322,23,0.1332
47323,24,0.2014
47324,24,0.2650
47325,21,0.2315
47326,21,0.2066
47327,23,0.1509
47328,8,0.6004
47329,8,0.7220
47330,8,0.5414
47331,16,0.3578
47332,9,0.3664
47333,9,0.2429
47334,9,0.2278
47335,7,0.2317
47336,7,0.1308
47337,0,0.1132
47338,0,0.2674
47339,0,0.2163
47340,15,0.2620
47341,15,0.1678
47342,19,0.1378
47343,5,0.1436
47344,7,0.2389
47345,24,0.1846
47346,24,0.1688
47347,20,0.1570
47348,23,0.1430
47349,8,0.3579
47350,21,0.3139
47351,8,0.3935
47352,8,0.4306
47353,19,0.1531
47354,8,0.1300
47355,7,0.2236
47356,7,0.2068
47357,7,0.2226
47358,8,0.1267
47359,8,0.4021
47360,16,0.2497
47361,30,0.2375
47362,15,0.3364
47363,15,0.1600
47364,23,0.1829
47365,9,0.2374
47366,7,0.2193
47367,7,0.1956
47368,7,0.1837
47369,21,0.1436
47370,30,0.2048
47371,21,0.2772
47372,21,0.4174
47373,16,0.1669
47374,23,0.1556
47375,10,0.1435
47376,7,0.2407
47377,7,0.2157
47378,7,0.1537
47379,7,0.1744
47380,21,0.1089
47381,21,0.1662
47382,8,0.3524
47383,16,0.5172
47384,16,0.5329
47385,16,0.4008
47386,21,0.2288
47387,24,0.4424
47388,21,0.2959
47389,7,0.2470
47390,21,0.2501
47391,7,0.2318
47392,24,0.1528
47393,8,0.6569
47394,8,0.4424
47395,21,0.2576
47397,8,0.3322
47398,16,0.4669
47399,21,0.2061
47400,15,0.2474
47401,19,0.2146
47402,5,0.1783
47403,7,0.2572
47404,7,0.1936
47405,1,0.1637
47406,1,0.1857
47407,21,0.1120
47409,0,0.1859
47410,0,0.3077
47411,7,0.1871
47412,21,0.1071
47413,15,0.1438
47414,11,0.2416
47415,0,0.1882
47416,5,0.1650
47417,19,0.1308
47418,6,0.1377
47419,5,0.1377
47420,21,0.1898
47421,21,0.1237
47425,21,0.1739
47426,21,0.3393
47427,24,0.2806
47428,21,0.1682
47430,19,0.1516
47431,7,0.1517
47432,4,0.3430
47433,4,0.3329
47434,32,0.1466
47435,0,0.2007
47436,0,0.3370
47437,0,0.2552
47438,1,0.2829
47439,0,0.1180
47440,1,0.2993
47441,11,0.1571
47442,21,0.3537
47443,21,0.2095
47444,21,0.2087
47445,7,0.2880
47446,8,0.1402
47447,9,0.1784
47448,5,0.1250
47449,21,0.1414
47450,7,0.1272
47451,7,0.1274
47454,21,0.1157
47455,8,0.6266
47456,8,0.3290
47457,5,0.1037
47459,0,0.1397
47460,1,0.1684
47461,21,0.1727
47462,21,0.1150
47463,21,0.1256
47464,0,0.1765
47465,0,0.3212
47466,0,0.2924
47467,21,0.2066
47468,21,0.2670
47469,15,0.3020
47470,15,0.2769
47471,5,0.2230
47472,5,0.1292
47473,5,0.1386
47474,7,0.1935
47475,7,0.1767
47476,7,0.1163
47478,8,0.1620
47479,8,0.3347
47481,12,0.1458
47483,0,0.1334
47484,5,0.1170
47485,15,0.1091
47486,7,0.1964
47487,7,0.1105
47490,21,0.1224
47493,21,0.1627
47494,21,0.2686
47495,21,0.3543
47496,7,0.2460
47497,5,0.1458
47498,9,0.1471
47499,5,0.1758
47501,7,0.1077
47503,21,0.1678
47504,21,0.1993
47505,21,0.1716
47506,21,0.1266
47507,21,0.1314
47509,7,0.1103
47510,24,0.1458
47511,10,0.1434
47512,7,0.1707
47513,21,0.1657
47514,21,0.4866
47515,15,0.2154
47516,8,0.2273
47517,5,0.2265
47518,5,0.2056
47519,7,0.2180
47520,7,0.1493
47521,7,0.1363
47522,7,0.1075
47524,7,0.1037
47525,7,0.1050
47527,24,0.1112
47530,24,0.1065
47533,24,0.1039
47534,24,0.1162
47535,7,0.1038
47536,7,0.1246
47537,0,0.2498
47538,7,0.1863
47539,21,0.1995
47540,15,0.1126
47541,5,0.1397
47542,5,0.1241
47543,5,0.1427
47544,23,0.2129
47545,14,0.1565
47546,5,0.2652
47547,7,0.2213
47548,7,0.1206
47549,21,0.2055
47550,21,0.1433
47551,8,0.7016
47552,8,0.8610
47553,16,0.5894
47554,15,0.1319
47555,19,0.1165
47556,19,0.2132
47557,14,0.1744
47558,19,0.1541
47559,5,0.1759
47560,7,0.1410
47561,7,0.1882
47562,7,0.1642
47563,7,0.1426
47564,21,0.1251
47565,0,0.1982
47567,15,0.1089
47568,13,0.1426
47569,5,0.1672
47570,23,0.1275
47571,23,0.1380
47572,23,0.1819
47573,16,0.2346
47574,8,0.2308
47575,10,0.1638
47576,24,0.1923
47577,24,0.1247
47578,8,0.7242
47579,8,0.6021
47580,8,0.6788
47581,16,0.2366
47582,23,0.1720
47583,9,0.1859
47584,7,0.1315
47585,7,0.1358
47586,7,0.1741
47587,7,0.1710
47588,21,0.2754
47589,21,0.2476
47590,15,0.2084
47591,15,0.1613
47592,5,0.2475
47593,5,0.2094
47594,7,0.1512
47595,7,0.1821
47596,24,0.1636
47597,22,0.2279
47598,8,0.7811
47599,20,0.2508
47600,23,0.1657
47601,16,0.2447
47602,15,0.1677
47603,23,0.1575
47604,19,0.1524
47605,7,0.1440
47606,7,0.2097
47607,21,0.1775
47608,21,0.1579
47609,8,0.5143
47611,21,0.1676
47612,19,0.1574
47613,23,0.1663
47614,23,0.2444
47615,19,0.1142
47616,7,0.2473
47617,7,0.2072
47618,7,0.1858
47619,21,0.1387
47620,21,0.1351
47621,23,0.1250
47622,15,0.1668
47623,19,0.1998
47624,10,0.2276
47625,10,0.2133
47626,10,0.1813
47627,21,0.1144
47628,21,0.1869
47629,24,0.1927
47630,11,0.1328
47631,11,0.2897
47632,21,0.2686
47633,21,0.3697
47634,21,0.3388
47635,15,0.1386
47636,15,0.1415
47637,19,0.1368
47638,21,0.2482
47639,7,0.1886
47640,7,0.1452
47641,9,0.1842
47642,19,0.1874
47643,8,0.3062
47644,21,0.2620
47645,21,0.1202
47646,7,0.1390
47647,0,0.3155
47648,16,0.1833
47649,15,0.1220
47650,16,0.2153
47651,2,0.1670
47652,19,0.1144
47653,5,0.2662
47654,7,0.1612
47655,11,0.1926
47656,11,0.1383
47657,0,0.1513
47658,11,0.3024
47659,0,0.1320
47660,0,0.1026
47661,21,0.2908
47662,16,0.2510
47663,16,0.1722
47664,5,0.2160
47665,13,0.2076
47666,16,0.1789
47667,5,0.1437
47669,19,0.1648
47670,19,0.1208
47671,19,0.1450
47672,7,0.1718
47673,7,0.1467
47674,21,0.1567
47675,21,0.2010
47676,7,0.2125
47677,7,0.1319
47678,7,0.1679
47680,8,0.2512
47681,8,0.1583
47682,8,0.1117
47683,0,0.1136
47685,0,0.2602
47686,0,0.1318
47687,8,0.2791
47688,8,0.2564
47689,9,0.1867
47690,11,0.1256
47691,1,0.1647
47692,0,0.2258
47693,15,0.1211
47694,15,0.1550
47695,5,0.1907
47696,5,0.1808
47697,5,0.3406
47698,5,0.3661
47699,5,0.2188
47700,7,0.1376
47701,7,0.2359
47702,7,0.1651
47703,7,0.1949
47704,7,0.1697
47705,28,0.1368
47706,19,0.1457
47708,7,0.1150
47709,1,0.2645
47710,0,0.1119
47711,7,0.1448
47712,21,0.1567
47713,7,0.1891
47714,7,0.1454
47715,21,0.1825
47716,11,0.2482
47718,0,0.1217
47719,15,0.1440
47720,7,0.1406
47721,5,0.1762
47722,5,0.2598
47723,5,0.2162
47724,5,0.1802
47725,21,0.1147
47726,21,0.1454
47727,21,0.1510
47729,23,0.1692
47730,5,0.2539
47731,5,0.1475
47732,0,0.1394
47733,1,0.1198
47734,1,0.1614
47735,11,0.1527
47736,21,0.1896
47737,21,0.1190
47738,21,0.1157
47742,0,0.2221
47743,0,0.1946
47744,5,0.2141
47745,5,0.2683
47746,9,0.1854
47747,21,0.1178
47748,7,0.1142
47749,5,0.1606
47750,5,0.1680
47753,6,0.1102
47755,7,0.1040
47758,7,0.1106
47759,21,0.1164
47760,7,0.1236
47761,8,0.1852
47762,21,0.2431
47763,24,0.2457
47764,7,0.2268
47765,7,0.1165
47766,21,0.1297
47767,21,0.1312
47768,21,0.1254
47769,21,0.1629
47770,7,0.1338
47771,21,0.1313
47772,21,0.2278
47773,7,0.1721
47774,0,0.1690
47775,0,0.2009
47776,15,0.1833
47779,5,0.1125
47780,5,0.2112
47781,7,0.1381
47782,7,0.1118
47783,24,0.1883
47785,21,0.2350
47786,21,0.2315
47787,21,0.1978
47788,21,0.2685
47789,11,0.2820
47790,21,0.1824
47791,21,0.2295
47792,21,0.4133
47793,21,0.1673
47794,8,0.2867
47795,7,0.3046
47796,7,0.1904
47797,20,0.2098
47798,20,0.1476
47799,8,0.1249
47800,8,0.7040
47801,11,0.2547
47802,8,0.1897
47803,21,0.1595
47804,21,0.2297
47805,21,0.1764
47806,24,0.1438
47807,21,0.2393
47808,8,0.2485
47809,8,0.2715
47810,7,0.2429
47811,21,0.4244
47812,21,0.3297
47813,7,0.1437
47815,21,0.2901
47816,21,0.2506
47817,21,0.2444
47818,0,0.3679
47819,8,0.2510
47820,8,0.3155
47821,21,0.1466
47822,16,0.1973
47823,11,0.3092
47824,1,0.1501
47825,0,0.1862
47826,21,0.3322
47827,23,0.1176
47828,8,0.2848
47829,21,0.2687
47830,21,0.3667
47831,24,0.1909
47832,21,0.2128
47833,8,0.2877
47834,21,0.2258
47835,7,0.1713
47836,24,0.1941
47837,21,0.2040
47838,7,0.2753
47839,19,0.1416
47840,8,0.2125
47841,8,0.1477
47842,21,0.2276
47843,21,0.1700
47844,21,0.2511
47845,21,0.3849
47846,21,0.2785
47847,11,0.1634
47848,0,0.2665
47849,21,0.2310
47850,21,0.1983
47851,21,0.2558
47852,21,0.2218
47853,21,0.2168
47854,21,0.1757
47855,21,0.3071
47856,21,0.3396
47857,21,0.3878
47858,7,0.4042
47859,21,0.2124
47860,21,0.4505
47861,21,0.3464
47862,21,0.2132
47863,21,0.2842
47864,21,0.2943
47865,8,0.3739
47866,0,0.3942
47867,21,0.1881
47868,8,0.1653
47869,21,0.3693
47870,21,0.2207
47871,8,0.1157
47872,21,0.1527
47873,21,0.1666
47875,21,0.2202
47876,21,0.3281
47877,15,0.1737
47878,21,0.2212
47879,21,0.2069
47880,21,0.1611
47881,21,0.2724
47882,21,0.3695
47883,21,0.1256
47884,8,0.1366
47885,21,0.2638
47886,21,0.2884
47887,7,0.2519
47888,7,0.2359
47889,7,0.2910
47890,7,0.2472
47891,7,0.1733
47892,21,0.1835
47893,7,0.2968
47894,7,0.2078
47895,7,0.3520
47896,7,0.2614
47897,7,0.1795
47898,21,0.1719
47899,7,0.1712
47900,7,0.2808
47901,7,0.2518
47902,7,0.1928
47903,21,0.1777
47904,7,0.3070
47905,7,0.2179
47906,21,0.2011
47907,21,0.3268
47908,21,0.3738
47909,21,0.2847
47910,21,0.2437
47911,21,0.2773
47912,7,0.3276
47913,7,0.1874
47914,7,0.1539
47915,21,0.1558
47916,21,0.1387
47917,7,0.1148
47918,21,0.2011
47919,11,0.2229
47920,11,0.1893
47921,7,0.1543
47922,0,0.1716
47923,11,0.2151
47924,7,0.3011
47925,7,0.2268
47926,7,0.1635
47927,21,0.1218
47928,21,0.1464
47929,7,0.1323
47930,24,0.1188
47931,7,0.1235
47932,7,0.2607
47933,7,0.2086
47934,7,0.1671
47935,7,0.1086
47936,7,0.1176
47937,0,0.1278
47939,7,0.1913
47940,21,0.2575
47941,7,0.1993
47942,7,0.1438
47943,7,0.1720
47944,7,0.1888
47945,7,0.2885
47946,7,0.3768
47947,21,0.1712
47948,21,0.2084
47949,21,0.1474
47950,24,0.1610
47951,21,0.1677
47952,7,0.3255
47953,7,0.2115
47954,11,0.2894
47955,7,0.3268
47956,7,0.2661
47957,7,0.3177
47958,21,0.1796
47960,21,0.1362
47961,21,0.1619
47962,7,0.2439
47963,21,0.3365
47964,21,0.2276
47965,21,0.1516
47966,21,0.1463
47967,24,0.2352
47968,23,0.1754
47969,21,0.1681
47970,21,0.1976
47971,8,0.2085
47972,8,0.2197
47973,12,0.1387
47974,1,0.1320
47975,7,0.2835
47976,7,0.1581
47977,0,0.1679
47978,0,0.1497
47979,17,0.1196
47980,11,0.1633
47981,7,0.3535
47982,7,0.2298
47983,8,0.1534
47984,20,0.5045
47985,21,0.2493
47986,21,0.5214
47987,21,0.1839
47988,21,0.1147
47989,21,0.1988
47990,21,0.2272
47991,21,0.1659
47992,7,0.1616
47993,23,0.1192
47994,20,0.2823
47995,20,0.3027
47996,23,0.2082
47997,20,0.1462
47998,23,0.1224
47999,7,0.1495
48001,15,0.1219
48002,7,0.2287
48003,7,0.2816
48004,21,0.1718
48005,24,0.1614
48006,24,0.3645
48007,9,0.3253
48008,9,0.3065
48009,21,0.2541
48010,7,0.1506
48012,15,0.1405
48013,21,0.2767
48014,21,0.2203
48015,7,0.1165
48016,7,0.1447
48017,19,0.1366
48018,7,0.1949
48019,7,0.2292
48020,7,0.1696
48021,7,0.1326
48022,5,0.1644
48023,0,0.1586
48024,24,0.2780
48025,7,0.2026
48027,20,0.2555
48028,23,0.1274
48029,21,0.2946
48030,21,0.2731
48031,21,0.1749
48033,31,0.1827
48034,21,0.2593
48035,21,0.1205
48036,21,0.2618
48037,21,0.1915
48038,23,0.1231
48039,7,0.2655
48040,7,0.1751
48041,0,0.2609
48042,0,0.3769
48043,21,0.1319
48044,7,0.2249
48045,11,0.2363
48046,21,0.1424
48047,8,0.1591
48048,8,0.3821
48049,21,0.2001
48050,0,0.3161
48051,0,0.2012
48052,21,0.2632
48053,21,0.2324
48054,0,0.3159
48055,0,0.3000
48056,19,0.1243
48057,7,0.1496
48058,0,0.2978
48059,11,0.3981
48060,7,0.2822
48061,21,0.2941
48062,21,0.1761
48063,7,0.1790
48064,21,0.2095
48065,21,0.3194
48066,21,0.2995
48067,21,0.4428
48068,21,0.2304
48069,0,0.3385
48070,0,0.2363
48071,1,0.3290
48072,0,0.3091
48073,21,0.2424
48074,21,0.2307
48075,0,0.2713
48076,21,0.2458
48077,0,0.3025
48078,0,0.4554
48079,21,0.3088
48080,21,0.2374
48081,24,0.1435
48083,21,0.1231
48084,8,0.2152
48085,8,0.2868
48086,21,0.2235
48087,0,0.1775
48088,11,0.3135
48089,19,0.1272
48090,0,0.3877
48091,8,0.3943
48092,8,0.3262
48093,21,0.3589
48094,7,0.2690
48095,21,0.3985
48096,21,0.2793
48097,21,0.1952
48098,21,0.2237
48099,7,0.2919
48100,7,0.1900
48101,21,0.2010
48102,21,0.1608
48103,21,0.1415
48104,21,0.1941
48105,8,0.1508
48106,21,0.2503
48107,21,0.2218
48108,21,0.2656
48109,21,0.2847
48110,30,0.2172
48111,11,0.2886
48112,21,0.2855
48113,11,0.2649
48114,21,0.2082
48115,0,0.3096
48116,0,0.5022
48117,21,0.2319
48118,0,0.2813
48119,11,0.2118
48120,24,0.2623
48121,0,0.2415
48122,21,0.3985
48123,21,0.3830
48124,21,0.4377
48125,21,0.2022
48126,21,0.2501
48127,0,0.1133
48128,20,0.1156
48129,24,0.1718
48130,21,0.1165
48131,11,0.2463
48132,21,0.1993
48133,21,0.2074
48134,21,0.2311
48135,7,0.1396
48136,21,0.1753
48137,21,0.2188
48138,7,0.1670
48139,11,0.2194
48140,21,0.1920
48141,7,0.1647
48142,11,0.1646
48143,21,0.1495
48144,11,0.2110
48145,11,0.2100
48146,7,0.2060
48147,21,0.2326
48148,11,0.2897
48149,7,0.1665
48150,7,0.2231
48151,21,0.2162
48152,21,0.2453
48153,21,0.2910
48154,21,0.3271
48155,7,0.3849
48156,7,0.2522
48157,7,0.2408
48158,7,0.2286
48159,21,0.2389
48160,21,0.2241
48161,21,0.2207
48162,21,0.1958
48163,21,0.1928
48164,7,0.1500
48165,7,0.1389
48166,21,0.2081
48167,7,0.2249
48168,7,0.1798
48169,21,0.1498
48170,21,0.1329
48171,21,0.1256
48172,19,0.1115
48173,19,0.1304
48174,7,0.1688
48175,21,0.1729
48176,7,0.1636
48177,7,0.1969
48178,21,0.1597
48179,21,0.1856
48180,7,0.1284
48181,7,0.1310
48182,7,0.1980
48183,19,0.1971
48185,21,0.1434
48186,21,0.1390
48187,7,0.1817
48188,7,0.1510
48189,23,0.1445
48190,19,0.1398
48191,7,0.2041
48192,7,0.1892
48193,21,0.1813
48194,7,0.1668
48195,7,0.1472
48196,7,0.2139
48197,21,0.1658
48198,21,0.2312
48199,24,0.1264
48201,24,0.1764
48202,24,0.3108
48203,21,0.1721
48204,5,0.1544
48205,7,0.1517
48206,19,0.1414
48207,7,0.1887
48208,7,0.1387
48209,7,0.1430
48210,21,0.1727
48211,21,0.2282
48212,7,0.1982
48213,19,0.1636
48214,7,0.1943
48215,21,0.1510
48216,21,0.1635
48217,21,0.1952
48218,24,0.2111
48219,19,0.2385
48220,21,0.2313
48221,21,0.2430
48222,24,0.2811
48225,7,0.1889
48226,7,0.1159
48227,7,0.1373
48228,7,0.1514
48229,6,0.1193
48230,7,0.1534
48231,24,0.2762
48232,9,0.1031
48233,24,0.1486
48234,23,0.1692
48235,20,0.2958
48236,8,0.2748
48237,24,0.3593
48238,21,0.2271
48239,24,0.2502
48240,7,0.1773
48241,7,0.1980
48242,24,0.2481
48243,22,0.1768
48244,20,0.3720
48245,20,0.1811
48246,8,0.7314
48247,8,0.6762
48248,21,0.3211
48249,21,0.3384
48250,24,0.3980
48251,6,0.1093
48254,21,0.1603
48255,7,0.1738
48256,7,0.2270
48257,21,0.1835
48258,19,0.1475
48259,19,0.1914
48260,7,0.2266
48261,7,0.2376
48262,7,0.1982
48263,24,0.2076
48264,7,0.1711
48265,7,0.1859
48266,7,0.1416
48267,6,0.1253
48268,19,0.1698
48269,19,0.2124
48270,19,0.2089
48271,19,0.2425
48272,6,0.1104
48273,24,0.1171
48274,24,0.2250
48275,7,0.1227
48276,7,0.1520
48277,24,0.1331
48278,16,0.1707
48279,8,0.2141
48280,20,0.1850
48281,21,0.1857
48282,5,0.2021
48284,25,0.1183
48285,7,0.3324
48286,21,0.3811
48287,7,0.2118
48288,7,0.2533
48289,7,0.3027
48290,19,0.2353
48291,7,0.3111
48292,21,0.2357
48293,24,0.2107
48294,24,0.2619
48295,21,0.3129
48296,24,0.2452
48297,21,0.2337
48298,15,0.1992
48299,24,0.2274
48300,24,0.2848
48301,21,0.1816
48302,16,0.1440
48303,24,0.1362
48304,21,0.1167
48306,21,0.1403
48307,7,0.2651
48308,7,0.1905
48309,21,0.1773
48310,19,0.1191
48311,21,0.1724
48312,21,0.2574
48313,24,0.2536
48314,23,0.1832
48315,19,0.1815
48316,21,0.1846
48317,23,0.1064
48318,23,0.1938
48319,7,0.2138
48320,7,0.3404
48321,21,0.3576
48322,24,0.1707
48323,7,0.1934
48324,7,0.2811
48325,21,0.2055
48326,19,0.1662
48327,7,0.1479
48328,21,0.1301
48329,21,0.2313
48330,24,0.2396
48331,21,0.2777
48332,21,0.2171
48333,8,0.2335
48334,21,0.1661
48335,21,0.1404
48336,7,0.1128
48337,7,0.1183
48338,21,0.1568
48339,21,0.1145
48341,21,0.1992
48342,7,0.2642
48343,7,0.2561
48344,7,0.3449
48345,7,0.1380
48346,21,0.1354
48347,7,0.1227
48348,21,0.1681
48349,21,0.2110
48350,21,0.1946
48351,21,0.1662
48352,21,0.2195
48353,21,0.2307
48354,21,0.1818
48355,21,0.1945
48356,21,0.1575
48357,21,0.1559
48358,7,0.1880
48359,21,0.2789
48360,20,0.1460
48361,30,0.2066
48362,16,0.1702
48363,21,0.1667
48364,19,0.2020
48365,7,0.2030
48367,11,0.2348
48369,0,0.2157
48370,11,0.1450
48371,7,0.2130
48372,21,0.2617
48373,21,0.2788
48374,7,0.1368
48375,9,0.1483
48376,8,0.3270
48377,16,0.2063
48378,21,0.2640
48379,21,0.1910
48380,19,0.1744
48381,7,0.3459
48382,24,0.1742
48383,21,0.2149
48384,7,0.2051
48385,7,0.1586
48386,21,0.1570
48387,21,0.1702
48388,7,0.2361
48389,21,0.1612
48390,7,0.1250
48391,21,0.1311
48392,21,0.2434
48393,7,0.2345
48394,7,0.2548
48395,24,0.1922
48396,7,0.1876
48397,21,0.1413
48398,21,0.1912
48399,21,0.3056
48400,23,0.1644
48401,21,0.2083
48402,8,0.1431
48403,24,0.1496
48404,21,0.1051
48405,16,0.1751
48406,19,0.1982
48407,21,0.1767
48408,19,0.1605
48409,7,0.2054
48410,7,0.1634
48411,7,0.1141
48412,21,0.1171
48413,21,0.1775
48414,21,0.1521
48415,7,0.1701
48416,21,0.2014
48417,21,0.2794
48418,7,0.1585
48419,7,0.1467
48420,21,0.3110
48421,7,0.3283
48422,7,0.1081
48423,21,0.2428
48424,7,0.2174
48425,7,0.1274
48426,21,0.3125
48427,21,0.3113
48428,7,0.1311
48429,21,0.2714
48430,21,0.3411
48431,21,0.1728
48432,21,0.2236
48433,21,0.3243
48434,21,0.1313
48435,21,0.1344
48436,7,0.1155
48437,7,0.1965
48438,21,0.1778
48439,21,0.1978
48440,7,0.1382
48441,21,0.2204
48442,21,0.2114
48443,7,0.2632
48444,7,0.2540
48445,21,0.1980
48446,7,0.2152
48447,21,0.1592
48448,7,0.1750
48449,21,0.1138
48450,21,0.1324
48451,21,0.1632
48452,21,0.2614
48453,8,0.5964
48454,8,0.6768
48455,7,0.1198
48456,0,0.1388
48457,1,0.1419
48459,21,0.1842
48460,24,0.2304
48461,24,0.1237
48462,7,0.1177
48463,7,0.1547
48464,7,0.1630
48465,8,0.2091
48466,30,0.1169
48467,21,0.1386
48468,21,0.1439
48469,21,0.2478
48470,24,0.1719
48471,24,0.2749
48472,21,0.2529
48473,21,0.1084
48474,21,0.1489
48475,21,0.2411
48476,21,0.1908
48477,21,0.1124
48478,7,0.2371
48479,21,0.2322
48480,9,0.1158
48481,7,0.1627
48482,7,0.1497
48483,21,0.1615
48484,7,0.1238
48485,7,0.1239
48486,21,0.2013
48488,7,0.1745
48489,21,0.1137
48490,24,0.1730
48491,21,0.1476
48492,8,0.3716
48493,7,0.2090
48494,7,0.1692
48495,7,0.2356
48496,7,0.2201
48497,19,0.1208
48498,21,0.1084
48499,21,0.1912
48501,7,0.2298
48502,21,0.2372
48503,21,0.2369
48504,21,0.1640
48505,7,0.1334
48506,21,0.1963
48507,21,0.2355
48508,7,0.2326
48509,21,0.2883
48510,7,0.2644
48511,7,0.1575
48512,21,0.1723
48513,8,0.1495
48514,21,0.1652
48515,24,0.2008
48516,24,0.1285
48517,22,0.1808
48518,8,0.5146
48519,8,0.1335
48520,7,0.1957
48521,7,0.2703
48522,7,0.1785
48524,7,0.1270
48525,11,0.1119
48526,21,0.1230
48527,0,0.2198
48528,7,0.1953
48529,7,0.1123
48530,8,0.1633
48531,7,0.2528
48532,7,0.2526
48533,7,0.2346
48534,7,0.3064
48535,15,0.1837
48536,19,0.1388
48537,15,0.2285
48538,21,0.1442
48539,21,0.2119
48540,23,0.1887
48541,15,0.1971
48542,7,0.3133
48543,7,0.2087
48544,21,0.2651
48545,21,0.1454
48546,19,0.1427
48547,21,0.1864
48548,7,0.3104
48549,15,0.2147
48550,7,0.2063
48551,7,0.2536
48552,7,0.1620
48553,13,0.1224
48554,21,0.1626
48555,7,0.3148
48556,7,0.3096
48557,19,0.1609
48558,21,0.1914
48559,21,0.3366
48560,16,0.1599
48562,21,0.2443
48563,7,0.2611
48564,7,0.2476
48565,21,0.2160
48566,8,0.2430
48567,7,0.1570
48568,7,0.2428
48569,5,0.1843
48570,7,0.1704
48571,5,0.1851
48572,5,0.1583
48574,5,0.2111
48575,7,0.1393
48576,7,0.1237
48577,7,0.1684
48578,7,0.1993
48579,5,0.1207
48580,7,0.1238
48581,7,0.2175
48582,21,0.1347
48583,19,0.1146
48584,19,0.1719
48585,21,0.2011
48586,15,0.1255
48587,19,0.1284
48588,7,0.2523
48589,7,0.2051
48590,7,0.2006
48591,7,0.1553
48592,21,0.2003
48593,7,0.1605
48594,21,0.2548
48595,7,0.2731
48596,7,0.2569
48597,7,0.1922
48598,7,0.1511
48599,7,0.2403
48600,21,0.2765
48601,21,0.3182
48602,9,0.2302
48603,21,0.2156
48604,21,0.3086
48605,21,0.2644
48606,7,0.1817
48607,9,0.3227
48608,7,0.2272
48609,7,0.2611
48610,1,0.1762
48611,5,0.1494
48612,21,0.2760
48613,7,0.2677
48614,7,0.2068
48615,7,0.1980
48616,1,0.1510
48618,8,0.6369
48619,8,0.4007
48620,16,0.1877
48621,21,0.2188
48622,15,0.2035
48623,15,0.2135
48624,17,0.1043
48625,15,0.2074
48626,15,0.1857
48627,7,0.1858
48628,19,0.1052
48629,7,0.2086
48630,7,0.2431
48631,21,0.2505
48632,7,0.2763
48633,21,0.3293
48634,21,0.1881
48635,5,0.1507
48636,5,0.1490
48637,7,0.1225
48638,19,0.1975
48639,7,0.2329
48640,5,0.1839
48641,7,0.2080
48642,7,0.2202
48643,11,0.1731
48644,7,0.1672
48645,19,0.1115
48646,20,0.1178
48647,21,0.3072
48648,21,0.1868
48649,21,0.2030
48650,19,0.2131
48651,19,0.2084
48652,5,0.2204
48653,7,0.1997
48654,7,0.2428
48655,21,0.2286
48656,7,0.2704
48657,7,0.1793
48658,7,0.1447
48659,21,0.1668
48660,8,0.1689
48661,8,0.2228
48662,7,0.1467
48663,23,0.1314
48664,16,0.1602
48665,7,0.1323
48666,8,0.1140
48667,21,0.1990
48668,0,0.1896
48670,8,0.4422
48671,21,0.1524
48673,8,0.3472
48674,21,0.2440
48675,5,0.1412
48676,8,0.3097
48677,21,0.1087
48678,21,0.1881
48679,21,0.1910
48680,21,0.1422
48681,7,0.1334
48682,21,0.1453
48683,7,0.2540
48684,0,0.1167
48685,8,0.1354
48686,8,0.2105
48687,7,0.1285
48688,8,0.2692
48689,21,0.2200
48690,24,0.2400
48692,7,0.1445
48693,7,0.1568
48694,21,0.1116
48695,21,0.1526
48696,7,0.1606
48697,21,0.1201
48698,21,0.1905
48699,7,0.2084
48700,0,0.3000
48701,0,0.3884
48702,7,0.1582
48703,8,0.3699
48704,8,0.2461
48705,7,0.1239
48706,21,0.1316
48707,21,0.1809
48708,21,0.1406
48709,0,0.1310
48710,0,0.1511
48711,0,0.1252
48714,7,0.1229
48715,8,0.1419
48719,8,0.1270
48720,0,0.1926
48722,20,0.1400
48723,20,0.1546
48724,8,0.2969
48725,21,0.2075
48726,7,0.1971
48727,21,0.1091
48728,8,0.1672
48729,8,0.1396
48730,7,0.1182
48731,7,0.1556
48732,7,0.2233
48733,7,0.2700
48734,7,0.1593
48735,24,0.1251
48736,21,0.3176
48737,7,0.2133
48738,23,0.1317
48739,8,0.3548
48740,7,0.1720
48741,7,0.1446
48742,19,0.1943
48743,21,0.1196
48745,8,0.3269
48746,7,0.2754
48747,0,0.1667
48748,8,0.4216
48749,21,0.2233
48750,8,0.8325
48751,8,0.9133
48752,19,0.2177
48753,19,0.1601
48754,21,0.2458
48756,19,0.1162
48757,21,0.1345
48758,7,0.1362
48759,8,0.1317
48760,8,0.2702
48761,7,0.1424
48762,8,0.3162
48763,8,0.1991
48765,8,0.1253
48766,8,0.1432
48767,21,0.1557
48769,20,0.1203
48770,21,0.1132
48771,8,0.1107
48772,7,0.1120
48773,7,0.1548
48774,21,0.2297
48775,21,0.2435
48776,7,0.1417
48777,8,0.5044
48779,9,0.1714
48780,7,0.1207
48781,9,0.1608
48782,9,0.4375
48783,9,0.6291
48784,9,0.2844
48785,8,0.2774
48786,21,0.2212
48787,21,0.1820
48788,7,0.1687
48789,7,0.1165
48791,21,0.1541
48792,8,0.2724
48793,9,0.3398
48794,8,0.2371
48795,9,0.1951
48796,9,0.1665
48797,7,0.2166
48798,8,0.2034
48799,9,0.2272
48800,9,0.2335
48801,7,0.2616
48802,9,0.1687
48803,8,0.2429
48804,7,0.1506
48805,21,0.1279
48808,7,0.1191
48809,7,0.1302
48812,7,0.1618
48813,7,0.1961
48814,21,0.2613
48815,21,0.2711
48816,7,0.3246
48817,21,0.2136
48818,7,0.1412
48821,7,0.1328
48822,1,0.2046
48823,0,0.1337
48824,1,0.1468
48825,5,0.2019
48826,7,0.2173
48827,7,0.2678
48828,8,0.1795
48829,8,0.8034
48830,8,0.5832
48831,21,0.4583
48832,21,0.3487
48833,23,0.2185
48834,16,0.1986
48835,21,0.3072
48836,21,0.2471
48837,7,0.1942
48838,19,0.1162
48839,21,0.1586
48840,7,0.1475
48841,8,0.4858
48842,21,0.2917
48843,29,0.1067
48844,11,0.2281
48845,1,0.1572
48847,21,0.1544
48848,7,0.1877
48849,21,0.2481
48850,7,0.2052
48851,7,0.1576
48852,7,0.1867
48853,21,0.1450
48854,7,0.2002
48855,7,0.1611
48856,21,0.1442
48857,7,0.1855
48858,7,0.1426
48859,7,0.1226
48860,21,0.1508
48861,7,0.2429
48862,7,0.2228
48863,7,0.2105
48864,7,0.2527
48865,7,0.1971
48866,7,0.3138
48867,7,0.2105
48868,7,0.1770
48869,7,0.1802
48870,7,0.2311
48871,7,0.1821
48872,5,0.1631
48873,5,0.1644
48874,6,0.1227
48875,20,0.1401
48876,22,0.2338
48878,5,0.1802
48879,7,0.1185
48880,7,0.1574
48883,7,0.1879
48885,7,0.1551
48886,11,0.2176
48887,7,0.3094
48888,7,0.1517
48889,7,0.1260
48890,7,0.2044
48891,7,0.1595
48892,7,0.1961
48893,7,0.2024
48894,5,0.1979
48895,7,0.1805
48896,1,0.1283
48897,1,0.1565
48898,0,0.1044
48899,4,0.2952
48900,4,0.3892
48901,8,0.2481
48902,21,0.2104
48903,8,0.3989
48904,8,0.9084
48905,8,0.6350
48906,21,0.3237
48907,8,0.7782
48908,8,0.8791
48909,16,0.1395
48910,8,0.3652
48911,21,0.3251
48912,7,0.1910
48913,7,0.2292
48914,7,0.2020
48915,7,0.1994
48916,11,0.1136
48917,21,0.1036
48918,7,0.2403
48919,7,0.2611
48920,7,0.2712
48921,7,0.2076
48922,21,0.1864
48923,21,0.1722
48924,7,0.2401
48925,7,0.2885
48926,7,0.1655
48927,0,0.2223
48928,4,0.3260
48930,21,0.1215
48931,21,0.1765
48932,21,0.2149
48933,7,0.1789
48934,8,0.6656
48935,8,0.7021
48936,24,0.2880
48937,1,0.2237
48938,1,0.4275
48939,7,0.2468
48940,7,0.1474
48941,7,0.1932
48942,7,0.2054
48943,21,0.1658
48944,21,0.2605
48945,7,0.1831
48946,7,0.1367
48947,7,0.1579
48948,7,0.2303
48949,11,0.2042
48950,7,0.2329
48951,7,0.1863
48952,0,0.1163
48953,11,0.1462
48954,7,0.1029
48955,21,0.1093
48956,21,0.1466
48957,24,0.3428
48958,21,0.3050
48959,7,0.1835
48960,7,0.2212
48961,7,0.2945
48962,7,0.2440
48963,7,0.1621
48964,11,0.1320
48966,7,0.2228
48967,7,0.1744
48968,11,0.1844
48969,7,0.2318
48970,7,0.2364
48971,11,0.2417
48972,1,0.2377
48973,7,0.1794
48974,7,0.1980
48975,7,0.2187
48976,19,0.1562
48977,19,0.1845
48978,19,0.1190
48979,8,0.6177
48980,8,0.9196
48981,8,0.6708
48982,8,0.7878
48983,8,0.6286
48984,19,0.1691
48985,21,0.1900
48986,21,0.2524
48987,21,0.2237
48988,21,0.1614
48989,8,0.4466
48990,8,0.7176
48991,8,0.7747
48992,9,0.1110
48994,8,0.2391
48995,21,0.2203
48996,21,0.1399
48997,7,0.2447
48998,7,0.2406
48999,7,0.1436
49000,7,0.2168
49001,7,0.2406
49004,7,0.1767
49005,19,0.1672
49006,19,0.1648
49007,8,0.2378
49008,23,0.1785
49009,20,0.1751
49010,21,0.3605
49011,7,0.1327
49012,21,0.1522
49013,0,0.3951
49014,21,0.1822
49015,8,0.2795
49016,16,0.2498
49017,21,0.1067
49018,5,0.1719
49019,7,0.1323
49020,19,0.1686
49021,1,0.1040
49022,19,0.1522
49023,7,0.2991
49024,7,0.2044
49025,19,0.1059
49026,7,0.2361
49027,7,0.4065
49028,7,0.2263
49029,21,0.1538
49030,7,0.1660
49031,7,0.2464
49032,7,0.1554
49033,7,0.1971
49034,19,0.1123
49035,7,0.1357
49036,7,0.1859
49037,7,0.3083
49038,7,0.2015
49039,21,0.1412
49040,21,0.1347
49041,19,0.1164
49042,7,0.1074
49043,7,0.1844
49044,7,0.1348
49045,7,0.1914
49046,7,0.2640
49047,7,0.2192
49048,7,0.1333
49049,21,0.2305
49050,21,0.2599
49051,7,0.2090
49052,7,0.2200
49053,21,0.3497
49054,7,0.2982
49055,7,0.2256
49056,21,0.2745
49057,21,0.2261
49058,7,0.1910
49059,7,0.2270
49060,5,0.1377
49061,9,0.1264
49062,7,0.2109
49063,21,0.1487
49064,21,0.1715
49065,21,0.1513
49066,7,0.1578
49067,7,0.2229
49068,7,0.2987
49069,7,0.2186
49070,21,0.1798
49071,21,0.1573
49072,7,0.1952
49073,11,0.1533
49074,21,0.1708
49075,7,0.1577
49076,22,0.2382
49077,8,0.2584
49078,21,0.4090
49079,21,0.2106
49080,8,0.1642
49081,8,0.2844
49082,21,0.3208
49083,21,0.1490
49084,21,0.2455
49085,8,0.6072
49086,8,0.5440
49087,21,0.2613
49088,21,0.2823
49089,21,0.2383
49090,7,0.1578
49091,7,0.1475
49092,7,0.2059
49093,7,0.1789
49094,7,0.1224
49097,7,0.1401
49098,7,0.2046
49099,21,0.2237
49100,21,0.1939
49102,21,0.1585
49103,21,0.1292
49104,21,0.1320
49105,21,0.1682
49106,21,0.1888
49107,7,0.1823
49108,19,0.1311
49109,19,0.1329
49110,1,0.1101
49111,23,0.1702
49112,8,0.4453
49113,8,0.3962
49114,8,0.4083
49115,23,0.1996
49116,23,0.1749
49117,24,0.1863
49118,8,0.3824
49119,8,0.3337
49120,7,0.2454
49121,7,0.1892
49122,19,0.1128
49123,21,0.2009
49124,7,0.1843
49125,8,0.1511
49126,21,0.1641
49127,5,0.1305
49128,16,0.2929
49129,4,0.1608
49131,1,0.1071
49132,24,0.1230
49133,7,0.2062
49134,21,0.1146
49136,7,0.1104
49138,8,0.1849
49139,24,0.1510
49140,21,0.1311
49141,23,0.1264
49142,11,0.1280
49144,1,0.1218
49145,21,0.1275
49146,10,0.1222
49147,21,0.1198
49148,21,0.1211
49150,1,0.1025
49151,24,0.1789
49152,7,0.1080
49155,5,0.1396
49156,5,0.1751
49157,19,0.1520
49159,23,0.1394
49160,23,0.2403
49161,23,0.1724
49162,1,0.2240
49163,5,0.1235
49164,7,0.1492
49165,7,0.1521
49168,7,0.1533
49172,6,0.1612
49173,6,0.1163
49174,6,0.1224
49177,23,0.1123
49180,19,0.1239
49181,8,0.1383
49182,1,0.1142
49183,7,0.1610
49184,19,0.1704
49185,8,0.4160
49186,21,0.2024
49187,8,0.3739
49188,8,0.5089
49189,21,0.2591
49190,24,0.1597
49191,8,0.9039
49192,8,0.7954
49193,8,0.5648
49194,8,0.8204
49195,7,0.1979
49196,24,0.1498
49197,7,0.2160
49198,7,0.2033
49199,21,0.1441
49200,7,0.1592
49201,7,0.1569
49203,1,0.1204
49204,1,0.1847
49205,7,0.1307
49206,0,0.1080
49208,21,0.1221
49209,21,0.1904
49210,1,0.1335
49213,7,0.1501
49214,19,0.1590
49215,7,0.2839
49216,7,0.3441
49217,7,0.1905
49218,1,0.1943
49219,8,0.3911
49220,7,0.2016
49221,21,0.1495
49222,21,0.3312
49223,7,0.1362
49224,11,0.1505
49225,7,0.2026
49226,7,0.1503
49227,1,0.1582
49230,21,0.1233
49231,21,0.1397
49233,7,0.1124
49234,7,0.1070
49235,6,0.1067
49236,21,0.1076
49237,7,0.1548
49238,19,0.1524
49239,5,0.1050
49240,0,0.1178
49241,8,0.2652
49242,0,0.1138
49243,0,0.2586
49244,0,0.1553
49245,11,0.1371
49246,8,0.1216
49247,16,0.1426
49248,21,0.2794
49249,21,0.1140
49250,24,0.1961
49252,7,0.1052
49253,23,0.1694
49254,23,0.1457
49255,10,0.2128
49256,24,0.2141
49257,8,0.1328
49258,11,0.1215
49259,6,0.1157
49260,23,0.1739
49261,8,0.1485
49262,7,0.1523
49263,8,0.2732
49264,8,0.6758
49265,8,0.7503
49266,8,0.9299
49267,8,0.9440
49268,8,0.8071
49269,8,0.5972
49270,8,0.1866
49271,7,0.1949
49272,19,0.2003
49273,7,0.1254
49274,8,0.1318
49275,21,0.2046
49276,5,0.1461
49277,7,0.1306
49278,8,0.2100
49279,8,0.4458
49280,7,0.1832
49282,5,0.1314
49283,7,0.1027
49284,0,0.1552
49285,0,0.1785
49286,7,0.1728
49288,7,0.1324
49289,24,0.1896
49290,24,0.1587
49291,8,0.2860
49292,11,0.2082
49293,16,0.1231
49294,20,0.2054
49295,7,0.1653
49296,21,0.1710
49297,21,0.2337
49298,0,0.2081
49299,8,0.5890
49300,8,0.8413
49301,24,0.1696
49302,8,0.1767
49303,28,0.1700
49304,8,0.1619
49305,8,0.1056
49306,11,0.1440
49307,1,0.1560
49308,1,0.1380
49309,1,0.2559
49310,1,0.1332
49311,24,0.2677
49312,21,0.1462
49313,7,0.1307
49314,1,0.1716
49315,33,0.2276
49318,23,0.1202
49319,21,0.1289
49320,24,0.1228
49321,24,0.1605
49322,7,0.1370
49323,21,0.1408
49324,0,0.1248
49325,11,0.1661
49326,21,0.1260
49327,7,0.1607
49328,7,0.1907
49330,8,0.1481
49331,8,0.1516
49333,19,0.1710
49334,7,0.2752
49335,7,0.3014
49336,5,0.1512
49337,0,0.1409
49338,7,0.2209
49339,9,0.1365
49340,21,0.1530
49341,21,0.1586
49344,7,0.1402
49345,23,0.1083
49346,19,0.1307
49347,1,0.1717
49348,15,0.1995
49349,7,0.2588
49350,21,0.1353
49351,23,0.1363
49352,28,0.1125
49353,16,0.1454
49354,15,0.1461
49355,7,0.2046
49356,31,0.1405
49357,13,0.1264
49358,19,0.1095
49359,7,0.2643
49360,23,0.1478
49361,32,0.1302
49362,29,0.1259
49363,11,0.1656
49364,16,0.1186
49365,19,0.1074
49366,1,0.2337
49367,5,0.1503
49368,7,0.3011
49369,7,0.2326
49370,21,0.1464
49372,13,0.1243
49373,7,0.1372
49374,21,0.2478
49375,21,0.3014
49376,19,0.1240
49377,27,0.1505
49378,15,0.1791
49379,15,0.1923
49380,21,0.1821
49383,15,0.2623
49384,15,0.2045
49385,15,0.1300
49388,29,0.1031
49389,13,0.1569
49390,16,0.5981
49391,16,0.2190
49392,1,0.2250
49393,2,0.4489
49394,15,0.2887
49395,15,0.1633
49396,5,0.1506
49397,15,0.1761
49398,21,0.3082
49399,7,0.1626
49400,1,0.1209
49401,1,0.1293
49402,21,0.1885
49403,21,0.2238
49404,5,0.1979
49405,7,0.1751
49406,8,0.3597
49407,8,0.2659
49408,16,0.3224
49409,7,0.1465
49410,7,0.1724
49411,9,0.1663
49412,21,0.1365
49413,9,0.3041
49414,9,0.1704
49415,5,0.2179
49416,5,0.1947
49417,29,0.1541
49418,16,0.3862
49419,18,0.1080
49420,29,0.1335
49421,15,0.1598
49422,21,0.1471
49423,21,0.1227
49426,21,0.2653
49427,16,0.3691
49428,16,0.2634
49429,19,0.1133
49430,15,0.1431
49431,21,0.1686
49432,21,0.1681
49433,7,0.2584
49434,21,0.1902
49435,19,0.1819
49436,5,0.1979
49437,5,0.1713
49438,2,0.2701
49439,5,0.2058
49440,21,0.2916
49441,21,0.2714
49442,21,0.1900
49443,16,0.2059
49444,28,0.1386
49445,13,0.1362
49446,15,0.1948
49447,24,0.1305
49448,5,0.2362
49449,5,0.2723
49451,18,0.1504
49452,18,0.1576
49456,16,0.1600
49457,8,0.2900
49458,16,0.6398
49459,16,0.1932
49460,2,0.3897
49461,25,0.1119
49464,24,0.1061
49465,19,0.1378
49466,15,0.1619
49467,15,0.1480
49468,15,0.1761
49469,13,0.1630
49470,29,0.1684
49471,29,0.1195
49475,13,0.1070
49477,21,0.2583
49478,16,0.4076
49479,21,0.2825
49480,19,0.2451
49481,5,0.1851
49482,5,0.1568
49483,7,0.1180
49484,7,0.1104
49485,7,0.1120
49486,7,0.1026
49489,7,0.1353
49490,5,0.1505
49491,7,0.1474
49492,7,0.1489
49493,21,0.2474
49494,21,0.2948
49495,8,0.3281
49496,19,0.1443
49497,9,0.3695
49498,8,0.4452
49499,8,0.5300
49500,8,0.7785
49501,8,0.6339
49503,18,0.1567
49507,24,0.1049
49508,24,0.1056
49509,7,0.1030
49511,7,0.1137
49512,8,0.1913
49513,19,0.2182
49514,23,0.1457
49515,16,0.1470
49517,0,0.1032
49518,5,0.2143
49519,5,0.2022
49520,7,0.1402
49521,7,0.1342
49522,5,0.1550
49523,15,0.1582
49524,21,0.4508
49525,21,0.2309
49526,7,0.1996
49527,23,0.1675
49528,16,0.2613
49529,8,0.2974
49530,21,0.2231
49531,9,0.4094
49532,9,0.3906
49533,9,0.1778
49534,5,0.2294
49535,5,0.1402
49536,0,0.1142
49537,19,0.1151
49538,19,0.1468
49539,9,0.2771
49540,9,0.2229
49541,7,0.1810
49542,7,0.2451
49543,5,0.2118
49544,5,0.1442
49545,19,0.1955
49546,29,0.1123
49548,17,0.1434
49549,21,0.3232
49550,8,0.3054
49551,16,0.2486
49552,9,0.3007
49553,19,0.1418
49554,7,0.1318
49555,13,0.1356
49556,5,0.1220
49557,15,0.1686
49558,15,0.1655
49559,16,0.2418
49560,23,0.1853
49562,19,0.1349
49563,21,0.2180
49564,21,0.1963
49565,19,0.1425
49568,19,0.1834
49569,15,0.1513
49570,19,0.1414
49571,0,0.1386
49572,18,0.1082
49573,13,0.1327
49577,24,0.1027
49579,29,0.1905
49580,4,0.1142
49581,19,0.1217
49582,19,0.1649
49583,19,0.2275
49584,21,0.2425
49585,7,0.1469
49586,1,0.1852
49589,13,0.1191
49593,13,0.1090
49594,29,0.1614
49595,29,0.1287
49596,15,0.1766
49597,17,0.1146
49598,5,0.2556
49599,5,0.3885
49600,19,0.1462
49601,22,0.1607
49602,28,0.1521
49603,31,0.1386
49604,19,0.2079
49606,28,0.3050
49607,16,0.3104
49608,19,0.2175
49609,16,0.1246
49610,16,0.3047
49611,16,0.2033
49612,5,0.1998
49613,19,0.1337
49614,8,0.3012
49615,28,0.2636
49616,8,0.3749
49617,16,0.3710
49618,7,0.1822
49619,9,0.2426
49621,16,0.2183
49622,16,0.2542
49623,5,0.1295
49624,5,0.1083
49625,19,0.1805
49627,28,0.1866
49628,15,0.1289
49629,15,0.1965
49630,5,0.2046
49631,4,0.2874
49633,5,0.2014
49634,15,0.1393
49635,5,0.1058
49637,28,0.2344
49638,28,0.2012
49639,5,0.1300
49640,21,0.1361
49641,8,0.2074
49644,5,0.1898
49645,5,0.2382
49646,7,0.2039
49648,28,0.1197
49649,19,0.1469
49650,16,0.5574
49651,8,0.7520
49652,0,0.2105
49653,0,0.2382
49654,15,0.1461
49655,16,0.1210
49656,8,0.5156
49657,7,0.2003
49658,5,0.4361
49659,10,0.1114
49660,20,0.1199
49661,8,0.4186
49662,7,0.1340
49663,5,0.1359
49664,5,0.1641
49665,24,0.3577
49666,24,0.2333
49667,5,0.1410
49668,0,0.1377
49669,25,0.1226
49670,20,0.1718
49671,8,0.6279
49672,5,0.1526
49673,8,0.1336
49675,8,0.7581
49676,8,0.1839
49677,5,0.2056
49678,5,0.1965
49680,8,0.2608
49681,5,0.2038
49684,5,0.2009
49685,15,0.2179
49688,33,0.1618
49690,5,0.1104
49691,19,0.1387
49692,16,0.2244
49693,8,0.1807
49694,8,0.2683
49695,8,0.3875
49696,5,0.3895
49697,5,0.3511
49698,19,0.1099
49699,8,0.1683
49700,7,0.1964
49701,24,0.1582
49702,8,0.1868
49703,8,0.2588
49704,21,0.1440
49705,5,0.1108
49706,5,0.1613
49707,7,0.1301
49708,7,0.1087
49710,18,0.1486
49711,4,0.1997
49712,16,0.2335
49713,19,0.1911
49714,7,0.1559
49715,5,0.1794
49716,7,0.1463
49718,24,0.1045
49720,32,0.1100
49721,31,0.1196
49722,19,0.1381
49723,24,0.2792
49724,24,0.2227
49725,7,0.2662
49726,15,0.1125
49727,18,0.1502
49731,7,0.1398
49732,7,0.1278
49733,24,0.1652
49734,19,0.1747
49735,19,0.1623
49736,19,0.1610
49737,8,0.2047
49738,8,0.1839
49739,8,0.2485
49740,8,0.4869
49741,5,0.1695
49742,5,0.1190
49743,7,0.1443
49744,7,0.1272
49751,7,0.1360
49752,7,0.1778
49753,8,0.5089
49754,8,0.9184
49755,8,0.2148
49756,8,0.3519
49757,8,0.6642
49758,8,0.8400
49759,8,0.9495
49760,5,0.1415
49761,5,0.1557
49762,7,0.1153
49765,24,0.1033
49767,20,0.2083
49768,8,0.3941
49769,19,0.3518
49770,23,0.1568
49771,7,0.1971
49772,7,0.1260
49773,13,0.1112
49774,7,0.1040
49777,8,0.2704
49778,23,0.1940
49779,8,0.1963
49780,19,0.1722
49781,7,0.1639
49782,9,0.1893
49783,8,0.3147
49784,8,0.2092
49785,8,0.1573
49786,8,0.1749
49787,24,0.1522
49788,8,0.1603
49789,8,0.2219
49790,24,0.3256
49791,24,0.1748
49792,8,0.3811
49793,8,0.1835
49794,19,0.1178
49795,5,0.3438
49796,19,0.1672
49797,19,0.1661
49798,8,0.1395
49799,8,0.1977
49800,8,0.2179
49801,8,0.2124
49802,19,0.1215
49803,5,0.1042
49804,19,0.2432
49805,19,0.1689
49806,19,0.1910
49807,10,0.1688
49808,5,0.2011
49809,5,0.1573
49810,18,0.1756
49811,27,0.1189
49813,19,0.1698
49814,8,0.1976
49815,8,0.1036
49816,7,0.1140
49817,7,0.1232
49818,7,0.1178
49819,7,0.1116
49822,7,0.1092
49823,24,0.1060
49824,19,0.2437
49825,19,0.2245
49826,8,0.5204
49827,8,0.8109
49828,8,0.8501
49829,7,0.1898
49830,5,0.2032
49831,7,0.1277
49832,7,0.1290
49833,7,0.1179
49836,7,0.1035
49837,7,0.1251
49838,5,0.1166
49839,8,0.1472
49840,19,0.1561
49841,7,0.1385
49842,8,0.2792
49843,7,0.1444
49844,8,0.1532
49845,5,0.1577
49846,7,0.1181
49847,1,0.3675
49848,21,0.1495
49850,7,0.1331
49851,1,0.2494
49852,21,0.2480
49853,21,0.1399
49854,21,0.1638
49855,7,0.1568
49856,11,0.2250
49857,21,0.2392
49858,21,0.1438
49859,19,0.1608
49860,7,0.2537
49861,24,0.4466
49862,7,0.2658
49863,7,0.2321
49864,21,0.1758
49865,21,0.1829
49866,7,0.2124
49867,7,0.1887
49869,9,0.1091
49870,7,0.1648
49871,7,0.3237
49872,7,0.1683
49873,21,0.2077
49874,7,0.2607
49875,7,0.1891
49876,21,0.2509
49877,7,0.1962
49878,1,0.1362
49879,5,0.1063
49880,7,0.2054
49881,19,0.1329
49882,21,0.1651
49883,8,0.2989
49884,21,0.1965
49885,7,0.1664
49886,7,0.1917
49887,7,0.2600
49888,21,0.1876
49889,1,0.2439
49890,0,0.1319
49891,8,0.6088
49892,8,0.3472
49893,21,0.2238
49894,21,0.3076
49895,21,0.1643
49896,21,0.1871
49897,0,0.1366
49898,17,0.1172
49899,7,0.1853
49900,21,0.2099
49901,7,0.1546
49902,7,0.1629
49903,15,0.1790
49904,19,0.1326
49905,24,0.1308
49906,21,0.1575
49907,5,0.1626
49908,13,0.1204
49909,0,0.1169
49911,7,0.1484
49912,5,0.1265
49915,7,0.1581
49916,24,0.4774
49917,21,0.1695
49918,21,0.1633
49919,7,0.2100
49920,5,0.2385
49921,0,0.1606
49922,21,0.1899
49923,7,0.1478
49924,7,0.1527
49925,5,0.1397
49926,5,0.2064
49927,7,0.2752
49928,7,0.2293
49929,7,0.1308
49930,1,0.3257
49931,1,0.2332
49932,21,0.2115
49933,24,0.1990
49934,5,0.1427
49935,1,0.2128
49936,0,0.1392
49938,5,0.1618
49939,7,0.1910
49940,21,0.1348
49941,7,0.1718
49942,21,0.1097
49943,23,0.1451
49944,24,0.2029
49945,21,0.2071
49946,0,0.1755
49947,7,0.1570
49948,7,0.2036
49949,7,0.1114
49950,7,0.1381
49951,24,0.2585
49952,21,0.1669
49953,21,0.1259
49954,7,0.1442
49956,0,0.1082
49957,7,0.1766
49958,7,0.2527
49959,7,0.1923
49960,7,0.1712
49961,21,0.3045
49962,21,0.1835
49963,21,0.2273
49964,21,0.1491
49965,7,0.2571
49966,21,0.2163
49967,7,0.1769
49968,9,0.1616
49969,7,0.2565
49970,24,0.2160
49971,24,0.2780
49972,7,0.2313
49973,7,0.1639
49974,7,0.2031
49975,7,0.3222
49976,21,0.2809
49977,7,0.3068
49978,7,0.2074
49979,7,0.1872
49980,7,0.1660
49981,24,0.1851
49982,21,0.1926
49983,19,0.1932
49984,7,0.2040
49985,16,0.1621
49986,8,0.2994
49987,21,0.3556
49988,8,0.4291
49989,0,0.3682
49990,7,0.2484
49991,21,0.2370
49992,8,0.3036
49993,7,0.2067
49994,16,0.2480
49995,21,0.1765
49996,21,0.2760
49997,8,0.2214
49998,21,0.2614
49999,21,0.2275
50000,15,0.3063
50001,21,0.4022
50002,21,0.2392
50003,7,0.2129
50004,21,0.2540
50005,15,0.2874
50006,15,0.2431
50007,15,0.1637
50008,7,0.1647
50009,21,0.2138
50010,7,0.2438
50011,9,0.1902
50012,19,0.1408
50013,21,0.2887
50014,21,0.2189
50015,21,0.2453
50016,7,0.2197
50017,0,0.2680
50018,0,0.3076
50019,7,0.2364
50020,21,0.1727
50021,21,0.1284
50022,7,0.1617
50023,7,0.1551
50024,7,0.1487
50025,13,0.1612
50026,15,0.1646
50027,21,0.1902
50028,21,0.1988
50029,21,0.2031
50030,21,0.2296
50031,21,0.1925
50032,7,0.2470
50033,0,0.1640
50034,0,0.1590
50035,7,0.1264
50036,0,0.1715
50037,0,0.1674
50038,1,0.2028
50039,0,0.1413
50041,32,0.1221
50044,4,0.2666
50046,19,0.1079
50047,21,0.2257
50048,7,0.1769
50049,7,0.1722
50050,1,0.1481
50051,0,0.1115
50052,7,0.1198
50055,11,0.1115
50056,23,0.1162
50057,8,0.1649
50058,21,0.1403
50059,21,0.1227
50060,7,0.1243
50063,7,0.1377
50064,24,0.2622
50065,24,0.2303
50066,21,0.2519
50067,21,0.2659
50068,21,0.1952
50069,8,0.1918
50070,20,0.1540
50071,0,0.2420
50072,0,0.2719
50073,0,0.2554
50074,30,0.2056
50075,20,0.2387
50076,20,0.2182
50077,21,0.2709
50078,21,0.1679
50079,21,0.3331
50080,21,0.3199
50081,30,0.2583
50082,16,0.2890
50083,8,0.4600
50084,16,0.4355
50085,15,0.3277
50086,16,0.3452
50087,21,0.2063
50088,21,0.1568
50089,25,0.1772
50090,25,0.1326
50091,15,0.1064
50092,19,0.1388
50093,21,0.1519
50094,0,0.1514
50095,21,0.2039
50096,19,0.1631
50097,7,0.2203
50098,7,0.3705
50099,21,0.3069
50100,19,0.2240
50101,7,0.1539
50102,7,0.1524
50103,21,0.2166
50104,19,0.2181
50105,19,0.1554
50106,19,0.2189
50107,19,0.2052
50108,19,0.1665
50109,7,0.1272
50110,7,0.2368
50111,5,0.1628
50112,7,0.1185
50115,7,0.1462
50116,7,0.2022
50117,19,0.1315
50118,7,0.1550
50119,15,0.1365
50120,15,0.1235
50121,21,0.1881
50122,9,0.2059
50123,7,0.2194
50124,5,0.2377
50125,7,0.1578
50126,21,0.1489
50127,19,0.1845
50128,15,0.1875
50129,19,0.1929
50130,5,0.2439
50131,15,0.1381
50132,21,0.2611
50133,21,0.3127
50134,0,0.1939
50135,5,0.1506
50137,19,0.1933
50138,19,0.1497
50139,16,0.1818
50140,21,0.2089
50141,7,0.2296
50142,19,0.2018
50143,16,0.2580
50144,17,0.1121
50147,19,0.1567
50148,19,0.1473
50149,15,0.1770
50150,15,0.1178
50151,5,0.1623
50152,15,0.1302
50155,7,0.1467
50156,7,0.1563
50159,7,0.1605
50160,5,0.1752
50161,7,0.1191
50162,21,0.2531
50163,7,0.2228
50164,5,0.3054
50165,7,0.2134
50166,7,0.2568
50167,7,0.2951
50169,5,0.1842
50170,13,0.1688
50171,5,0.1546
50172,21,0.2240
50173,21,0.2154
50174,29,0.1271
50175,32,0.2131
50176,19,0.1078
50177,15,0.1545
50178,7,0.2128
50179,0,0.1760
50180,0,0.1027
50181,5,0.1441
50182,5,0.1836
50183,7,0.1578
50184,7,0.2122
50185,19,0.1358
50186,11,0.2595
50187,7,0.1942
50188,7,0.2120
50189,7,0.2239
50190,16,0.1576
50191,8,0.3959
50192,8,0.2941
50193,19,0.2126
50194,8,0.6995
50195,8,0.7928
50196,7,0.2004
50197,21,0.2904
50198,19,0.2639
50199,5,0.1653
50200,5,0.1407
50201,1,0.1471
50202,7,0.1360
50203,21,0.2267
50204,11,0.1697
50205,11,0.1836
50206,19,0.1594
50207,15,0.1472
50208,21,0.2239
50209,8,0.3661
50210,8,0.2078
50211,5,0.1567
50212,19,0.1383
50213,19,0.2212
50214,19,0.1802
50215,15,0.1849
50216,21,0.1904
50217,21,0.1717
50218,5,0.1393
50219,15,0.1242
50220,5,0.1691
50221,7,0.1359
50222,7,0.2107
50223,7,0.1663
50225,21,0.1687
50226,7,0.1549
50227,7,0.2103
50228,7,0.3009
50229,7,0.3472
50230,21,0.2704
50231,15,0.2313
50232,7,0.2815
50233,19,0.1686
50234,19,0.2828
50235,7,0.2156
50236,16,0.1718
50237,16,0.3039
50238,5,0.2220
50239,9,0.3254
50240,16,0.1581
50241,7,0.1325
50242,0,0.2077
50243,21,0.2425
50244,7,0.1204
50245,7,0.1935
50246,5,0.1623
50247,7,0.1821
50248,7,0.2241
50249,11,0.2669
50250,15,0.1996
50251,15,0.2343
50252,21,0.1820
50253,21,0.1635
50254,5,0.1977
50255,8,0.2664
50256,5,0.1785
50257,5,0.2308
50258,7,0.1837
50259,19,0.1772
50260,0,0.2317
50261,7,0.2046
50262,21,0.2152
50263,0,0.1845
50264,7,0.1753
50265,5,0.2246
50266,5,0.1525
50267,7,0.1731
50268,7,0.1258
50269,7,0.1222
50270,29,0.1484
50271,29,0.1098
50272,16,0.1380
50273,24,0.2096
50274,15,0.1849
50275,7,0.2557
50276,21,0.2246
50277,24,0.2541
50278,21,0.1894
50279,21,0.1957
50280,5,0.1112
50281,0,0.1309
50282,5,0.1061
50283,7,0.1066
50284,1,0.3656
50285,0,0.1868
50286,0,0.1443
50287,0,0.1071
50288,0,0.1178
50289,0,0.1918
50290,15,0.1506
50291,21,0.2911
50292,21,0.2055
50293,5,0.2446
50294,13,0.1377
50295,15,0.1600
50296,7,0.1160
50297,1,0.1078
50298,5,0.2058
50299,13,0.1667
50300,15,0.1429
50301,19,0.1687
50302,15,0.1306
50303,13,0.1454
50304,5,0.1284
50305,7,0.1241
50306,7,0.1230
50308,7,0.1251
50309,5,0.1483
50310,21,0.1897
50311,19,0.1465
50312,21,0.1473
50313,8,0.1221
50314,16,0.1732
50315,11,0.2057
50316,15,0.1524
50317,19,0.1278
50318,25,0.1882
50319,16,0.1474
50320,16,0.1411
50321,21,0.1547
50322,21,0.2342
50323,0,0.2006
50325,25,0.1081
50326,1,0.1378
50327,8,0.3556
50328,8,0.3782
50329,21,0.2953
50330,0,0.1128
50331,0,0.2139
50332,16,0.4797
50333,16,0.4018
50334,16,0.2039
50335,16,0.1877
50336,0,0.1060
50337,24,0.2207
50338,7,0.3068
50339,7,0.2764
50340,21,0.1585
50341,19,0.2349
50342,7,0.3029
50343,24,0.4397
50344,21,0.2545
50345,21,0.1778
50346,21,0.2166
50347,7,0.2030
50348,7,0.2840
50349,21,0.2517
50350,21,0.2990
50351,21,0.2972
50352,21,0.1863
50353,15,0.1785
50354,15,0.3907
50355,15,0.1679
50356,7,0.1767
50357,21,0.1873
50358,0,0.4811
50359,0,0.3448
50360,31,0.1178
50361,0,0.3673
50362,0,0.1797
50363,21,0.1303
50364,11,0.1144
50365,1,0.3314
50366,0,0.2435
50367,0,0.2238
50369,8,0.2223
50370,0,0.1278
50371,0,0.3151
50372,1,0.1704
50373,1,0.4155
50374,21,0.1232
50375,7,0.2603
50376,7,0.1747
50377,7,0.1812
50378,21,0.1308
50379,15,0.1356
50380,1,0.3463
50381,0,0.2145
50382,29,0.1333
50383,32,0.1911
50384,21,0.1426
50385,7,0.1699
50386,0,0.2681
50387,0,0.2487
50388,0,0.1840
50389,0,0.1913
50390,21,0.1405
50391,7,0.2204
50392,7,0.2769
50393,7,0.2718
50394,24,0.2797
50395,21,0.1287
50396,1,0.4942
50397,1,0.3280
50398,29,0.1734
50399,32,0.1773
50400,7,0.1762
50401,7,0.1982
50402,29,0.2075
50403,0,0.1527
50404,1,0.3302
50405,1,0.1996
50406,21,0.2062
50407,7,0.2536
50408,1,0.3372
50409,1,0.5637
50410,5,0.1126
50411,29,0.1483
50412,32,0.1075
50413,21,0.1470
50414,7,0.2401
50415,0,0.1239
50417,11,0.2822
50418,11,0.3387
50419,21,0.2076
50420,21,0.2428
50421,24,0.2940
50422,21,0.3745
50423,21,0.3018
50424,7,0.2328
50425,21,0.2211
50426,21,0.1902
50427,1,0.2177
50428,1,0.3901
50429,13,0.1282
50430,0,0.1114
50431,5,0.1239
50432,7,0.1891
50434,30,0.1126
50435,7,0.2938
50436,21,0.2265
50437,19,0.1397
50438,21,0.2650
50439,21,0.2788
50440,7,0.3478
50441,7,0.2337
50442,21,0.1784
50443,13,0.1720
50444,13,0.2263
50445,31,0.1145
50446,24,0.2001
50447,21,0.1324
50448,16,0.1757
50449,7,0.2492
50450,15,0.1031
50451,32,0.1518
50452,21,0.1574
50453,11,0.1710
50454,19,0.1114
50455,24,0.3584
50456,30,0.1688
50457,20,0.2452
50458,21,0.2333
50459,21,0.2254
50460,7,0.2415
50461,24,0.1816
50462,7,0.1825
50463,7,0.1482
50464,7,0.2637
50465,7,0.2434
50466,7,0.2132
50467,19,0.1647
50468,24,0.4136
50469,21,0.2687
50470,20,0.2469
50471,24,0.1974
50472,24,0.1589
50473,21,0.3671
50474,21,0.3255
50475,19,0.1451
50476,8,0.3294
50477,21,0.3658
50478,21,0.2702
50479,7,0.1433
50480,21,0.1512
50481,21,0.2132
50482,24,0.1917
50483,24,0.1454
50484,15,0.2153
50485,7,0.3147
50486,7,0.2467
50487,21,0.1564
50488,7,0.2758
50489,23,0.1875
50490,8,0.1245
50491,15,0.1259
50492,21,0.1972
50493,20,0.1660
50494,21,0.2516
50495,21,0.2288
50496,21,0.3071
50497,15,0.1207
50498,15,0.1394
50499,7,0.1443
50500,5,0.1810
50501,7,0.1934
50502,24,0.1122
50503,24,0.3315
50504,19,0.1246
50505,15,0.2022
50506,15,0.2680
50507,21,0.1936
50508,24,0.3179
50509,7,0.3208
50510,7,0.2492
50511,11,0.3052
50512,30,0.1517
50513,30,0.1946
50514,30,0.1554
50515,7,0.1998
50516,19,0.1301
50517,7,0.1859
50518,21,0.1887
50519,21,0.2380
50520,15,0.2095
50521,24,0.1877
50522,21,0.1657
50523,30,0.1839
50524,21,0.1259
50525,7,0.1973
50526,21,0.2169
50527,21,0.1679
50528,7,0.1856
50529,7,0.3152
50530,21,0.2424
50531,24,0.1942
50532,24,0.3480
50533,24,0.2096
50536,7,0.1177
50537,7,0.1140
50538,7,0.1028
50540,24,0.1121
50541,24,0.1190
50542,24,0.1064
50544,24,0.1173
50546,24,0.1077
50547,7,0.1607
50548,7,0.2968
50549,7,0.2771
50550,7,0.1911
50551,24,0.2588
50552,7,0.2713
50553,7,0.2483
50554,7,0.1702
50555,7,0.1587
50556,7,0.1966
50557,7,0.1953
50558,7,0.1762
50559,7,0.2516
50560,7,0.2275
50561,7,0.1999
50562,7,0.1781
50563,7,0.2517
50564,7,0.2738
50565,7,0.1110
50566,0,0.1794
50567,21,0.3910
50568,21,0.2958
50569,21,0.2064
50570,21,0.3930
50571,21,0.3178
50572,21,0.2201
50573,24,0.3236
50574,21,0.3623
50575,7,0.2874
50576,7,0.3206
50577,7,0.2166
50578,21,0.3171
50579,21,0.2612
50580,7,0.2617
50581,7,0.3529
50582,7,0.2570
50583,7,0.2374
50584,7,0.2387
50585,7,0.2848
50586,7,0.2861
50587,21,0.3155
50588,21,0.4301
50589,7,0.2296
50590,5,0.3476
50591,19,0.1926
50592,24,0.2741
50593,21,0.2964
50594,21,0.1784
50595,7,0.2164
50596,7,0.2679
50597,19,0.2571
50598,19,0.1897
50599,7,0.2123
50600,21,0.2411
50601,21,0.2693
50602,15,0.2696
50603,7,0.3377
50604,7,0.2573
50605,7,0.2744
50606,21,0.2181
50607,21,0.2396
50608,0,0.2409
50609,0,0.2202
50610,0,0.1376
50611,0,0.2904
50612,13,0.1980
50613,19,0.1518
50614,7,0.1608
50615,0,0.1503
50617,16,0.1291
50619,7,0.2172
50620,19,0.1156
50621,0,0.2632
50622,0,0.2401
50623,1,0.2900
50624,19,0.1718
50625,19,0.1572
50626,5,0.1847
50627,7,0.2406
50628,21,0.2556
50629,15,0.1118
50630,17,0.1510
50631,13,0.1331
50632,0,0.1830
50634,19,0.1863
50635,19,0.1510
50636,0,0.3306
50637,0,0.1184
50638,1,0.2877
50639,1,0.3984
50641,5,0.1412
50642,5,0.1447
50643,21,0.2095
50644,24,0.3901
50645,21,0.3328
50646,15,0.2026
50647,13,0.1918
50648,13,0.1671
50649,32,0.1329
50650,5,0.1535
50651,19,0.2344
50653,32,0.1505
50654,32,0.2198
50655,1,0.1599
50656,7,0.1676
50657,7,0.1921
50658,19,0.1893
50659,19,0.1413
50660,7,0.1818
50661,5,0.1223
50662,5,0.1471
50663,19,0.1729
50664,7,0.2117
50665,32,0.1939
50666,17,0.1124
50667,0,0.1635
50668,0,0.3250
50669,11,0.1496
50670,7,0.1864
50671,19,0.1464
50672,8,0.2963
50673,21,0.2477
50674,7,0.2747
50675,21,0.1963
50676,7,0.2085
50677,7,0.1337
50678,0,0.2160
50679,13,0.1205
50680,13,0.1603
50681,5,0.2322
50682,19,0.1848
50683,7,0.2298
50684,19,0.2037
50685,19,0.2329
50686,19,0.1141
50687,19,0.1306
50688,7,0.2149
50689,7,0.2150
50690,7,0.2603
50691,7,0.1846
50692,7,0.2027
50693,7,0.2321
50694,15,0.1996
50695,15,0.1439
50696,0,0.2364
50697,0,0.1830
50698,19,0.1841
50699,19,0.1965
50700,0,0.1244
50701,13,0.1655
50702,32,0.1844
50703,31,0.1825
50704,7,0.3100
50705,21,0.2079
50706,7,0.2156
50707,7,0.2244
50708,5,0.1538
50709,5,0.1905
50710,7,0.1423
50713,21,0.1975
50714,21,0.1973
50715,15,0.1457
50716,16,0.1488
50717,8,0.1441
50718,7,0.2291
50719,20,0.2329
50720,16,0.2344
50721,7,0.1803
50722,7,0.1665
50723,7,0.2290
50724,7,0.1842
50725,7,0.1565
50727,7,0.1129
50728,7,0.1620
50729,24,0.1894
50730,20,0.1196
50731,16,0.1338
50732,19,0.1935
50733,19,0.1729
50734,21,0.1240
50735,21,0.1359
50736,7,0.1768
50737,24,0.1528
50738,28,0.1779
50739,22,0.1738
50740,8,0.4612
50741,21,0.1805
50742,5,0.2254
50745,19,0.1134
50747,15,0.1249
50748,7,0.1446
50749,21,0.1816
50750,8,0.3310
50751,15,0.1436
50752,7,0.2104
50753,19,0.1485
50754,19,0.1943
50755,7,0.2297
50756,5,0.3036
50757,15,0.1405
50758,7,0.2942
50759,19,0.1682
50760,7,0.3095
50761,21,0.2598
50762,7,0.2156
50763,21,0.1393
50764,21,0.2897
50765,7,0.2660
50766,7,0.1547
50767,1,0.2548
50768,1,0.2056
50769,21,0.1817
50770,7,0.1973
50771,21,0.2751
50772,21,0.2396
50773,21,0.2688
50774,21,0.3407
50775,7,0.2663
50776,8,0.2228
50777,16,0.1307
50778,21,0.1675
50779,7,0.2123
50780,7,0.1531
50781,7,0.1607
50782,7,0.1684
50783,7,0.1557
50784,7,0.1882
50785,21,0.1431
50786,7,0.1770
50787,8,0.1175
50788,8,0.2254
50789,8,0.1687
50790,8,0.3553
50791,8,0.4106
50792,8,0.4268
50793,21,0.1323
50794,19,0.3697
50795,23,0.1534
50796,19,0.1696
50799,7,0.1783
50800,21,0.1473
50801,21,0.1660
50802,7,0.1759
50803,5,0.1923
50804,7,0.1839
50805,5,0.1561
50806,5,0.1238
50807,7,0.1450
50808,5,0.1232
50809,5,0.2460
50810,5,0.2119
50811,7,0.1319
50812,7,0.1668
50813,7,0.2250
50814,7,0.1536
50815,19,0.1164
50816,22,0.1260
50817,7,0.2508
50818,21,0.3094
50819,21,0.3339
50820,21,0.4182
50821,21,0.2148
50822,8,0.1532
50823,21,0.2240
50824,7,0.2412
50825,7,0.2138
50826,7,0.1717
50827,7,0.1771
50828,15,0.2349
50829,7,0.2829
50830,5,0.2166
50831,5,0.1125
50832,32,0.1032
50834,7,0.1088
50835,7,0.1890
50836,7,0.1197
50837,7,0.2108
50838,7,0.2996
50839,7,0.3142
50841,21,0.1684
50842,21,0.2875
50843,21,0.1996
50844,21,0.1972
50845,21,0.1975
50846,8,0.2460
50847,21,0.1393
50848,7,0.1477
50849,21,0.2553
50850,21,0.4713
50851,21,0.1978
50852,15,0.1787
50853,15,0.3103
50854,7,0.1288
50855,7,0.2490
50856,0,0.2057
50857,21,0.2412
50858,7,0.1855
50859,7,0.1643
50860,16,0.2905
50861,0,0.2973
50862,21,0.1977
50863,7,0.1545
50864,7,0.1563
50865,24,0.1420
50866,19,0.2118
50867,19,0.1874
50868,8,0.1284
50869,0,0.1636
50871,7,0.1418
50874,8,0.1500
50876,21,0.1053
50877,21,0.1148
50878,21,0.1302
50880,5,0.2562
50881,19,0.2265
50882,10,0.1816
50883,7,0.1364
50884,5,0.1539
50885,7,0.1377
50886,24,0.1201
50887,23,0.2117
50888,23,0.2199
50889,7,0.1316
50890,21,0.1479
50891,21,0.1586
50892,7,0.1483
50893,21,0.1527
50894,21,0.1690
50895,21,0.1564
50896,7,0.1051
50897,7,0.1261
50898,7,0.1857
50899,7,0.1949
50900,7,0.3436
50901,7,0.1793
50902,21,0.1239
50903,7,0.1737
50904,7,0.1901
50905,7,0.1328
50906,21,0.1382
50907,21,0.3949
50908,21,0.2382
50909,7,0.1496
50910,5,0.1729
50911,5,0.1695
50912,21,0.1097
50914,1,0.2050
50915,5,0.1151
50916,15,0.1359
50917,21,0.3181
50918,7,0.3506
50919,7,0.1482
50920,15,0.2226
50921,24,0.2350
50922,5,0.1187
50923,9,0.1551
50924,7,0.1296
50925,1,0.1051
50926,1,0.1203
50927,7,0.1563
50929,21,0.2610
50930,21,0.1950
50931,19,0.2126
50932,15,0.1536
50933,21,0.1226
50934,8,0.5712
50935,8,0.4642
50936,21,0.1938
50937,19,0.1683
50938,19,0.1549
50939,7,0.1132
50940,19,0.2126
50941,19,0.1654
50942,24,0.2891
50943,21,0.4778
50944,7,0.2166
50945,21,0.2762
50946,21,0.3112
50947,21,0.2577
50948,21,0.2827
50949,19,0.2233
50950,24,0.1612
50951,10,0.1649
50952,19,0.1692
50953,5,0.1948
50954,7,0.1446
50955,21,0.2244
50956,15,0.2225
50957,7,0.2101
50958,24,0.1971
50959,15,0.1993
50960,15,0.1340
50961,21,0.2442
50962,21,0.2138
50963,21,0.2625
50964,24,0.1641
50965,21,0.3304
50966,21,0.2385
50967,7,0.1415
50968,21,0.2643
50969,0,0.2510
50970,21,0.2155
50971,7,0.1877
50972,7,0.1521
50973,7,0.2108
50974,15,0.2179
50975,21,0.3355
50976,21,0.2315
50977,24,0.2847
50978,8,0.3055
50979,21,0.2083
50980,15,0.2607
50981,7,0.2007
50982,21,0.2470
50983,23,0.1607
50984,19,0.2751
50985,24,0.2215
50986,19,0.1655
50987,8,0.1431
50988,7,0.1664
50989,21,0.2572
50990,21,0.2822
50991,7,0.1087
50992,13,0.1124
50993,7,0.1482
50994,7,0.1891
50995,7,0.2245
50996,7,0.1500
50997,19,0.1130
50998,11,0.3325
50999,11,0.3620
51000,7,0.1538
51002,0,0.1233
51003,5,0.1786
51004,24,0.1176
51005,21,0.1321
51006,7,0.1911
51007,7,0.1229
51008,19,0.1471
51009,21,0.1587
51010,21,0.1565
51011,21,0.2425
51012,21,0.2223
51013,8,0.1257
51014,21,0.1636
51015,5,0.2740
51016,5,0.1445
51017,7,0.2500
51018,21,0.2275
51019,21,0.1283
51021,7,0.1325
51022,21,0.1471
51023,21,0.1339
51024,21,0.1247
51025,15,0.1437
51026,7,0.1992
51027,15,0.1122
51028,15,0.1295
51029,7,0.1483
51030,0,0.1375
51031,7,0.1031
51032,7,0.1380
51033,21,0.1695
51034,7,0.1497
51035,29,0.1042
51037,7,0.1708
51038,16,0.2578
51039,16,0.1353
51040,7,0.1876
51041,21,0.1637
51042,21,0.1168
51043,0,0.1847
51044,15,0.1876
51045,21,0.1715
51046,25,0.1063
51047,5,0.1863
51048,0,0.1593
51049,5,0.1271
51050,15,0.1638
51051,21,0.2009
51052,5,0.1099
51053,0,0.2341
51055,1,0.1150
51056,11,0.1215
51057,18,0.1092
51058,15,0.1384
51059,5,0.2134
51060,0,0.1621
51061,11,0.1322
51062,7,0.1066
51063,21,0.1383
51064,7,0.1628
51065,0,0.2834
51066,1,0.3028
51068,0,0.2812
51069,11,0.2032
51070,29,0.1406
51071,29,0.1378
51073,8,0.3310
51074,28,0.1601
51076,7,0.1456
51077,0,0.1035
51079,7,0.1057
51080,1,0.2121
51081,11,0.3403
51084,5,0.1805
51085,1,0.2830
51086,11,0.3036
51087,7,0.1665
51088,7,0.1561
51089,7,0.1360
51090,7,0.1061
51091,21,0.1372
51092,21,0.1932
51093,21,0.1391
51094,21,0.1056
51095,0,0.2047
51096,7,0.1524
51097,21,0.1123
51098,21,0.1565
51100,5,0.1227
51101,7,0.1079
51102,25,0.1085
51103,15,0.1152
51104,21,0.1673
51105,15,0.2149
51106,21,0.1515
51107,15,0.1118
51108,5,0.1784
51109,11,0.2085
51110,0,0.1025
51111,0,0.1595
51112,0,0.1762
51113,24,0.1309
51114,16,0.1094
51115,16,0.1135
51117,11,0.1621
51118,21,0.1577
51119,0,0.3062
51120,11,0.1258
51121,8,0.2732
51122,0,0.1655
51123,5,0.1800
51124,5,0.1116
51125,0,0.1631
51126,28,0.2386
51128,5,0.1849
51129,0,0.2098
51130,25,0.1689
51131,16,0.1255
51132,4,0.2761
51135,1,0.1656
51136,0,0.1583
51137,31,0.1083
51138,5,0.1459
51140,29,0.1133
51141,11,0.1546
51142,11,0.2669
51143,24,0.1455
51144,0,0.1337
51145,5,0.1169
51146,0,0.2730
51147,0,0.2757
51149,24,0.1128
51151,1,0.2621
51152,25,0.1698
51153,29,0.1347
51154,13,0.1136
51155,24,0.1161
51156,13,0.1084
51157,15,0.1939
51158,15,0.1910
51160,21,0.1372
51161,7,0.1589
51162,15,0.2539
51164,16,0.6684
51165,8,0.5812
51166,15,0.2084
51167,15,0.1429
51168,0,0.1439
51169,21,0.1902
51170,7,0.2714
51171,19,0.1559
51172,8,0.3338
51173,21,0.1614
51174,0,0.1140
51175,16,0.1787
51176,21,0.1812
51177,7,0.2076
51178,13,0.1677
51179,21,0.2557
51180,21,0.2014
51181,5,0.1785
51182,5,0.1125
51183,12,0.1404
51185,5,0.1356
51186,7,0.1588
51187,7,0.1380
51188,5,0.1232
51189,7,0.1172
51191,5,0.1251
51192,7,0.1507
51195,5,0.1099
51198,5,0.1416
51199,7,0.1380
51200,7,0.1082
51201,7,0.1221
51202,1,0.1531
51203,19,0.1442
51205,21,0.1737
51206,6,0.1297
51208,5,0.1276
51209,5,0.1625
51210,5,0.1210
51211,5,0.1743
51212,7,0.1050
51213,7,0.1362
51214,7,0.1241
51215,7,0.1288
51216,7,0.1290
51217,7,0.1268
51218,7,0.2490
51219,7,0.3791
51220,7,0.1732
51221,19,0.1260
51222,5,0.2442
51223,7,0.2875
51224,7,0.1987
51225,21,0.1789
51226,15,0.2360
51227,15,0.2081
51228,7,0.1823
51229,19,0.1367
51230,19,0.1844
51231,19,0.1770
51232,5,0.1697
51233,5,0.1966
51234,5,0.1720
51235,7,0.1323
51236,21,0.2814
51237,7,0.3069
51238,7,0.1483
51239,7,0.2117
51240,7,0.2123
51241,7,0.1990
51242,5,0.2177
51243,7,0.1926
51244,5,0.1821
51245,21,0.1158
51246,19,0.1046
51249,7,0.1883
51250,15,0.1537
51251,15,0.1786
51252,7,0.2367
51253,13,0.1391
51254,7,0.1557
51255,7,0.1813
51256,21,0.1984
51257,15,0.2562
51258,7,0.1719
51259,7,0.2242
51260,7,0.1905
51261,7,0.1457
51263,13,0.1195
51264,16,0.2437
51265,16,0.3021
51266,7,0.1856
51267,21,0.1524
51268,21,0.1679
51269,7,0.2091
51270,7,0.3015
51271,19,0.1506
51272,5,0.1843
51273,7,0.1931
51274,21,0.2094
51275,7,0.2184
51276,7,0.1847
51277,15,0.2280
51278,15,0.1683
51279,7,0.2570
51280,16,0.1531
51281,8,0.2804
51282,7,0.2267
51283,7,0.1569
51284,21,0.2209
51285,21,0.3186
51286,7,0.1939
51287,21,0.1448
51288,15,0.1916
51289,15,0.1709
51290,5,0.1895
51291,5,0.2345
51292,7,0.1983
51293,7,0.1903
51294,7,0.3205
51295,7,0.2736
51296,11,0.1855
51297,13,0.1679
51298,21,0.1353
51299,7,0.2250
51300,7,0.2143
51301,15,0.1635
51302,7,0.1531
51303,7,0.1486
51304,7,0.1574
51305,7,0.1603
51306,7,0.1768
51307,7,0.2941
51308,15,0.1891
51309,15,0.1195
51310,7,0.1536
51311,5,0.1742
51312,15,0.2191
51313,7,0.2737
51314,5,0.2028
51315,5,0.1526
51316,7,0.1318
51317,21,0.1475
51318,7,0.1950
51319,15,0.1198
51320,21,0.1486
51321,5,0.1464
51322,5,0.1817
51323,7,0.1340
51324,11,0.1446
51326,5,0.1484
51327,15,0.1498
51328,15,0.1278
51329,7,0.1166
51330,1,0.1959
51331,5,0.1151
51332,0,0.1912
51333,0,0.2126
51334,7,0.2115
51335,19,0.1530
51336,7,0.1764
51337,7,0.1443
51338,0,0.1636
51339,0,0.2065
51340,5,0.1602
51341,0,0.1671
51342,11,0.1320
51343,7,0.1138
51344,7,0.2072
51345,11,0.1308
51346,0,0.1802
51347,0,0.2381
51348,21,0.1604
51349,7,0.1914
51350,5,0.2590
51351,7,0.2330
51352,7,0.1572
51354,23,0.1142
51355,8,0.2504
51356,19,0.1550
51357,11,0.2125
51358,7,0.1609
51359,15,0.1595
51360,15,0.1487
51361,7,0.1246
51362,0,0.2360
51363,15,0.1156
51364,15,0.1400
51366,21,0.1532
51367,15,0.1819
51368,15,0.1520
51369,7,0.1705
51370,11,0.1407
51371,0,0.1351
51372,0,0.1316
51373,5,0.1535
51374,11,0.1306
51375,15,0.1287
51376,5,0.1268
51377,5,0.1637
51378,29,0.1444
51379,5,0.1448
51380,5,0.2026
51381,7,0.1478
51382,1,0.1154
51383,25,0.1276
51384,0,0.1347
51385,11,0.2493
51386,5,0.1185
51387,11,0.2874
51388,11,0.2496
51389,13,0.1120
51390,15,0.1237
51391,15,0.1103
51392,0,0.1455
51393,0,0.2163
51394,21,0.1372
51395,21,0.1879
51396,5,0.1915
51397,13,0.1403
51398,13,0.1340
51399,11,0.3182
51400,0,0.1813
51401,21,0.1761
51402,11,0.1877
51403,7,0.1418
51404,1,0.1353
51405,5,0.1107
51406,5,0.1533
51407,7,0.1435
51408,7,0.1600
51409,7,0.1716
51410,7,0.1819
51411,11,0.1633
51412,0,0.1243
51413,8,0.1343
51414,0,0.1890
51415,7,0.1810
51417,13,0.1096
51418,7,0.1648
51419,11,0.1344
51420,13,0.1313
51421,11,0.1781
51422,15,0.1342
51423,15,0.1255
51424,13,0.1493
51426,8,0.1456
51427,7,0.1871
51428,7,0.2348
51429,5,0.1763
51430,1,0.1833
51431,11,0.1776
51433,5,0.1680
51434,7,0.1780
51435,1,0.1365
51436,1,0.2242
51437,5,0.1407
51438,7,0.2554
51439,7,0.2318
51440,16,0.2348
51441,0,0.2490
51442,15,0.1117
51443,25,0.1673
51444,25,0.2139
51445,11,0.4593
51446,11,0.2969
51447,15,0.1407
51448,0,0.3124
51449,16,0.2043
51450,15,0.1699
51451,7,0.1737
51452,5,0.1515
51453,1,0.1741
51454,25,0.2066
51455,25,0.2226
51456,0,0.1625
51457,13,0.1535
51458,0,0.1507
51459,25,0.1696
51460,25,0.1964
51461,11,0.2486
51462,5,0.1030
51463,0,0.3091
51464,25,0.1395
51465,11,0.2904
51466,1,0.3010
51467,5,0.1195
51468,7,0.1032
51469,15,0.1089
51470,11,0.1863
51471,25,0.2263
51472,15,0.1683
51473,18,0.1077
51474,24,0.1120
51475,6,0.1379
51476,5,0.1551
51477,5,0.3333
51478,8,0.5873
51479,0,0.3170
51481,0,0.1147
51482,5,0.1363
51483,8,0.4095
51484,16,0.1437
51485,19,0.1853
51486,19,0.1561
51487,19,0.1671
51488,9,0.1518
51489,5,0.2085
51490,19,0.1270
51491,5,0.1930
51492,5,0.3165
51493,5,0.1855
51494,5,0.2447
51495,8,0.1621
51496,28,0.1684
51497,23,0.1490
51498,23,0.1263
51499,19,0.1252
51500,0,0.1310
51501,15,0.2104
51502,21,0.2299
51503,19,0.1537
51504,5,0.1061
51505,19,0.1337
51506,5,0.2033
51507,19,0.1657
51508,19,0.1100
51509,5,0.2928
51510,19,0.1695
51511,19,0.2939
51512,5,0.1542
51513,7,0.2120
51514,5,0.2258
51515,19,0.1819
51516,19,0.2211
51517,21,0.1740
51518,7,0.1739
51519,19,0.1733
51520,19,0.1238
51522,0,0.1639
51523,12,0.1915
51526,16,0.1141
51527,19,0.1104
51528,5,0.2580
51529,7,0.2246
51530,5,0.1218
51531,5,0.1074
51532,21,0.3126
51533,21,0.2515
51534,5,0.1586
51535,5,0.1616
51536,19,0.2145
51537,19,0.1256
51538,5,0.1251
51540,5,0.1614
51541,5,0.1882
51542,5,0.1438
51544,9,0.2259
51545,9,0.1350
51546,19,0.1043
51547,23,0.1917
51548,19,0.1349
51549,7,0.1722
51550,9,0.1463
51551,8,0.1762
51552,8,0.2487
51553,8,0.7603
51554,8,0.5363
51555,8,0.3046
51556,16,0.1736
51557,16,0.4378
51558,16,0.5057
51559,8,0.4035
51560,8,0.6969
51561,8,0.8642
51562,8,0.2456
51563,16,0.3791
51564,8,0.4592
51565,16,0.2803
51566,23,0.1810
51567,23,0.1653
51568,23,0.1545
51569,16,0.2325
51570,23,0.1869
51571,8,0.1994
51572,5,0.1284
51573,5,0.2579
51574,5,0.2631
51577,5,0.1199
51581,5,0.1345
51582,5,0.2358
51585,12,0.1109
51586,16,0.1428
51587,19,0.1558
51588,5,0.2650
51589,5,0.2211
51590,18,0.1308
51591,5,0.2881
51592,19,0.2102
51593,19,0.1590
51594,5,0.2341
51595,5,0.2741
51596,5,0.1836
51597,5,0.2097
51598,5,0.1176
51599,5,0.1209
51600,5,0.3312
51601,9,0.1557
51602,5,0.1727
51603,5,0.1229
51604,5,0.2381
51605,5,0.1503
51606,5,0.3943
51607,5,0.2043
51608,5,0.2227
51609,6,0.1089
51610,23,0.1772
51611,5,0.1302
51612,9,0.1872
51613,9,0.2825
51614,9,0.1218
51616,5,0.2298
51617,9,0.1141
51619,7,0.2239
51620,8,0.3114
51621,8,0.3724
51622,5,0.2503
51623,5,0.2193
51624,5,0.2352
51625,5,0.2770
51626,4,0.2098
51627,5,0.2622
51628,5,0.1761
51629,7,0.2011
51630,15,0.3461
51631,15,0.3360
51632,5,0.4260
51633,9,0.2138
51634,9,0.1564
51635,19,0.1214
51636,8,0.1788
51637,5,0.1778
51638,5,0.2760
51639,5,0.2283
51640,5,0.1137
51641,5,0.1874
51642,5,0.2626
51643,5,0.1759
51644,9,0.1330
51645,5,0.1810
51646,6,0.1234
51647,5,0.2662
51648,5,0.1781
51649,4,0.1736
51650,23,0.1248
51651,19,0.1337
51652,5,0.1379
51655,5,0.1933
51656,5,0.1558
51657,5,0.1139
51658,5,0.1777
51659,5,0.1326
51660,5,0.2396
51661,5,0.1776
51662,5,0.2510
51665,12,0.1133
51666,2,0.1921
51667,5,0.1875
51668,12,0.1336
51669,5,0.2743
51670,8,0.1852
51671,19,0.1172
51672,5,0.2196
51673,9,0.1202
51674,9,0.2917
51675,1,0.1804
51676,1,0.1276
51677,5,0.2539
51678,5,0.1934
51679,5,0.1248
51681,12,0.1781
51682,5,0.2270
51684,5,0.1539
51685,5,0.3030
51686,5,0.2416
51687,5,0.2033
51688,5,0.3372
51689,5,0.3441
51690,5,0.1367
51691,5,0.1508
51692,5,0.2158
51693,5,0.3966
51694,5,0.1742
51695,23,0.1337
51696,5,0.1265
51697,5,0.1770
51698,5,0.1866
51699,5,0.1085
51700,5,0.1711
51701,9,0.2009
51702,9,0.1575
51703,5,0.1527
51704,5,0.2104
51705,5,0.2776
51706,5,0.2222
51707,5,0.1774
51708,5,0.1119
51709,24,0.1060
51711,7,0.1373
51712,7,0.1735
51713,7,0.2088
51714,21,0.1607
51715,8,0.1946
51716,7,0.1521
51717,21,0.2341
51718,19,0.1860
51719,19,0.1587
51720,19,0.2290
51721,7,0.2334
51722,7,0.2639
51723,7,0.2477
51724,9,0.2616
51725,8,0.2476
51726,8,0.2703
51727,5,0.2101
51729,7,0.2112
51730,5,0.2398
51731,19,0.1766
51732,19,0.2706
51733,19,0.1863
51734,19,0.1739
51735,19,0.1666
51736,19,0.1947
51737,19,0.2018
51738,19,0.1976
51739,19,0.2784
51740,19,0.2300
51741,19,0.2219
51742,21,0.1584
51743,24,0.1218
51744,7,0.2905
51745,7,0.2717
51746,19,0.2017
51747,19,0.1751
51748,19,0.1977
51749,19,0.2120
51750,16,0.2290
51751,16,0.1688
51752,19,0.1625
51753,8,0.3256
51754,7,0.2045
51755,19,0.1399
51756,19,0.1928
51758,19,0.1043
51759,19,0.1344
51760,8,0.2856
51761,16,0.1790
51762,7,0.2148
51763,7,0.1755
51764,15,0.2225
51765,21,0.2070
51766,8,0.1036
51767,0,0.1327
51768,5,0.1513
51769,15,0.1561
51770,19,0.1996
51771,8,0.1430
51772,19,0.2650
51773,19,0.1346
51774,7,0.1237
51775,7,0.2133
51776,5,0.2088
51777,5,0.1925
51778,9,0.2314
51779,9,0.2117
51780,9,0.2817
51781,9,0.1943
51782,7,0.2409
51783,5,0.1720
51785,0,0.1282
51786,16,0.1710
51787,23,0.1432
51788,16,0.2656
51789,8,0.1665
51790,8,0.3668
51791,9,0.1628
51792,9,0.2236
51793,8,0.2165
51794,8,0.2502
51795,16,0.1219
51796,23,0.1339
51797,19,0.2250
51798,8,0.1693
51799,16,0.2980
51800,16,0.4380
51801,16,0.2610
51802,19,0.2219
51803,5,0.2491
51804,19,0.1825
51805,19,0.2113
51806,19,0.1934
51807,19,0.1964
51808,5,0.2132
51809,5,0.2229
51810,5,0.1160
51811,7,0.1556
51812,7,0.1707
51813,7,0.1234
51814,7,0.1204
51815,7,0.1304
51816,7,0.1377
51817,21,0.1728
51818,7,0.2698
51819,7,0.2840
51820,19,0.1681
51821,19,0.1217
51822,15,0.1530
51823,16,0.1583
51824,16,0.2855
51825,19,0.2069
51826,19,0.1087
51827,19,0.1701
51828,1,0.1137
51829,11,0.1243
51830,30,0.1391
51831,0,0.1355
51832,5,0.2036
51833,5,0.1363
51834,16,0.1110
51835,16,0.4132
51836,21,0.3095
51837,11,0.1548
51838,7,0.1253
51839,19,0.1963
51840,15,0.1216
51841,31,0.1400
51842,7,0.1603
51843,24,0.3690
51845,19,0.2480
51846,19,0.1347
51847,19,0.1276
51848,11,0.1220
51849,24,0.1752
51850,24,0.2876
51851,24,0.2693
51852,7,0.1753
51853,19,0.1872
51854,4,0.5325
51855,4,0.9586
51856,19,0.1162
51857,16,0.1198
51858,15,0.1230
51859,15,0.1667
51861,21,0.1607
51862,21,0.5315
51863,21,0.4477
51864,15,0.2002
51865,0,0.1999
51866,11,0.1424
51867,15,0.1264
51868,8,0.2858
51869,8,0.5853
51870,19,0.1597
51871,28,0.1056
51872,11,0.1973
51873,7,0.1407
51874,19,0.1266
51875,24,0.2745
51876,0,0.1044
51877,8,0.2174
51878,19,0.2024
51879,16,0.2108
51880,21,0.1742
51881,7,0.1650
51882,19,0.2349
51883,19,0.1779
51884,5,0.1154
51885,19,0.1671
51886,21,0.2305
51887,19,0.1572
51888,1,0.1316
51889,7,0.1150
51890,8,0.4189
51891,8,0.7479
51892,8,0.1980
51893,21,0.2984
51894,7,0.1702
51895,7,0.2302
51896,21,0.1998
51897,7,0.1911
51898,24,0.3030
51899,21,0.3038
51900,8,0.1408
51901,19,0.2114
51902,24,0.1907
51903,21,0.2177
51904,21,0.2143
51905,21,0.1295
51906,0,0.2067
51907,0,0.2233
51908,21,0.1521
51909,21,0.2317
51910,24,0.1905
51911,7,0.2696
51912,7,0.2840
51913,7,0.2056
51914,7,0.2371
51915,21,0.2826
51916,21,0.1376
51917,21,0.1589
51918,21,0.1724
51919,11,0.1562
51920,21,0.1661
51921,19,0.2272
51922,8,0.1948
51923,8,0.1317
51924,8,0.1436
51925,21,0.2604
51926,21,0.2274
51927,7,0.2480
51928,7,0.2045
51929,21,0.2246
51930,21,0.2150
51931,21,0.1955
51932,0,0.2876
51933,19,0.1537
51934,11,0.1061
51935,7,0.2046
51936,7,0.1830
51937,21,0.1970
51938,21,0.1538
51939,21,0.1957
51940,21,0.2273
51941,21,0.1990
51945,7,0.1311
51947,12,0.1394
51948,2,0.1323
51950,21,0.1267
51952,19,0.1220
51953,12,0.1997
51955,32,0.1284
51956,7,0.1095
51957,7,0.2086
51958,15,0.1720
51959,18,0.1658
51960,1,0.1263
51961,12,0.1139
51962,2,0.4452
51963,4,0.2655
51964,31,0.1265
51966,2,0.4028
51967,12,0.2088
51969,19,0.1598
51971,33,0.2555
51972,5,0.2056
51973,7,0.1951
51974,11,0.1579
51975,32,0.1836
51976,7,0.1841
51977,7,0.1912
51979,11,0.2007
51981,1,0.1521
51982,1,0.1891
51983,19,0.1297
51984,19,0.1796
51985,31,0.1299
51986,33,0.5728
51987,33,0.3635
51988,24,0.2166
51989,19,0.1462
51990,11,0.1624
51991,5,0.2104
51992,9,0.1465
51993,8,0.4297
51994,5,0.1563
51995,16,0.1227
51996,28,0.1222
51998,13,0.1477
51999,4,0.1261
52000,5,0.1634
52003,7,0.1218
52004,7,0.1727
52005,8,0.1146
52006,9,0.2365
52007,9,0.1200
52008,7,0.1668
52009,9,0.1073
52010,19,0.1803
52011,19,0.1085
52012,11,0.1656
52013,0,0.1050
52015,8,0.2389
52016,5,0.2958
52017,5,0.1820
52018,21,0.1500
52019,21,0.1656
52020,19,0.1510
52021,8,0.2396
52022,8,0.2962
52023,21,0.1641
52024,7,0.1182
52025,21,0.1531
52026,7,0.1624
52027,5,0.1298
52028,5,0.1619
52029,7,0.1431
52030,9,0.1115
52031,5,0.1286
52032,7,0.1201
52033,7,0.2478
52034,21,0.1304
52035,7,0.1304
52036,8,0.1591
52037,8,0.3610
52038,7,0.1619
52039,7,0.1236
52042,7,0.1228
52043,5,0.1980
52044,7,0.1681
52045,8,0.1621
52046,19,0.1528
52047,5,0.3616
52048,9,0.1723
52049,5,0.1462
52050,5,0.2036
52051,7,0.1688
52052,9,0.2754
52053,7,0.1743
52054,7,0.1516
52055,24,0.3046
52056,21,0.1711
52057,21,0.1334
52058,21,0.1957
52059,7,0.1065
52060,21,0.1847
52061,21,0.1294
52062,7,0.2074
52063,7,0.1541
52064,21,0.1515
52065,21,0.1290
52066,7,0.1218
52067,7,0.1183
52068,21,0.1068
52069,0,0.2136
52070,0,0.1984
52071,5,0.1170
52072,0,0.1395
52073,4,0.1224
52074,4,0.1539
52075,8,0.3481
52076,19,0.1196
52079,20,0.1575
52080,4,0.5582
52081,8,0.6662
52082,8,0.6150
52083,16,0.2306
52084,16,0.2691
52085,16,0.2860
52086,0,0.2191
52087,5,0.1566
52088,8,0.1876
52091,4,0.5961
52092,0,0.4250
52094,4,0.2333
52095,33,0.1722
52096,33,0.2321
52097,4,0.2257
52098,3,0.2399
52099,4,0.3762
52100,0,0.1527
52101,4,0.2418
52102,4,0.2184
52103,1,0.2212
52104,4,0.2154
52106,1,0.1359
52107,32,0.1644
52108,1,0.1728
52109,1,0.1364
52110,7,0.1846
52116,32,0.1454
52117,32,0.1759
52121,15,0.1162
52122,7,0.1062
52125,7,0.1647
52126,19,0.1200
52127,19,0.1369
52128,7,0.1214
52130,7,0.1246
52131,7,0.1453
52132,7,0.1303
52133,21,0.1669
52134,21,0.1347
52135,21,0.1435
52136,7,0.1586
52137,7,0.1423
52138,7,0.1261
52139,7,0.1769
52140,5,0.1448
52141,7,0.1647
52142,7,0.2100
52143,7,0.2271
52144,5,0.1832
52145,7,0.1253
52146,7,0.1542
52147,7,0.1202
52148,7,0.1563
52149,7,0.1707
52150,5,0.1292
52151,0,0.1072
52152,5,0.1896
52157,7,0.1069
52158,22,0.1939
52159,22,0.1761
52160,33,0.1162
52161,22,0.1362
52162,22,0.1865
52163,22,0.2673
52164,22,0.2797
52165,22,0.2171
52166,24,0.2218
52167,22,0.2318
52168,23,0.2055
52169,23,0.2189
52170,22,0.2570
52171,22,0.3171
52172,22,0.2363
52173,22,0.1221
52174,23,0.1626
52175,22,0.1472
52176,22,0.2567
52177,22,0.3948
52178,22,0.3515
52179,24,0.2681
52180,23,0.1537
52181,16,0.1689
52182,22,0.1906
52183,22,0.1163
52185,22,0.3201
52186,22,0.4170
52187,22,0.3464
52188,22,0.4015
52189,22,0.3582
52190,22,0.1154
52191,19,0.1519
52192,0,0.1546
52193,23,0.1768
52194,22,0.2008
52195,23,0.1300
52197,8,0.1092
52198,8,0.3892
52199,23,0.1273
52200,0,0.1683
52201,19,0.1242
52202,23,0.2052
52203,22,0.2161
52204,22,0.2186
52205,22,0.3197
52206,22,0.2729
52207,24,0.2680
52208,23,0.1361
52210,5,0.2149
52211,5,0.2051
52212,5,0.3175
52213,5,0.1675
52214,6,0.1302
52215,5,0.1335
52216,5,0.1416
52217,5,0.1369
52218,1,0.1591
52220,9,0.1676
52221,9,0.1832
52222,5,0.1907
52223,5,0.1774
52224,5,0.1486
52225,6,0.1071
52226,5,0.1969
52227,5,0.3522
52228,6,0.1512
52230,5,0.1740
52231,5,0.3848
52232,5,0.2360
52233,5,0.2304
52234,5,0.2479
52235,5,0.2451
52236,9,0.2168
52237,9,0.1941
52239,5,0.2034
52240,5,0.3659
52241,5,0.1929
52243,5,0.1691
52244,9,0.1317
52245,5,0.1930
52246,9,0.1321
52249,9,0.1302
52250,9,0.1496
52251,9,0.2439
52252,5,0.3005
52253,5,0.2829
52254,5,0.1428
52255,5,0.2631
52256,5,0.1449
52257,5,0.2117
52258,5,0.2642
52259,5,0.2402
52260,5,0.1139
52261,5,0.2229
52262,5,0.1459
52263,8,0.1423
52264,9,0.1117
52265,9,0.2210
52266,1,0.1597
52267,5,0.1880
52268,5,0.2310
52269,9,0.1290
52271,28,0.1704
52272,5,0.1230
52273,5,0.2550
52274,9,0.1971
52275,5,0.1773
52276,5,0.1126
52277,6,0.1071
52278,9,0.1268
52279,23,0.1113
52281,9,0.1243
52282,1,0.1105
52283,8,0.1098
52284,4,0.1584
52285,9,0.1695
52286,19,0.1106
52287,21,0.1285
52289,22,0.1403
52291,24,0.2322
52292,24,0.1897
52294,22,0.4097
52295,22,0.2906
52296,22,0.1567
52297,20,0.3844
52298,22,0.2653
52299,16,0.1621
52300,21,0.1969
52301,23,0.1616
52302,23,0.1877
52303,23,0.1880
52306,22,0.1243
52307,16,0.1756
52308,16,0.3202
52309,8,0.4333
52310,8,0.7754
52311,8,0.4547
52312,23,0.1763
52313,23,0.2533
52314,16,0.1482
52315,8,0.3131
52316,23,0.2177
52317,22,0.1319
52318,23,0.1185
52319,0,0.1479
52320,16,0.1856
52321,22,0.2014
52322,8,0.1633
52323,23,0.2113
52324,33,0.3619
52325,8,0.1129
52326,23,0.1332
52327,23,0.1302
52329,22,0.2102
52330,16,0.2791
52331,27,0.1221
52332,28,0.1174
52333,28,0.1915
52334,3,0.1363
52335,32,0.1504
52336,32,0.1318
52337,33,0.1437
52338,27,0.1373
52339,23,0.1750
52340,23,0.1261
52341,14,0.1226
52342,4,0.1593
52343,19,0.1117
52345,22,0.1208
52346,19,0.1398
52348,19,0.1348
52350,19,0.1122
52352,5,0.2036
52353,8,0.2081
52354,8,0.7679
52355,8,0.5597
52356,16,0.3533
52357,19,0.3026
52358,19,0.2517
52359,19,0.2432
52360,16,0.1546
52361,4,0.3727
52364,9,0.1061
52366,5,0.1371
52367,5,0.1765
52368,5,0.1627
52371,4,0.1236
52372,4,0.2283
52373,1,0.1317
52374,9,0.2408
52375,5,0.3256
52376,5,0.2269
52377,19,0.1536
52378,9,0.1561
52379,6,0.1190
52380,5,0.2099
52381,19,0.1650
52382,9,0.1815
52383,6,0.1264
52384,9,0.1956
52385,9,0.1703
52386,5,0.2169
52387,5,0.1258
52388,9,0.2342
52389,9,0.1422
52390,5,0.2347
52391,5,0.1728
52392,4,0.2666
52393,8,0.1837
52394,19,0.1424
52395,19,0.1096
52396,5,0.1496
52397,9,0.1324
52398,8,0.1325
52399,5,0.2522
52400,23,0.1233
52401,9,0.1970
52402,5,0.1433
52403,5,0.1467
52404,19,0.1380
52405,6,0.1276
52406,5,0.1575
52407,5,0.1570
52408,5,0.1297
52409,9,0.1667
52410,9,0.1611
52411,5,0.1449
52412,5,0.1944
52413,9,0.2408
52414,8,0.1428
52415,6,0.1210
52416,5,0.1641
52417,5,0.1241
52418,5,0.1057
52419,5,0.1048
52421,5,0.1125
52422,5,0.2876
52423,9,0.2377
52424,5,0.1804
52425,9,0.1060
52426,5,0.3069
52427,5,0.1333
52429,5,0.1411
52430,5,0.2082
52432,5,0.1820
52433,5,0.2859
52434,5,0.1306
52435,31,0.1291
52436,2,0.1234
52437,19,0.1040
52438,19,0.1831
52439,23,0.1339
52440,9,0.1547
52441,9,0.1503
52442,16,0.1663
52443,0,0.2314
52444,16,0.4794
52445,8,0.4959
52446,21,0.1794
52447,19,0.1425
52448,5,0.1283
52449,9,0.2359
52450,5,0.1788
52452,9,0.1793
52453,9,0.2190
52454,9,0.2962
52456,5,0.1353
52457,9,0.1230
52458,5,0.1711
52459,9,0.2907
52460,9,0.1740
52461,9,0.2227
52462,9,0.2575
52463,9,0.2316
52464,9,0.1437
52465,5,0.1478
52466,6,0.1469
52467,6,0.1512
52468,5,0.1065
52469,6,0.1228
52470,6,0.1366
52471,23,0.1760
52472,8,0.2887
52474,19,0.2386
52475,9,0.1286
52476,5,0.1720
52478,12,0.1476
52481,16,0.1038
52482,12,0.1267
52484,16,0.1292
52485,19,0.2200
52486,16,0.1929
52487,16,0.1878
52488,19,0.1426
52489,19,0.1383
52490,19,0.1165
52491,19,0.2341
52493,33,0.1456
52497,16,0.1278
52498,4,0.3322
52499,4,0.9151
52500,8,0.3592
52501,23,0.1366
52502,19,0.1820
52503,10,0.1590
52504,8,0.1768
52506,5,0.1033
52507,5,0.2489
52508,5,0.1589
52509,5,0.1649
52510,5,0.1143
52512,8,0.2660
52513,5,0.1553
52514,5,0.2256
52515,19,0.1414
52516,5,0.1617
52517,5,0.1695
52518,5,0.1501
52520,23,0.1043
52521,19,0.1599
52522,19,0.2235
52523,23,0.2045
52524,19,0.1090
52525,23,0.1072
52526,8,0.1213
52527,8,0.9584
52528,8,0.8463
52529,19,0.1398
52531,9,0.1931
52532,5,0.1315
52533,5,0.1740
52534,19,0.1510
52535,5,0.2445
52537,5,0.1338
52538,5,0.2128
52539,5,0.1436
52541,5,0.1370
52542,5,0.1363
52543,5,0.2077
52544,5,0.2678
52546,19,0.1026
52547,5,0.1606
52548,5,0.1831
52549,5,0.1294
52550,5,0.2151
52551,5,0.1984
52552,5,0.1540
52553,5,0.1764
52554,5,0.1153
52555,5,0.1743
52556,5,0.2571
52557,5,0.2646
52558,5,0.3074
52559,5,0.1056
52560,5,0.2844
52561,5,0.4027
52562,5,0.3486
52563,5,0.2342
52564,5,0.1892
52565,5,0.2254
52566,5,0.2179
52567,4,0.3272
52568,0,0.1271
52569,33,0.1595
52571,19,0.1368
52572,9,0.1647
52573,21,0.1351
52574,21,0.1678
52575,21,0.1755
52576,21,0.1383
52577,1,0.1289
52578,7,0.1974
52579,7,0.2126
52580,7,0.1601
52581,31,0.1278
52582,5,0.1591
52583,21,0.2065
52584,5,0.2629
52585,7,0.1904
52586,19,0.2049
52587,5,0.1123
52588,19,0.1558
52589,19,0.1538
52590,15,0.1217
52591,5,0.1045
52593,9,0.1163
52594,5,0.1256
52595,5,0.1544
52596,5,0.1515
52597,1,0.1886
52598,19,0.1249
52600,7,0.1774
52601,5,0.2050
52602,7,0.1896
52603,5,0.1294
52605,7,0.1991
52606,19,0.1176
52607,7,0.1561
52608,5,0.1186
52609,19,0.1201
52611,32,0.1205
52612,31,0.1794
52613,15,0.1842
52614,15,0.1595
52616,12,0.2189
52617,31,0.1571
52618,31,0.1095
52619,16,0.1474
52620,21,0.2493
52621,15,0.1524
52622,15,0.1258
52623,15,0.2845
52624,12,0.1662
52625,12,0.2727
52626,23,0.1336
52627,12,0.2000
52628,16,0.2751
52629,8,0.6522
52630,16,0.1187
52631,16,0.4453
52632,16,0.2961
52633,16,0.4660
52634,8,0.4942
52635,19,0.1465
52636,15,0.1092
52637,19,0.1091
52638,5,0.1810
52639,7,0.1619
52640,7,0.1174
52641,11,0.1243
52642,7,0.1533
52643,5,0.1689
52645,32,0.1416
52646,7,0.1928
52647,7,0.1882
52648,7,0.1683
52649,5,0.2716
52651,7,0.1534
52652,7,0.2243
52653,5,0.2060
52654,7,0.2116
52655,5,0.1808
52657,7,0.1137
52658,12,0.1412
52659,31,0.1496
52660,31,0.1426
52661,13,0.1483
52662,15,0.2134
52663,7,0.1532
52664,7,0.2734
52665,21,0.1791
52666,21,0.2160
52667,7,0.2199
52668,5,0.2500
52669,19,0.1376
52672,16,0.1595
52673,4,0.1585
52674,4,0.3511
52675,16,0.2310
52676,16,0.3679
52677,22,0.2021
52678,16,0.1651
52679,16,0.1292
52680,3,0.1304
52681,4,0.1784
52682,8,0.2808
52683,7,0.1724
52686,4,0.2851
52687,28,0.2174
52688,28,0.1605
52689,0,0.1527
52690,4,0.1171
52691,4,0.5356
52692,4,0.5671
52693,4,0.3387
52694,25,0.1029
52695,7,0.1148
52696,19,0.1238
52697,19,0.1783
52699,7,0.1693
52700,5,0.1104
52701,0,0.1218
52702,0,0.1564
52703,7,0.1361
52704,7,0.1466
52705,5,0.2964
52706,19,0.1854
52707,15,0.1889
52708,7,0.2020
52709,24,0.3078
52710,19,0.1126
52711,7,0.1269
52712,7,0.2099
52713,7,0.1777
52714,7,0.1536
52715,7,0.1449
52716,19,0.1514
52718,7,0.1662
52719,24,0.1599
52720,24,0.2645
52722,24,0.1184
52723,7,0.1847
52724,5,0.1527
52725,7,0.1307
52727,7,0.1045
52728,5,0.1471
52730,7,0.1085
52731,7,0.1370
52732,7,0.1639
52733,7,0.1597
52734,32,0.1085
52735,7,0.1117
52739,7,0.1039
52740,24,0.1072
52741,18,0.1286
52745,7,0.1142
52746,7,0.1616
52747,7,0.1286
52748,7,0.1797
52749,24,0.1214
52751,7,0.1471
52752,5,0.1916
52753,7,0.1809
52754,7,0.1222
52756,7,0.1139
52757,15,0.1206
52759,7,0.1244
52761,24,0.2255
52762,24,0.1928
52763,7,0.1338
52764,7,0.1771
52765,7,0.1562
52768,5,0.1581
52769,11,0.1409
52770,11,0.1790
52771,5,0.1403
52773,9,0.1560
52774,5,0.2767
52775,5,0.1693
52776,16,0.2953
52777,8,0.6481
52778,9,0.3990
52779,9,0.1245
52780,8,0.1331
52781,7,0.1746
52782,5,0.1679
52783,16,0.2003
52784,8,0.2282
52785,7,0.1317
52786,7,0.1624
52787,21,0.1140
52788,21,0.1510
52789,7,0.1774
52790,21,0.1621
52791,0,0.1206
52792,5,0.1194
52793,7,0.1172
52794,7,0.1728
52795,7,0.1468
52796,7,0.1779
52797,7,0.1490
52798,7,0.1301
52799,7,0.1349
52800,7,0.1762
52801,7,0.1187
52802,21,0.1439
52803,7,0.1323
52804,7,0.1700
52805,7,0.1496
52806,9,0.1756
52807,8,0.2553
52808,8,0.2043
52809,8,0.1181
52810,7,0.1521
52811,5,0.1589
52812,9,0.1567
52813,8,0.1458
52814,7,0.2037
52815,21,0.1826
52817,5,0.1884
52818,5,0.1432
52819,21,0.1659
52820,7,0.1541
52821,7,0.1311
52822,7,0.2081
52823,7,0.2310
52824,7,0.1554
52825,7,0.1517
52826,7,0.1657
52827,7,0.1864
52828,7,0.2173
52829,7,0.2709
52830,21,0.1601
52831,21,0.2288
52832,11,0.1652
52833,7,0.1670
52834,21,0.1690
52835,21,0.1603
52836,21,0.1653
52837,9,0.1076
52838,8,0.2391
52839,8,0.2351
52840,21,0.1775
52841,7,0.1294
52842,7,0.2048
52843,7,0.1572
52844,7,0.1440
52845,5,0.1512
52846,7,0.1547
52847,7,0.1857
52848,5,0.1620
52849,7,0.1505
52850,21,0.1568
52851,21,0.1621
52852,7,0.1712
52853,0,0.1157
52854,0,0.1302
52855,21,0.1409
52856,0,0.1396
52857,21,0.1348
52858,21,0.1669
52859,0,0.1287
52860,7,0.1552
52861,7,0.1444
52862,7,0.1850
52863,7,0.1374
52864,11,0.1355
52865,5,0.1381
52866,11,0.1898
52867,11,0.1859
52868,13,0.1282
52869,7,0.1332
52870,7,0.1650
52871,5,0.2133
52872,11,0.1519
52873,7,0.2019
52874,21,0.1579
52875,16,0.1577
52876,16,0.1399
52877,9,0.3065
52878,4,0.2174
52879,4,0.4428
52880,16,0.3576
52881,19,0.1526
52882,31,0.1950
52883,19,0.1280
52884,5,0.1214
52885,13,0.1717
52886,16,0.1736
52887,8,0.1903
52888,19,0.1379
52889,19,0.1499
52890,19,0.2046
52891,5,0.2914
52892,19,0.1868
52893,19,0.1359
52894,32,0.1526
52895,24,0.1654
52896,7,0.1631
52897,16,0.3867
52899,19,0.2499
52900,19,0.2128
52901,7,0.1379
52902,7,0.1425
52903,5,0.1381
52904,18,0.1854
52905,8,0.4277
52906,8,0.6872
52907,25,0.1938
52908,15,0.1469
52909,25,0.1300
52910,15,0.1409
52911,15,0.1852
52912,19,0.1176
52913,16,0.2206
52914,16,0.2908
52915,19,0.1133
52916,12,0.1044
52917,12,0.1710
52918,25,0.1968
52919,25,0.1212
52920,15,0.1099
52921,15,0.1191
52922,19,0.1187
52923,13,0.1684
52924,7,0.1938
52925,7,0.1501
52926,5,0.1507
52927,15,0.1224
52928,15,0.2345
52929,15,0.1602
52930,7,0.2037
52931,15,0.1763
52932,15,0.1633
52933,7,0.1345
52934,24,0.2214
52935,24,0.2559
52937,15,0.1230
52938,16,0.3814
52939,8,0.6812
52940,19,0.1423
52941,16,0.2401
52942,11,0.1280
52943,24,0.1694
52944,19,0.2248
52945,16,0.1422
52946,2,0.2388
52947,16,0.1403
52948,19,0.1130
52949,7,0.2159
52950,19,0.1792
52951,19,0.1042
52952,24,0.1259
52953,19,0.1411
52956,22,0.1225
52957,19,0.1708
52958,16,0.3117
52959,16,0.1469
52960,16,0.1635
52962,19,0.1137
52963,7,0.1420
52964,19,0.1330
52965,8,0.1550
52966,5,0.1105
52967,5,0.1839
52969,13,0.1417
52970,16,0.2431
52971,16,0.4751
52972,19,0.1955
52973,15,0.1466
52974,14,0.1363
52976,18,0.1476
52977,16,0.1624
52978,12,0.1293
52979,2,0.3543
52980,2,0.1845
52981,12,0.1191
52982,5,0.1370
52983,5,0.1995
52984,19,0.1148
52985,5,0.1984
52986,18,0.1373
52987,2,0.1524
52989,19,0.1430
52990,16,0.1393
52991,13,0.1210
52992,5,0.2112
52994,5,0.2288
52995,18,0.1629
52996,19,0.2250
52997,5,0.1861
52998,18,0.1375
52999,4,0.1399
53000,19,0.1352
53001,5,0.2405
53002,18,0.1361
53004,12,0.1545
53005,19,0.1379
53006,12,0.1204
53008,5,0.1099
53010,5,0.1878
53011,9,0.2283
53012,5,0.2006
53013,5,0.2221
53014,8,0.1739
53015,8,0.2274
53016,19,0.2017
53017,16,0.3868
53018,19,0.1695
53019,19,0.1682
53020,19,0.1830
53021,19,0.2968
53022,5,0.1691
53023,19,0.2117
53024,5,0.2145
53025,16,0.1523
53026,23,0.1422
53028,23,0.1205
53029,4,0.2037
53030,14,0.1220
53032,19,0.1641
53033,19,0.1110
53034,19,0.1713
53035,19,0.1356
53036,19,0.1451
53037,5,0.3771
53038,9,0.1682
53039,4,0.1288
53040,19,0.1150
53041,19,0.1370
53042,19,0.1646
53043,19,0.1234
53044,6,0.1173
53045,19,0.1324
53046,19,0.1734
53047,23,0.1679
53048,19,0.1419
53049,19,0.2046
53050,23,0.1538
53051,27,0.1142
53052,12,0.1662
53053,19,0.1419
53054,5,0.3091
53055,5,0.1667
53056,19,0.2134
53057,19,0.1864
53058,9,0.2676
53059,19,0.1368
53060,19,0.3140
53061,19,0.2525
53062,16,0.1627
53063,19,0.2368
53064,19,0.2414
53065,5,0.2584
53066,5,0.1120
53067,1,0.1284
53068,19,0.1783
53069,19,0.1614
53070,19,0.1321
53071,16,0.2047
53072,19,0.1576
53073,5,0.2111
53074,5,0.3510
53075,9,0.1439
53076,5,0.2122
53077,5,0.1872
53079,5,0.1614
53080,19,0.1548
53081,5,0.2267
53082,9,0.1061
53083,5,0.2319
53084,5,0.2531
53085,5,0.1699
53086,19,0.2019
53087,19,0.2353
53088,19,0.1668
53089,19,0.2042
53090,7,0.2108
53091,7,0.1605
53092,5,0.1669
53093,5,0.1173
53094,5,0.3076
53095,19,0.2098
53096,5,0.1815
53097,5,0.2646
53098,5,0.1418
53099,1,0.1098
53100,5,0.1352
53101,13,0.1582
53102,5,0.1798
53103,19,0.1709
53104,19,0.1454
53105,23,0.1678
53108,13,0.1770
53109,15,0.1650
53110,15,0.1371
53111,5,0.1418
53112,31,0.1792
53113,25,0.1537
53114,12,0.1232
53115,14,0.1386
53117,23,0.1458
53119,4,0.2312
53120,12,0.1845
53121,5,0.1797
53122,9,0.1570
53124,5,0.1169
53125,1,0.1405
53126,1,0.1369
53127,23,0.1043
53128,5,0.1390
53129,19,0.1270
53130,19,0.1494
53131,5,0.1967
53132,23,0.1204
53133,19,0.1293
53135,5,0.1532
53136,31,0.1151
53137,5,0.1117
53138,19,0.1227
53139,23,0.1375
53140,23,0.1503
53141,19,0.1535
53142,5,0.1849
53143,9,0.1156
53144,5,0.2862
53145,5,0.3069
53146,19,0.1605
53147,12,0.1163
53148,9,0.2324
53149,9,0.2029
53151,5,0.1359
53152,5,0.2423
53153,5,0.2424
53155,28,0.1684
53156,23,0.1340
53157,19,0.1222
53158,4,0.5827
53159,8,0.7482
53160,8,0.8819
53161,19,0.1554
53162,19,0.1582
53163,19,0.1416
53164,5,0.1372
53166,23,0.1262
53167,5,0.2053
53168,5,0.1771
53169,5,0.3352
53170,5,0.1687
53171,19,0.1100
53172,12,0.1313
53173,12,0.1025
53175,14,0.1483
53176,16,0.1272
53177,33,0.1687
53178,14,0.1605
53179,31,0.1303
53181,14,0.1336
53182,19,0.2495
53184,16,0.1714
53188,19,0.1460
53189,5,0.1298
53190,23,0.1226
53191,5,0.1306
53192,12,0.1327
53194,12,0.1263
53196,4,0.1632
53197,23,0.1479
53198,19,0.1298
53199,19,0.1756
53200,16,0.1214
53202,16,0.3718
53203,8,0.3546
53204,5,0.1592
53206,19,0.1288
53209,23,0.1092
53211,12,0.1780
53212,12,0.1747
53214,5,0.1538
53215,1,0.1035
53216,21,0.1328
53217,21,0.1363
53218,21,0.1484
53219,7,0.1819
53220,7,0.1526
53221,21,0.1641
53222,7,0.1760
53223,9,0.2660
53224,5,0.1359
53225,5,0.2001
53226,7,0.1477
53227,7,0.1650
53228,9,0.2452
53229,9,0.1784
53230,9,0.1651
53231,7,0.2285
53232,7,0.2867
53233,0,0.1338
53234,0,0.1326
53235,7,0.1238
53236,5,0.1882
53237,5,0.2239
53238,7,0.1600
53239,9,0.1254
53240,5,0.1248
53241,15,0.1406
53243,7,0.1285
53244,7,0.1715
53245,29,0.1051
53246,0,0.1246
53248,21,0.2353
53249,7,0.1940
53250,7,0.1832
53251,7,0.2028
53252,5,0.1447
53253,15,0.1650
53254,5,0.1593
53255,7,0.1656
53256,5,0.1901
53257,7,0.1702
53258,13,0.1784
53259,31,0.1501
53260,5,0.2066
53261,15,0.1560
53262,15,0.1537
53263,5,0.1373
53264,19,0.1486
53265,8,0.1864
53266,7,0.1447
53267,21,0.2444
53268,7,0.3070
53269,5,0.1681
53270,21,0.2326
53271,0,0.1465
53272,21,0.1966
53273,7,0.2075
53274,0,0.2346
53275,11,0.2878
53276,0,0.1698
53277,5,0.2216
53278,5,0.1597
53279,9,0.1093
53280,5,0.1746
53281,7,0.1597
53282,5,0.1431
53283,5,0.1619
53284,7,0.2269
53285,5,0.1628
53286,5,0.1089
53287,7,0.1773
53288,7,0.1859
53289,7,0.2124
53290,0,0.1198
53291,7,0.1337
53292,7,0.1662
53293,7,0.2120
53294,5,0.1839
53295,7,0.1973
53296,21,0.2474
53297,21,0.2558
53298,5,0.1848
53299,7,0.1458
53300,7,0.1795
53301,5,0.2139
53302,7,0.2365
53303,7,0.1181
53304,21,0.1103
53305,7,0.1512
53306,7,0.1353
53307,7,0.1301
53308,0,0.1162
53309,21,0.2334
53310,0,0.1062
53311,19,0.1115
53312,7,0.2868
53313,21,0.1496
53314,7,0.2037
53315,7,0.1605
53316,5,0.1880
53317,7,0.1511
53318,5,0.1457
53319,5,0.1887
53320,15,0.1859
53321,15,0.1409
53322,13,0.2701
53323,5,0.2091
53324,5,0.1495
53325,21,0.1955
53326,9,0.1387
53327,15,0.2342
53328,15,0.2765
53329,15,0.1662
53330,5,0.1937
53331,7,0.1630
53333,5,0.1471
53334,15,0.2154
53335,13,0.1569
53336,13,0.1743
53337,15,0.1190
53338,5,0.1710
53339,5,0.1610
53340,15,0.1305
53341,32,0.1434
53342,32,0.1117
53343,15,0.1406
53344,15,0.1616
53345,5,0.1042
53346,13,0.1073
53349,0,0.1685
53350,8,0.6688
53351,16,0.2570
53352,4,0.1689
53353,4,0.2155
53354,13,0.2606
53355,16,0.2069
53356,16,0.1966
53357,16,0.2293
53358,7,0.2106
53359,33,0.1852
53360,16,0.1809
53361,7,0.1090
53362,18,0.1273
53363,15,0.1187
53364,7,0.1575
53366,15,0.1195
53367,32,0.1484
53368,32,0.1672
53369,19,0.1170
53370,16,0.1054
53371,28,0.1250
53372,28,0.2000
53373,16,0.4366
53374,16,0.1041
53377,19,0.1134
53378,23,0.1078
53379,8,0.3108
53380,16,0.3275
53382,19,0.1097
53386,15,0.1761
53387,5,0.2164
53389,18,0.1951
53390,19,0.1317
53391,19,0.1696
53392,18,0.2100
53393,18,0.1975
53394,16,0.2795
53395,22,0.3047
53396,22,0.2639
53397,8,0.7867
53398,8,0.5383
53399,8,0.3759
53400,8,0.1707
53401,19,0.1393
53402,7,0.1161
53403,19,0.1054
53404,19,0.1502
53405,7,0.1360
53406,19,0.1425
53408,32,0.1705
53409,33,0.1555
53410,4,0.3142
53411,33,0.1287
53412,33,0.2200
53413,33,0.2437
53414,33,0.1900
53415,16,0.1421
53417,32,0.1985
53418,15,0.1873
53419,15,0.2259
53420,14,0.1096
53421,16,0.1810
53422,13,0.2104
53423,5,0.1623
53424,15,0.1184
53425,19,0.1328
53426,18,0.1296
53427,16,0.1305
53428,25,0.1134
53429,25,0.1630
53430,15,0.2020
53431,32,0.1172
53432,18,0.1580
53433,18,0.1979
53435,13,0.1033
53436,15,0.2013
53437,19,0.1658
53438,19,0.1435
53441,4,0.1686
53442,5,0.1096
53443,5,0.1846
53444,4,0.1623
53445,12,0.1736
53447,5,0.2172
53448,5,0.1472
53451,5,0.1345
53452,18,0.1549
53453,5,0.1969
53454,8,0.1296
53455,16,0.2973
53456,19,0.2482
53457,1,0.2558
53458,1,0.1428
53459,5,0.1239
53460,5,0.1143
53461,1,0.1524
53463,4,0.1042
53464,6,0.1286
53465,12,0.1437
53466,5,0.1254
53467,5,0.2256
53468,5,0.2535
53469,5,0.1770
53470,0,0.2451
53471,0,0.5321
53472,21,0.2487
53473,21,0.2383
53474,16,0.3878
53475,0,0.6140
53476,8,0.7890
53477,8,0.5961
53478,8,0.7713
53479,8,0.8121
53480,16,0.5482
53481,9,0.1796
53482,8,0.1320
53483,8,0.2101
53484,21,0.1860
53485,0,0.1317
53486,19,0.1412
53487,0,0.1126
53488,5,0.1356
53489,5,0.1757
53490,5,0.1090
53491,5,0.1697
53493,5,0.1623
53494,5,0.1704
53495,5,0.2024
53496,1,0.1454
53497,4,0.1552
53498,1,0.1165
53499,4,0.3695
53500,9,0.2868
53501,9,0.2893
53502,5,0.2892
53503,5,0.2309
53507,5,0.1137
53508,9,0.1521
53509,5,0.1675
53510,5,0.2102
53511,1,0.1335
53512,4,0.2358
53513,19,0.1301
53514,19,0.1859
53516,5,0.1229
53517,5,0.2064
53518,5,0.1463
53519,12,0.1493
53520,5,0.1437
53521,19,0.1101
53524,5,0.1399
53525,7,0.1464
53526,5,0.1412
53527,5,0.1688
53529,5,0.1251
53530,4,0.1460
53533,6,0.1056
53534,5,0.1221
53536,0,0.1197
53537,5,0.1280
53538,19,0.1089
53540,4,0.1289
53541,4,0.1594
53542,5,0.1280
53543,5,0.2763
53544,5,0.2300
53546,5,0.1082
53547,1,0.1245
53548,5,0.1593
53549,7,0.1047
53550,12,0.1474
53551,12,0.1230
53552,5,0.1254
53553,12,0.1450
53554,5,0.2709
53555,5,0.1733
53556,5,0.1893
53558,16,0.1265
53559,31,0.1358
53560,23,0.1241
53561,5,0.1752
53562,5,0.1303
53563,19,0.1321
53564,4,0.1122
53565,5,0.1062
53566,16,0.4702
53567,21,0.2567
53568,21,0.2308
53569,9,0.2139
53570,5,0.1051
53571,5,0.1799
53573,4,0.1101
53575,5,0.1629
53576,5,0.1435
53577,4,0.1127
53578,4,0.2581
53579,4,0.1273
53580,5,0.1225
53581,4,0.2389
53583,5,0.1189
53584,4,0.1176
53586,12,0.1221
53587,5,0.1098
53589,1,0.1335
53590,1,0.1227
53592,4,0.1140
53593,4,0.1551
53594,4,0.2438
53596,5,0.1785
53597,5,0.1228
53598,4,0.2167
53602,5,0.1355
53603,5,0.1500
53604,5,0.1294
53605,12,0.1136
53606,5,0.1589
53607,5,0.1303
53608,18,0.1105
53609,5,0.1766
53610,21,0.1327
53611,21,0.3349
53612,0,0.1705
53613,5,0.2248
53614,5,0.1679
53615,5,0.2273
53616,5,0.2678
53617,9,0.1105
53619,4,0.1454
53620,1,0.2064
53621,1,0.1998
53622,5,0.1233
53623,5,0.1486
53624,4,0.2017
53625,12,0.1356
53626,9,0.1440
53627,4,0.1606
53628,4,0.2145
53629,22,0.1722
53630,8,0.1980
53631,6,0.1349
53632,8,0.1659
53633,19,0.1223
53634,23,0.1153
53635,12,0.1130
53638,12,0.1105
53639,2,0.1821
53640,2,0.1452
53641,2,0.1170
53642,2,0.1744
53643,2,0.1881
53644,18,0.1141
53646,12,0.1318
53647,12,0.1396
53650,2,0.1496
53651,27,0.1640
53652,6,0.1436
53654,6,0.1541
53655,4,0.1287
53656,4,0.2576
53657,4,0.1241
53659,5,0.1791
53661,12,0.1170
53663,12,0.1138
53664,4,0.1216
53665,5,0.1401
53666,21,0.1427
53667,7,0.1256
53668,5,0.2041
53669,7,0.1784
53670,7,0.1762
53671,7,0.1212
53672,5,0.2500
53673,5,0.1936
53675,5,0.1276
53676,5,0.2507
53677,5,0.3764
53678,5,0.3481
53679,5,0.2326
53680,5,0.1704
53681,5,0.1801
53682,5,0.2121
53683,5,0.2243
53684,7,0.1460
53685,5,0.2281
53686,5,0.2649
53687,5,0.1420
53688,5,0.2043
53689,5,0.1648
53691,7,0.1710
53692,7,0.1199
53693,5,0.1386
53694,5,0.1663
53695,5,0.1305
53696,5,0.1507
53697,5,0.1921
53698,5,0.1791
53699,7,0.1325
53700,5,0.1988
53701,5,0.2600
53702,7,0.1604
53703,24,0.1794
53704,7,0.1707
53705,5,0.2644
53706,7,0.1760
53707,7,0.1984
53708,5,0.1506
53709,5,0.1411
53710,5,0.1679
53711,7,0.1376
53712,7,0.1767
53713,7,0.1236
53714,21,0.1064
53715,7,0.1819
53716,7,0.1772
53717,7,0.1977
53718,5,0.1392
53719,5,0.1113
53720,7,0.1461
53721,7,0.1339
53722,5,0.1885
53723,5,0.2142
53724,7,0.1202
53725,7,0.2082
53726,5,0.2140
53727,7,0.1047
53728,5,0.1545
53729,5,0.2054
53730,5,0.2089
53731,5,0.2140
53732,5,0.1476
53733,5,0.2048
53734,5,0.1836
53735,5,0.1692
53736,5,0.2170
53737,5,0.1673
53738,9,0.1587
53739,7,0.1574
53741,7,0.1399
53742,7,0.1444
53743,7,0.1341
53744,5,0.1652
53745,7,0.1927
53746,5,0.1310
53747,5,0.2745
53748,5,0.1517
53749,5,0.1147
53750,5,0.1636
53751,5,0.1869
53752,5,0.1533
53753,5,0.1946
53754,7,0.1799
53755,7,0.1188
53756,5,0.2269
53757,5,0.1184
53758,5,0.1984
53759,5,0.2826
53760,5,0.1721
53761,5,0.1821
53762,5,0.2032
53763,7,0.1168
53764,5,0.1071
53765,7,0.1415
53767,5,0.1776
53768,5,0.2023
53769,5,0.1718
53770,7,0.1542
53771,7,0.1482
53772,5,0.2535
53773,5,0.1464
53775,5,0.1994
53776,5,0.2537
53777,8,0.8324
53778,8,0.4197
53779,10,0.1369
53780,23,0.1284
53781,8,0.9497
53782,8,0.9783
53783,8,0.9986
53784,8,0.9985
53785,8,0.9619
53786,8,0.4928
53787,8,0.5610
53788,8,0.2945
53789,21,0.1932
53790,5,0.1860
53791,5,0.1697
53792,5,0.1762
53793,19,0.1040
53795,5,0.1985
53796,5,0.1453
53797,7,0.1415
53798,7,0.1809
53799,5,0.1655
53800,21,0.1083
53801,7,0.1227
53804,5,0.2241
53805,5,0.3643
53806,5,0.2278
53807,5,0.1193
53808,4,0.5203
53809,18,0.1828
53810,5,0.1669
53811,2,0.1765
53812,2,0.1910
53814,5,0.2163
53815,19,0.1484
53816,12,0.1324
53817,5,0.1302
53818,5,0.1454
53819,5,0.3133
53820,5,0.1565
53821,5,0.2317
53822,5,0.2851
53823,5,0.1956
53824,5,0.1885
53825,5,0.1747
53826,5,0.2485
53827,5,0.2628
53828,5,0.3151
53829,19,0.1563
53830,19,0.2299
53831,5,0.3251
53832,5,0.2100
53833,7,0.1545
53834,5,0.1457
53835,7,0.1604
53836,7,0.1390
53837,5,0.1721
53838,5,0.2584
53839,5,0.2354
53840,5,0.1959
53841,5,0.1556
53842,5,0.1636
53843,5,0.2403
53844,5,0.2323
53845,5,0.3385
53846,5,0.2813
53847,5,0.2995
53848,5,0.2332
53849,5,0.1477
53850,0,0.1945
53851,0,0.3099
53852,5,0.2311
53853,5,0.1826
53854,5,0.3506
53855,5,0.2579
53856,5,0.3643
53857,5,0.3664
53858,5,0.1849
53859,5,0.1649
53860,5,0.1429
53861,5,0.1921
53862,5,0.2109
53863,7,0.1246
53864,24,0.1768
53865,24,0.1098
53866,24,0.1043
53867,24,0.1037
53869,24,0.1076
53870,24,0.1131
53871,24,0.1079
53873,24,0.1080
53874,24,0.1232
53875,7,0.1042
53876,7,0.1343
53877,21,0.1333
53878,21,0.1338
53879,7,0.1910
53880,5,0.1795
53881,21,0.1204
53882,7,0.1695
53883,21,0.1225
53884,7,0.1314
53885,21,0.1264
53886,7,0.1454
53887,5,0.1124
53889,19,0.1096
53890,5,0.1717
53891,7,0.2061
53892,7,0.2405
53893,7,0.1898
53894,7,0.1699
53895,7,0.1327
53896,7,0.1646
53897,7,0.1631
53898,21,0.1778
53899,7,0.1903
53900,7,0.2386
53901,5,0.1882
53902,19,0.1166
53903,19,0.2045
53904,5,0.2124
53905,7,0.2141
53906,7,0.1859
53907,5,0.1751
53908,7,0.1830
53909,21,0.1243
53910,21,0.1731
53911,7,0.1344
53912,7,0.2494
53913,5,0.2579
53914,5,0.1579
53915,7,0.1269
53916,7,0.1499
53917,7,0.1610
53918,19,0.1275
53919,19,0.1223
53920,5,0.1339
53921,5,0.1107
53923,5,0.1322
53924,5,0.1633
53925,7,0.1454
53926,7,0.1165
53928,7,0.1520
53929,7,0.1168
53930,24,0.1058
53932,7,0.1252
53933,7,0.1632
53934,21,0.1800
53935,7,0.2503
53936,7,0.2829
53937,19,0.1470
53938,33,0.1720
53939,32,0.1619
53941,7,0.1495
53942,19,0.1154
53943,19,0.1417
53944,8,0.1552
53945,0,0.1337
53946,7,0.1739
53947,7,0.1652
53948,5,0.1790
53949,7,0.1808
53950,15,0.1546
53951,5,0.2058
53952,19,0.1064
53953,5,0.1226
53954,5,0.1955
53955,5,0.1081
53957,7,0.1276
53961,5,0.1395
53962,7,0.1575
53963,21,0.1610
53964,21,0.1324
53965,21,0.1040
53966,0,0.1443
53967,7,0.1330
53968,7,0.1241
53969,7,0.1739
53970,7,0.1606
53971,7,0.1665
53972,7,0.1467
53973,32,0.1303
53974,24,0.2857
53975,20,0.1597
53976,16,0.2815
53977,16,0.3111
53978,8,0.1156
53979,31,0.1186
53980,16,0.3458
53981,16,0.1410
53982,16,0.1739
53983,16,0.1805
53984,4,0.4617
53987,2,0.1528
53988,25,0.1107
53989,18,0.1378
53990,28,0.1372
53992,2,0.1307
53994,19,0.1108
53995,19,0.1472
53996,19,0.1587
53997,6,0.1290
53998,7,0.1652
53999,15,0.1243
54000,19,0.1821
54001,18,0.1830
54002,2,0.1148
54003,15,0.1747
54005,27,0.1458
54006,33,0.2317
54008,4,0.1626
54009,16,0.1392
54010,16,0.2747
54011,16,0.1439
54012,16,0.1341
54014,25,0.1447
54016,5,0.2055
54017,25,0.1170
54018,2,0.1047
54019,25,0.1217
54020,15,0.1108
54021,15,0.1188
54022,21,0.2047
54023,19,0.2547
54024,16,0.1344
54025,19,0.1280
54026,25,0.1114
54028,30,0.1141
54029,33,0.1198
54030,16,0.2103
54032,19,0.1241
54033,20,0.1220
54034,19,0.1396
54035,19,0.1267
54036,16,0.1415
54037,8,0.4649
54038,28,0.1249
54040,22,0.2043
54041,7,0.1097
54042,14,0.1136
54043,15,0.1445
54046,27,0.1352
54049,28,0.1219
54050,30,0.1338
54051,19,0.1278
54052,25,0.1125
54053,22,0.1175
54055,16,0.1127
54056,8,0.1082
54058,22,0.1339
54060,4,0.1559
54061,4,0.2362
54062,5,0.1118
54063,6,0.1170
54064,9,0.2398
54065,5,0.1677
54066,5,0.1745
54067,9,0.2197
54068,9,0.1197
54069,5,0.1366
54070,5,0.1275
54071,9,0.1625
54073,5,0.1627
54074,6,0.1269
54075,9,0.1340
54076,5,0.3134
54077,5,0.1503
54078,5,0.2347
54079,5,0.1298
54080,8,0.1586
54081,5,0.1500
54082,5,0.2815
54083,9,0.1996
54084,9,0.1639
54085,9,0.1298
54086,5,0.2009
54087,5,0.1074
54088,5,0.1561
54089,9,0.1363
54091,5,0.1889
54093,9,0.1430
54094,9,0.1615
54095,9,0.1517
54096,8,0.1670
54097,9,0.2304
54098,9,0.1311
54099,5,0.1655
54100,5,0.2335
54101,5,0.1627
54103,19,0.1113
54104,5,0.1041
54105,5,0.1413
54106,9,0.1412
54107,5,0.1538
54108,5,0.1856
54109,5,0.2315
54110,5,0.2022
54111,1,0.1250
54112,5,0.2842
54113,5,0.3286
54114,7,0.1126
54115,9,0.1196
54116,5,0.1312
54117,19,0.1146
54118,7,0.1100
54119,5,0.1149
54120,6,0.1268
54122,5,0.1427
54123,5,0.1706
54124,19,0.1252
54125,6,0.1450
54126,19,0.1046
54127,19,0.1224
54129,19,0.1335
54132,5,0.1331
54133,5,0.1094
54134,5,0.2251
54135,5,0.2664
54136,9,0.2362
54137,5,0.2984
54138,9,0.3247
54139,5,0.3057
54140,9,0.1196
54141,5,0.2207
54142,5,0.1494
54143,5,0.2020
54144,9,0.1845
54145,5,0.2444
54146,5,0.1834
54147,5,0.1915
54149,9,0.1421
54150,5,0.1747
54151,5,0.2284
54152,7,0.1889
54154,5,0.1080
54155,6,0.1228
54156,5,0.1606
54158,8,0.1132
54159,5,0.1593
54160,9,0.2408
54161,5,0.3420
54162,6,0.1053
54163,1,0.1721
54164,5,0.1678
54166,5,0.1375
54167,5,0.3445
54169,5,0.2218
54170,19,0.1033
54172,7,0.1239
54173,5,0.1250
54175,5,0.1604
54178,5,0.1399
54179,5,0.2820
54180,31,0.1040
54181,32,0.2159
54182,13,0.1780
54183,2,0.4333
54184,2,0.4359
54185,2,0.3015
54186,2,0.3561
54188,5,0.1755
54189,5,0.1312
54190,5,0.1350
54191,5,0.2195
54194,5,0.2521
54195,5,0.1795
54197,6,0.1464
54198,6,0.1167
54199,9,0.2211
54201,4,0.3529
54202,1,0.1670
54203,5,0.2585
54204,5,0.3113
54205,5,0.1829
54206,5,0.3184
54208,5,0.1499
54210,9,0.2638
54211,5,0.2335
54212,5,0.2772
54213,19,0.1302
54214,5,0.1832
54215,8,0.5765
54216,8,0.9977
54217,8,0.9989
54218,8,0.9072
54219,28,0.2176
54220,4,0.1379
54222,4,0.1720
54223,19,0.1295
54224,5,0.1696
54225,5,0.2682
54227,6,0.1121
54228,5,0.1371
54229,19,0.1431
54230,5,0.1749
54231,5,0.1388
54232,5,0.1692
54233,5,0.3633
54234,5,0.1161
54236,5,0.1276
54237,5,0.3255
54238,5,0.1395
54239,5,0.2087
54240,19,0.1049
54241,23,0.1233
54242,5,0.3873
54243,5,0.2987
54244,5,0.2557
54245,5,0.1037
54246,1,0.1876
54248,5,0.2350
54250,21,0.1612
54251,21,0.1685
54252,8,0.5202
54253,8,0.5854
54254,19,0.1063
54256,7,0.1295
54257,21,0.2223
54258,24,0.1649
54259,32,0.1242
54261,7,0.1813
54262,5,0.1643
54264,16,0.1315
54265,0,0.1173
54266,21,0.1666
54267,7,0.2093
54268,7,0.1623
54270,33,0.1664
54271,12,0.1521
54272,19,0.1501
54273,0,0.1344
54274,9,0.1522
54275,7,0.1581
54277,1,0.1495
54278,5,0.1246
54282,32,0.1273
54283,7,0.2789
54284,7,0.1193
54286,19,0.1233
54287,5,0.2296
54288,21,0.2142
54289,7,0.2387
54290,7,0.2234
54291,5,0.1989
54292,7,0.1656
54293,24,0.2199
54294,7,0.2089
54295,7,0.2830
54296,5,0.1801
54297,0,0.1330
54298,19,0.1083
54299,0,0.2288
54300,0,0.1986
54301,5,0.1486
54302,5,0.1126
54303,1,0.1426
54304,7,0.1818
54305,7,0.2102
54306,5,0.1851
54307,7,0.2140
54308,7,0.1822
54309,5,0.1713
54310,21,0.1487
54311,7,0.1452
54312,7,0.1450
54313,7,0.1623
54314,7,0.1744
54316,7,0.1500
54317,7,0.1441
54318,5,0.1287
54319,21,0.1469
54320,0,0.1199
54321,32,0.1110
54322,23,0.1112
54323,19,0.1429
54325,19,0.1409
54326,7,0.1385
54327,15,0.1134
54328,32,0.1574
54329,17,0.1269
54330,19,0.1127
54331,1,0.1231
54332,0,0.1896
54334,11,0.1305
54335,31,0.1312
54336,32,0.1921
54337,17,0.1561
54338,19,0.1068
54339,31,0.1072
54341,25,0.1352
54342,21,0.1139
54344,16,0.1953
54345,9,0.1243
54346,21,0.1475
54347,7,0.1808
54348,7,0.1678
54349,21,0.1621
54350,7,0.1970
54351,7,0.2168
54352,21,0.1675
54353,21,0.1125
54354,7,0.1163
54355,7,0.1489
54356,21,0.1097
54357,24,0.1927
54358,21,0.1375
54359,21,0.1533
54360,21,0.1673
54361,21,0.1597
54362,0,0.1235
54363,0,0.1438
54364,0,0.1455
54365,19,0.1190
54366,21,0.1320
54367,8,0.4296
54368,30,0.1492
54369,0,0.1946
54370,8,0.1756
54371,7,0.1611
54372,1,0.1262
54373,7,0.1115
54374,21,0.1119
54375,21,0.1556
54378,21,0.2031
54379,7,0.2056
54380,21,0.1041
54381,0,0.2018
54383,7,0.3590
54384,7,0.2125
54385,15,0.1136
54386,7,0.1603
54387,7,0.1310
54389,16,0.1306
54391,21,0.1509
54393,0,0.1254
54396,8,0.2074
54397,22,0.1521
54399,0,0.1543
54400,21,0.1445
54402,19,0.1218
54403,16,0.1236
54404,0,0.1334
54405,7,0.1403
54406,8,0.8255
54407,8,0.1953
54408,0,0.1025
54409,21,0.1929
54410,21,0.1936
54411,21,0.1095
54412,7,0.1275
54413,0,0.1407
54414,15,0.1119
54415,7,0.1965
54416,7,0.2737
54417,11,0.1352
54418,21,0.1737
54419,7,0.1557
54420,21,0.1679
54421,21,0.1562
54423,21,0.1538
54424,21,0.1734
54425,21,0.1621
54426,0,0.1839
54427,8,0.2453
54428,7,0.2108
54429,7,0.1167
54430,7,0.2045
54431,21,0.1244
54433,19,0.1255
54434,21,0.1065
54435,21,0.1397
54436,19,0.1261
54439,31,0.1444
54440,31,0.1098
54441,9,0.1213
54442,9,0.1719
54443,9,0.1468
54444,22,0.1541
54445,19,0.2205
54446,19,0.1663
54447,19,0.2282
54448,23,0.1527
54449,12,0.1458
54450,23,0.1129
54451,19,0.1796
54452,19,0.2828
54453,19,0.1609
54454,16,0.1451
54456,19,0.1563
54457,19,0.1611
54458,9,0.2012
54459,19,0.2130
54460,5,0.1793
54461,4,0.1344
54462,19,0.1166
54463,19,0.1449
54464,19,0.1446
54465,23,0.1834
54466,9,0.3119
54467,9,0.3694
54468,9,0.1521
54469,9,0.1660
54470,19,0.2253
54471,23,0.1536
54472,23,0.1152
54473,19,0.1691
54474,19,0.1789
54475,19,0.1599
54477,23,0.2036
54478,19,0.2265
54479,23,0.1497
54480,23,0.1373
54481,23,0.1934
54482,23,0.2248
54484,23,0.1181
54485,23,0.1336
54486,28,0.1634
54487,23,0.1350
54488,23,0.1544
54489,8,0.1695
54490,23,0.1542
54491,23,0.1904
54492,22,0.1694
54493,23,0.1906
54494,23,0.2075
54495,23,0.1743
54496,19,0.1843
54497,23,0.1802
54498,23,0.2197
54499,19,0.2157
54500,23,0.1341
54501,12,0.1249
54502,5,0.2244
54503,5,0.1393
54504,5,0.1752
54505,23,0.1551
54506,23,0.1721
54507,6,0.1252
54508,23,0.1375
54509,19,0.1422
54510,9,0.1743
54511,9,0.2024
54512,19,0.1621
54513,9,0.2250
54514,9,0.3030
54515,19,0.2588
54516,19,0.1891
54517,19,0.1783
54518,19,0.2269
54519,23,0.2233
54520,23,0.1961
54521,19,0.2207
54522,19,0.3183
54523,19,0.1362
54524,5,0.2355
54525,19,0.2378
54526,19,0.1667
54527,28,0.1181
54528,28,0.1268
54529,23,0.2346
54530,19,0.2227
54531,9,0.1679
54532,9,0.1343
54533,19,0.1756
54534,23,0.1553
54535,16,0.1473
54536,5,0.2129
54537,5,0.2001
54538,23,0.1528
54539,19,0.2576
54540,19,0.2655
54541,23,0.1893
54542,23,0.2279
54543,23,0.1758
54544,19,0.2138
54545,9,0.2633
54546,23,0.1738
54547,19,0.1605
54548,19,0.2257
54549,23,0.1850
54550,19,0.2109
54551,23,0.2512
54552,23,0.1672
54553,23,0.1403
54554,8,0.3942
54555,19,0.2258
54556,19,0.2334
54557,5,0.2798
54558,19,0.2064
54559,19,0.2021
54560,19,0.1779
54561,9,0.1405
54562,9,0.2329
54563,9,0.1230
54564,19,0.2272
54565,8,0.2327
54566,23,0.1901
54567,16,0.1630
54568,9,0.1838
54569,5,0.1537
54570,23,0.1063
54571,23,0.1779
54572,23,0.1803
54573,19,0.1607
54574,9,0.3176
54575,9,0.3093
54576,9,0.1757
54577,19,0.1853
54578,19,0.1526
54579,9,0.1634
54580,8,0.1852
54581,9,0.2583
54582,9,0.2525
54583,23,0.1755
54584,19,0.2337
54585,19,0.1943
54586,9,0.1727
54587,9,0.2376
54588,12,0.1523
54589,23,0.1666
54590,23,0.1959
54591,19,0.1912
54592,9,0.2187
54593,9,0.1566
54594,9,0.1745
54596,19,0.1820
54597,19,0.1599
54598,23,0.2154
54599,19,0.2223
54600,19,0.1531
54601,9,0.3910
54602,9,0.2340
54603,9,0.1530
54604,19,0.1792
54605,19,0.1761
54606,9,0.2701
54607,9,0.1366
54609,23,0.1666
54610,19,0.1794
54611,9,0.4169
54612,23,0.1513
54613,23,0.1457
54614,16,0.1410
54615,23,0.1774
54616,19,0.2649
54617,19,0.1637
54618,9,0.1770
54619,19,0.1388
54620,5,0.1617
54621,23,0.2005
54622,16,0.2172
54623,16,0.2856
54624,9,0.2298
54625,19,0.1860
54626,23,0.1912
54627,23,0.2023
54628,19,0.1960
54629,9,0.2435
54631,7,0.1293
54632,31,0.1255
54633,1,0.1721
54635,5,0.1580
54636,5,0.1276
54637,7,0.1107
54640,2,0.1225
54641,32,0.1168
54642,5,0.1645
54643,5,0.1070
54644,7,0.1301
54645,7,0.1417
54646,21,0.1283
54647,9,0.2185
54648,0,0.2250
54649,0,0.3980
54650,1,0.1969
54651,0,0.1542
54653,2,0.2023
54654,12,0.2188
54655,19,0.1958
54656,19,0.1090
54657,23,0.1678
54658,23,0.2053
54659,23,0.1658
54660,1,0.1800
54661,1,0.1589
54662,5,0.2419
54663,13,0.1910
54664,2,0.2868
54665,2,0.1628
54666,6,0.1368
54667,7,0.1199
54668,7,0.1407
54669,1,0.1124
54670,1,0.1641
54671,1,0.1749
54672,1,0.1852
54673,9,0.1733
54674,16,0.2434
54675,16,0.1043
54677,12,0.2094
54678,5,0.1595
54681,23,0.1134
54682,23,0.1265
54683,17,0.1365
54684,13,0.1497
54685,5,0.3338
54686,5,0.1781
54687,0,0.1252
54688,21,0.1089
54689,15,0.1142
54690,13,0.1411
54691,12,0.1829
54692,5,0.2095
54693,7,0.1269
54695,7,0.1416
54696,7,0.2501
54697,12,0.2164
54698,32,0.2885
54699,17,0.1207
54700,9,0.1601
54701,1,0.1435
54702,16,0.1520
54703,2,0.1124
54704,2,0.3405
54705,2,0.1618
54707,21,0.1321
54708,8,0.1368
54709,8,0.3275
54710,21,0.2180
54711,21,0.2889
54712,15,0.2264
54713,23,0.1840
54714,23,0.2597
54715,15,0.1935
54716,21,0.2202
54717,9,0.1645
54718,9,0.1594
54719,21,0.1910
54720,23,0.1846
54721,19,0.1410
54722,21,0.2227
54723,15,0.1701
54724,7,0.1942
54725,7,0.2559
54726,15,0.2110
54727,21,0.1418
54728,21,0.1855
54729,24,0.1287
54730,24,0.1444
54731,24,0.3058
54732,21,0.1724
54733,24,0.2059
54734,15,0.1544
54735,15,0.1849
54736,21,0.3124
54737,21,0.3821
54738,21,0.2584
54739,21,0.3089
54740,21,0.3404
54741,21,0.1914
54742,7,0.2262
54743,7,0.2359
54744,21,0.2224
54745,7,0.1983
54746,21,0.2128
54747,21,0.1782
54748,21,0.1736
54749,24,0.2301
54750,21,0.2310
54751,7,0.2552
54752,11,0.1722
54753,11,0.2331
54754,21,0.2002
54755,21,0.2999
54756,21,0.2680
54757,7,0.2371
54758,21,0.3207
54759,7,0.2575
54760,21,0.1901
54761,15,0.1964
54762,19,0.1220
54763,10,0.1650
54764,24,0.2158
54765,8,0.1347
54766,19,0.1675
54767,7,0.2399
54768,7,0.1508
54769,22,0.1524
54770,20,0.1205
54771,6,0.1119
54772,19,0.1901
54773,19,0.1425
54774,8,0.1619
54775,19,0.1958
54776,19,0.1919
54777,15,0.1129
54778,20,0.2235
54779,24,0.1693
54780,24,0.1115
54781,19,0.1651
54782,24,0.2044
54783,24,0.2068
54784,24,0.1354
54785,24,0.1555
54787,8,0.1517
54788,8,0.1952
54789,20,0.1836
54791,5,0.1475
54792,8,0.2377
54793,19,0.1696
54794,19,0.1807
54795,19,0.1765
54796,22,0.2296
54797,20,0.1260
54798,19,0.2069
54799,19,0.2507
54800,19,0.2013
54801,19,0.1665
54802,8,0.1117
54803,19,0.1387
54804,19,0.2185
54805,19,0.1436
54806,22,0.1202
54807,19,0.1470
54808,19,0.2308
54809,19,0.1747
54810,22,0.2232
54811,8,0.2245
54812,19,0.2839
54813,6,0.1586
54814,6,0.1619
54816,8,0.4373
54817,8,0.3260
54818,22,0.1629
54819,8,0.5567
54820,19,0.1512
54821,21,0.2465
54822,15,0.1974
54823,9,0.1761
54824,19,0.2110
54825,19,0.1851
54826,19,0.2271
54827,21,0.1772
54828,15,0.2268
54829,9,0.1590
54830,19,0.1869
54831,5,0.3413
54832,15,0.2579
54833,9,0.2902
54834,19,0.1711
54835,7,0.2332
54836,15,0.1576
54837,9,0.2310
54838,9,0.3042
54839,9,0.3395
54840,19,0.2255
54841,9,0.3388
54842,19,0.1714
54843,19,0.2987
54844,5,0.2793
54845,5,0.2668
54846,19,0.1299
54847,15,0.2068
54848,19,0.1958
54849,5,0.1883
54850,15,0.2392
54851,19,0.1271
54852,15,0.2144
54853,16,0.1855
54855,9,0.3520
54856,19,0.2207
54857,5,0.2279
54858,9,0.1859
54859,9,0.1981
54860,9,0.1564
54861,15,0.1721
54862,5,0.1545
54863,19,0.1142
54864,9,0.1694
54865,5,0.2232
54866,7,0.2437
54867,11,0.1200
54868,19,0.2040
54869,19,0.2137
54870,9,0.1452
54871,9,0.1564
54872,21,0.1631
54873,9,0.2270
54874,15,0.2136
54875,9,0.4061
54876,0,0.3388
54877,8,0.6681
54878,5,0.3138
54879,5,0.1427
54880,11,0.1412
54881,19,0.1417
54882,19,0.1321
54883,31,0.1455
54884,11,0.1475
54885,5,0.1886
54886,21,0.2117
54887,9,0.3317
54888,9,0.2413
54889,9,0.2296
54890,9,0.2383
54891,9,0.2627
54892,9,0.2122
54893,9,0.2439
54894,9,0.2029
54895,15,0.1508
54896,9,0.2234
54897,7,0.1831
54898,15,0.1434
54899,19,0.1776
54900,9,0.1749
54901,7,0.1411
54902,15,0.1295
54903,9,0.1818
54904,15,0.1699
54905,19,0.2228
54906,7,0.2771
54907,21,0.1676
54908,21,0.1625
54909,21,0.3348
54910,9,0.4355
54911,21,0.2112
54912,7,0.1695
54913,15,0.1653
54914,31,0.1774
54915,9,0.2239
54916,9,0.2233
54917,5,0.2434
54918,7,0.2304
54919,17,0.1614
54920,9,0.1372
54921,15,0.1179
54922,15,0.1220
54923,9,0.1575
54924,9,0.2493
54925,9,0.2794
54926,21,0.1380
54927,7,0.1862
54928,7,0.2527
54929,9,0.3719
54930,9,0.3232
54931,9,0.2720
54932,9,0.2924
54933,9,0.2544
54934,9,0.3280
54935,21,0.1331
54936,7,0.1722
54937,16,0.2266
54938,8,0.1713
54939,7,0.1679
54941,15,0.1572
54942,21,0.1959
54943,9,0.2389
54944,5,0.2095
54945,19,0.1402
54946,21,0.1808
54947,19,0.1544
54948,9,0.2022
54949,21,0.1640
54950,11,0.1577
54951,21,0.2043
54952,5,0.2159
54953,15,0.1211
54954,5,0.1121
54955,9,0.1627
54956,9,0.2530
54957,19,0.1390
54958,9,0.1617
54959,19,0.1830
54960,9,0.2923
54961,9,0.2360
54962,5,0.3411
54963,5,0.2869
54964,5,0.2280
54965,9,0.2850
54966,9,0.2001
54967,9,0.2275
54968,9,0.4402
54969,9,0.4178
54970,9,0.2365
54971,9,0.1697
54972,21,0.1547
54973,7,0.2164
54974,7,0.1832
54975,19,0.1562
54976,21,0.1516
54977,19,0.1887
54978,5,0.2302
54979,9,0.2863
54980,9,0.2240
54981,19,0.2161
54982,21,0.1783
54983,9,0.1287
54984,19,0.2351
54985,7,0.1844
54986,19,0.1351
54987,9,0.1687
54988,1,0.2130
54989,0,0.1109
54990,7,0.1525
54991,9,0.1550
54992,9,0.4163
54993,9,0.2506
54994,9,0.2759
54995,9,0.1838
54996,9,0.2374
54997,9,0.4763
54998,9,0.1581
54999,9,0.2146
55000,7,0.1563
55001,19,0.1413
55002,19,0.1384
55003,7,0.1601
55004,10,0.1403
55005,5,0.1849
55006,9,0.1754
55007,19,0.1356
55008,6,0.1162
55009,19,0.1090
55010,5,0.1760
55011,19,0.1785
55012,7,0.1249
55013,21,0.1908
55014,21,0.1738
55015,19,0.1386
55016,7,0.1426
55017,7,0.1716
55018,7,0.2015
55019,21,0.2087
55020,7,0.2371
55021,19,0.1654
55022,16,0.4801
55023,16,0.3991
55024,8,0.5477
55025,8,0.8011
55026,8,0.4295
55027,8,0.6031
55028,8,0.5207
55029,8,0.7469
55030,22,0.2287
55031,23,0.2245
55032,23,0.1315
55033,19,0.1925
55034,19,0.1691
55035,24,0.1256
55036,22,0.1522
55037,22,0.1133
55038,24,0.1653
55039,8,0.3425
55040,8,0.3544
55042,24,0.1458
55043,16,0.1393
55044,19,0.1040
55045,19,0.1192
55046,19,0.1220
55047,8,0.4315
55048,16,0.4075
55049,8,0.3771
55050,8,0.8011
55051,16,0.4205
55052,16,0.2546
55053,32,0.1292
55054,19,0.1502
55055,22,0.1839
55057,19,0.3030
55058,19,0.1912
55059,11,0.1327
55060,7,0.1532
55061,21,0.1838
55062,21,0.1597
55063,11,0.1047
55064,11,0.1051
55065,21,0.1184
55066,24,0.1093
55067,11,0.1251
55070,21,0.1319
55071,7,0.1273
55072,7,0.1095
55073,7,0.1222
55074,21,0.1383
55075,21,0.1092
55076,21,0.1387
55077,21,0.1445
55078,21,0.1184
55079,32,0.1311
55080,5,0.1552
55081,0,0.1695
55082,15,0.1265
55083,15,0.1332
55084,0,0.2031
55085,13,0.1124
55086,16,0.1348
55087,1,0.2088
55088,0,0.2771
55089,0,0.1491
55090,3,0.1600
55091,32,0.2840
55092,7,0.2185
55093,21,0.1978
55094,7,0.1744
55095,7,0.1410
55096,7,0.1338
55097,21,0.1699
55098,24,0.1317
55099,7,0.1058
55100,7,0.1632
55101,21,0.1214
55102,21,0.1501
55103,21,0.1398
55104,7,0.1443
55106,7,0.1275
55107,11,0.2010
55108,1,0.1973
55109,21,0.1230
55110,11,0.2097
55111,21,0.1752
55112,21,0.1889
55113,21,0.2397
55114,21,0.2282
55115,21,0.1722
55116,21,0.1879
55117,7,0.2360
55118,7,0.1425
55120,21,0.1059
55123,7,0.1111
55124,21,0.1254
55125,7,0.1050
55127,0,0.1507
55128,0,0.1350
55129,21,0.1328
55130,21,0.1308
55131,21,0.1173
55132,21,0.1201
55133,7,0.1273
55134,21,0.1127
55136,0,0.1595
55137,11,0.1655
55138,21,0.1738
55139,21,0.1812
55140,7,0.1513
55141,7,0.1960
55142,21,0.2241
55143,21,0.1767
55144,21,0.2127
55145,21,0.2543
55146,8,0.3090
55147,8,0.2774
55148,0,0.2364
55149,0,0.3901
55150,0,0.3307
55151,7,0.1948
55152,7,0.1323
55153,21,0.2116
55154,21,0.1659
55155,7,0.1734
55156,7,0.1055
55157,21,0.1325
55158,21,0.1697
55159,21,0.1158
55160,21,0.1592
55161,21,0.1112
55162,7,0.1286
55163,7,0.1278
55164,0,0.1171
55165,32,0.1884
55166,0,0.2025
55167,7,0.2538
55168,7,0.1307
55169,32,0.4183
55170,31,0.1374
55171,31,0.1095
55172,31,0.2214
55173,21,0.1228
55174,11,0.1653
55175,32,0.3009
55176,32,0.2705
55177,25,0.1502
55178,12,0.1671
55179,30,0.1914
55180,21,0.1749
55181,8,0.1225
55182,22,0.1199
55183,19,0.1409
55184,1,0.1836
55185,23,0.1375
55186,24,0.1673
55188,19,0.1288
55189,8,0.3681
55190,4,0.1527
55191,5,0.1597
55192,8,0.1174
55193,24,0.1180
55195,21,0.1482
55196,21,0.2096
55197,21,0.1760
55198,7,0.1052
55199,7,0.1237
55200,24,0.2358
55201,19,0.2142
55202,19,0.2116
55203,19,0.2411
55204,19,0.2625
55205,11,0.2025
55206,21,0.1514
55207,8,0.2574
55208,8,0.1391
55209,5,0.1424
55210,9,0.1444
55211,8,0.3154
55212,9,0.4802
55213,9,0.4519
55214,8,0.4541
55215,11,0.1521
55216,9,0.3615
55217,9,0.5108
55218,9,0.3657
55220,8,0.4783
55221,9,0.4236
55223,7,0.1310
55224,8,0.1730
55225,9,0.4330
55226,9,0.1665
55227,8,0.3581
55228,8,0.4116
55229,8,0.2463
55230,8,0.1536
55231,7,0.1649
55232,24,0.2342
55233,24,0.1502
55234,24,0.1607
55235,21,0.1740
55236,21,0.1318
55237,0,0.1232
55238,7,0.1882
55239,7,0.2168
55240,21,0.1802
55241,21,0.1926
55242,21,0.1605
55243,21,0.1535
55244,21,0.2086
55245,7,0.1987
55246,7,0.2157
55247,7,0.1772
55248,21,0.1632
55249,21,0.1777
55250,21,0.1679
55251,21,0.1546
55252,21,0.1904
55253,5,0.1934
55254,19,0.1450
55255,9,0.2406
55256,9,0.1488
55257,11,0.1624
55258,9,0.4036
55259,11,0.2402
55260,8,0.1827
55261,8,0.2311
55262,8,0.1870
55263,9,0.2915
55264,9,0.5579
55265,9,0.1574
55266,8,0.1620
55267,9,0.3540
55268,11,0.1415
55269,9,0.4133
55270,9,0.5505
55271,11,0.1500
55272,21,0.1621
55273,9,0.2613
55274,11,0.1196
55275,8,0.2990
55276,9,0.2288
55277,7,0.1627
55278,8,0.1813
55279,8,0.3326
55280,21,0.1223
55281,0,0.1185
55282,8,0.3735
55283,9,0.1629
55284,7,0.1659
55285,21,0.1404
55286,21,0.1572
55287,21,0.1277
55288,24,0.1128
55290,7,0.1046
55291,7,0.1361
55292,7,0.1643
55293,5,0.1819
55294,19,0.1519
55295,5,0.1275
55296,5,0.1241
55297,7,0.1800
55298,7,0.1448
55299,9,0.1234
55300,5,0.1564
55301,13,0.1756
55302,13,0.1440
55303,13,0.2573
55305,12,0.1699
55306,1,0.1159
55307,19,0.1880
55308,21,0.1973
55310,15,0.1572
55311,8,0.3352
55312,8,0.2845
55313,13,0.1537
55314,16,0.1302
55315,8,0.4829
55316,28,0.1879
55317,16,0.1229
55319,7,0.1477
55320,19,0.1201
55321,8,0.2809
55323,24,0.1228
55324,24,0.1996
55325,5,0.1648
55326,19,0.1182
55327,30,0.1513
55328,0,0.1795
55329,19,0.1381
55330,7,0.1807
55331,7,0.1686
55332,19,0.1224
55333,19,0.1256
55334,7,0.1919
55335,7,0.1643
55336,7,0.1211
55337,5,0.1278
55338,7,0.1148
55339,7,0.1131
55340,7,0.1244
55341,0,0.3141
55342,0,0.2108
55344,7,0.1792
55345,7,0.1618
55346,7,0.1432
55347,7,0.1924
55348,19,0.1573
55349,19,0.1187
55350,7,0.1339
55351,7,0.1263
55352,5,0.1851
55353,7,0.1430
55354,19,0.1657
55356,2,0.2699
55357,12,0.1856
55358,1,0.1736
55359,25,0.1594
55360,14,0.1552
55361,5,0.1424
55364,8,0.1875
55365,7,0.2233
55366,15,0.1277
55368,7,0.1981
55370,7,0.1311
55371,15,0.1903
55372,32,0.1344
55373,8,0.2328
55374,13,0.1568
55375,7,0.2552
55376,7,0.1390
55379,24,0.1794
55380,11,0.2587
55381,11,0.3002
55382,7,0.1822
55383,11,0.2637
55384,11,0.1810
55385,11,0.1639
55386,11,0.2379
55387,7,0.1642
55388,7,0.1603
55389,21,0.1106
55390,11,0.1576
55391,21,0.2046
55392,19,0.1918
55393,7,0.2394
55394,11,0.1665
55395,21,0.1202
55396,1,0.2171
55397,31,0.1088
55398,23,0.1331
55399,0,0.1543
55400,1,0.2157
55401,1,0.1779
55402,19,0.1570
55403,7,0.1747
55405,21,0.1258
55406,21,0.1238
55407,21,0.1715
55408,0,0.1304
55409,16,0.2914
55410,0,0.1316
55411,15,0.2263
55412,7,0.2225
55413,19,0.1953
55414,19,0.1965
55415,11,0.1433
55416,19,0.1813
55417,32,0.2537
55418,31,0.1167
55419,15,0.1434
55420,11,0.2438
55421,21,0.1649
55422,19,0.2977
55423,11,0.1631
55424,11,0.2925
55425,21,0.1310
55426,11,0.2157
55427,1,0.2215
55428,21,0.1400
55429,7,0.1941
55430,21,0.1315
55431,15,0.1520
55432,31,0.1640
55433,7,0.1040
55434,24,0.1813
55435,19,0.1099
55436,15,0.1694
55437,7,0.1394
55438,32,0.1532
55439,32,0.1915
55440,31,0.1351
55441,21,0.2053
55442,11,0.1292
55443,31,0.1693
55444,31,0.1290
55446,19,0.1411
55447,11,0.1639
55448,11,0.1966
55449,7,0.1090
55450,21,0.1282
55451,21,0.1311
55452,11,0.2309
55453,21,0.2170
55454,11,0.1634
55455,32,0.1305
55456,19,0.1671
55457,7,0.1391
55459,19,0.1131
55460,21,0.1230
55462,6,0.1187
55463,19,0.1275
55464,5,0.1407
55465,19,0.1202
55467,6,0.1170
55470,5,0.1112
55471,5,0.1275
55472,5,0.1099
55473,5,0.1325
55474,5,0.1550
55475,7,0.1404
55476,7,0.1083
55477,21,0.1136
55478,5,0.1125
55479,7,0.1208
55480,21,0.1030
55481,7,0.1033
55482,21,0.1031
55483,7,0.1372
55484,24,0.1390
55485,21,0.1523
55486,21,0.1706
55487,21,0.2044
55488,21,0.1490
55491,19,0.1459
55492,21,0.1462
55493,21,0.1438
55494,21,0.1758
55495,21,0.1818
55498,21,0.1547
55499,7,0.1662
55500,21,0.1396
55501,21,0.1721
55502,24,0.1949
55503,21,0.1823
55505,19,0.1056
55506,10,0.1732
55507,10,0.1453
55508,24,0.2007
55509,24,0.1913
55511,8,0.1447
55512,19,0.1562
55513,24,0.1672
55514,24,0.1164
55515,19,0.1704
55516,5,0.1467
55517,19,0.1289
55518,19,0.1428
55519,5,0.1514
55520,19,0.1873
55521,19,0.1210
55522,24,0.1050
55523,24,0.1562
55524,24,0.1425
55525,24,0.1564
55526,19,0.1548
55527,24,0.1600
55528,24,0.2137
55529,24,0.1745
55530,24,0.1150
55531,24,0.1485
55532,19,0.1404
55533,24,0.1757
55534,24,0.2013
55535,19,0.1546
55536,7,0.1792
55537,7,0.1354
55538,7,0.1546
55539,7,0.1193
55541,24,0.1624
55542,21,0.1544
55543,7,0.1317
55544,5,0.1991
55545,5,0.1714
55546,5,0.2210
55547,5,0.1805
55548,5,0.1193
55549,24,0.1176
55550,7,0.2397
55552,16,0.4153
55554,5,0.1155
55556,0,0.1579
55558,0,0.3209
55559,25,0.1707
55560,5,0.1628
55561,5,0.1527
55562,14,0.1443
55563,25,0.1144
55564,18,0.1308
55565,16,0.1690
55566,8,0.1871
55568,13,0.1535
55569,16,0.1682
55571,4,0.1283
55572,4,0.5824
55573,4,0.6277
55574,0,0.2815
55577,2,0.3006
55578,4,0.3845
55579,4,0.5129
55581,4,0.3903
55582,0,0.5120
55583,0,0.2638
55584,0,0.3629
55586,0,0.2223
55587,8,0.1923
55588,6,0.1150
55590,11,0.1128
55592,4,0.3675
55593,8,0.3287
55594,6,0.1192
55595,4,0.1276
55597,4,0.1385
55598,4,0.6011
55599,4,0.4787
55600,4,0.7042
55601,13,0.1925
55602,13,0.1478
55603,5,0.1593
55604,5,0.1411
55605,6,0.1099
55606,2,0.2594
55607,2,0.2246
55608,27,0.1129
55609,16,0.1410
55613,19,0.1116
55614,7,0.1513
55615,25,0.1038
55616,25,0.1106
55617,16,0.2393
55618,16,0.3998
55619,8,0.5210
55620,4,0.1412
55622,16,0.5091
55623,16,0.3977
55624,27,0.1104
55625,4,0.3603
55626,0,0.3348
55627,7,0.1105
55628,29,0.1058
55629,24,0.1054
55630,21,0.1316
55631,32,0.1803
55632,24,0.1319
55633,24,0.2952
55634,24,0.2353
55635,24,0.3237
55636,24,0.3063
55637,24,0.2438
55638,7,0.2345
55639,7,0.1401
55640,21,0.1354
55641,7,0.1750
55642,24,0.1212
55644,7,0.1594
55645,7,0.2166
55646,24,0.1989
55647,24,0.3086
55648,24,0.2358
55649,24,0.1902
55650,19,0.1759
55651,24,0.3078
55653,25,0.1391
55654,27,0.1162
55655,32,0.1652
55656,25,0.1168
55657,24,0.1221
55658,24,0.1461
55659,15,0.1108
55660,31,0.2163
55661,7,0.1490
55662,21,0.1344
55663,7,0.3201
55664,7,0.2708
55665,7,0.2292
55666,7,0.2381
55667,7,0.2903
55668,7,0.1522
55670,19,0.1337
55671,7,0.1120
55672,7,0.3471
55673,24,0.1327
55674,32,0.1371
55676,7,0.1164
55677,24,0.1307
55680,24,0.1621
55681,24,0.3139
55682,24,0.3802
55683,24,0.3591
55684,24,0.2635
55685,19,0.2014
55687,24,0.1618
55688,24,0.1627
55689,7,0.1768
55690,19,0.1930
55691,5,0.1268
55692,7,0.1650
55693,19,0.1611
55695,19,0.1707
55696,24,0.1268
55697,18,0.1119
55699,19,0.1771
55700,18,0.1136
55701,19,0.1393
55704,24,0.2793
55705,24,0.1113
55707,7,0.2222
55708,21,0.1787
55709,19,0.1814
55710,21,0.1813
55711,15,0.1545
55712,7,0.1875
55713,21,0.2376
55714,21,0.2277
55715,7,0.1932
55716,21,0.1778
55717,19,0.1846
55718,7,0.2717
55719,7,0.2148
55720,21,0.2688
55721,21,0.3601
55722,21,0.2501
55723,0,0.1290
55724,7,0.1751
55725,7,0.2147
55726,7,0.2006
55727,7,0.1564
55728,7,0.2632
55729,8,0.5288
55730,8,0.2476
55731,7,0.2206
55732,7,0.2103
55733,8,0.3736
55734,8,0.4080
55735,8,0.6425
55736,0,0.2697
55737,8,0.5108
55738,8,0.7364
55739,19,0.1419
55740,21,0.1305
55741,8,0.3548
55742,8,0.1672
55743,0,0.1363
55744,1,0.2166
55745,0,0.2311
55746,0,0.2243
55747,24,0.1348
55748,24,0.1080
55750,21,0.1327
55751,8,0.1713
55752,16,0.4276
55753,8,0.8853
55754,16,0.4421
55755,7,0.1570
55757,7,0.1038
55758,24,0.1673
55759,21,0.1580
55760,15,0.1449
55761,7,0.1464
55763,15,0.1136
55767,21,0.1163
55768,19,0.1409
55769,19,0.1990
55770,19,0.2041
55771,21,0.1842
55772,21,0.3709
55773,21,0.2549
55774,19,0.2776
55775,15,0.2233
55776,21,0.2818
55777,21,0.1293
55778,21,0.2580
55779,21,0.3263
55780,7,0.1669
55781,7,0.2586
55782,7,0.2118
55784,24,0.1115
55785,24,0.1059
55788,24,0.1081
55789,24,0.1287
55790,7,0.1431
55791,5,0.1457
55792,1,0.1373
55793,33,0.1901
55794,4,0.3213
55795,2,0.1301
55796,5,0.1084
55797,5,0.1388
55798,1,0.1184
55799,16,0.2590
55800,4,0.1451
55801,15,0.1435
55802,7,0.1328
55803,5,0.1549
55804,18,0.2700
55805,25,0.1220
55806,15,0.2588
55808,33,0.2452
55811,0,0.1329
55812,0,0.1059
55813,0,0.1258
55814,4,0.2505
55815,4,0.3131
55816,2,0.1532
55818,5,0.1514
55819,5,0.1713
55820,5,0.1655
55821,5,0.1403
55822,32,0.1245
55823,18,0.1238
55824,5,0.1301
55827,5,0.2296
55828,5,0.2001
55831,7,0.1100
55833,7,0.1306
55834,5,0.2175
55835,18,0.1451
55836,5,0.1408
55839,7,0.1233
55840,7,0.1206
55842,7,0.1073
55844,18,0.1063
55847,0,0.1076
55851,7,0.1053
55853,3,0.1152
55854,4,0.1618
55855,2,0.1637
55856,4,0.2828
55857,0,0.2738
55858,7,0.1254
55859,5,0.1087
55861,0,0.1612
55862,32,0.1365
55863,0,0.1601
55864,9,0.1210
55865,5,0.1178
55866,5,0.1487
55870,7,0.1095
55871,7,0.1065
55875,5,0.1363
55877,5,0.1255
55878,5,0.1176
55879,5,0.1454
55881,5,0.1122
55882,5,0.1506
55884,19,0.1193
55885,7,0.2034
55886,7,0.3031
55887,15,0.2298
55888,19,0.1446
55889,19,0.1630
55890,21,0.1506
55891,8,0.2989
55892,19,0.1664
55893,21,0.2744
55894,21,0.2336
55895,21,0.2091
55896,11,0.1634
55897,7,0.1176
55898,1,0.1497
55899,21,0.1221
55900,0,0.1640
55901,30,0.1926
55902,30,0.2637
55903,21,0.2448
55904,21,0.3220
55905,24,0.1394
55906,19,0.1676
55907,21,0.2572
55908,21,0.2961
55909,21,0.3054
55910,21,0.2159
55911,21,0.3784
55912,7,0.3760
55913,7,0.3371
55914,7,0.2733
55915,7,0.1758
55916,21,0.1677
55917,7,0.2169
55918,5,0.1924
55919,21,0.1962
55920,21,0.4480
55921,7,0.1832
55922,0,0.1266
55923,21,0.2533
55924,23,0.1650
55925,8,0.6878
55926,8,0.3544
55927,21,0.1275
55929,7,0.1516
55930,7,0.2347
55931,7,0.1421
55932,7,0.1104
55933,7,0.1274
55934,24,0.1452
55935,8,0.2583
55936,8,0.4521
55937,8,0.4202
55938,8,0.2745
55939,21,0.2696
55940,8,0.1634
55941,5,0.1193
55942,7,0.1961
55943,24,0.3400
55944,24,0.4008
55945,21,0.1680
55946,0,0.1047
55947,7,0.1192
55948,24,0.1363
55949,21,0.1485
55950,9,0.1907
55951,19,0.1982
55952,7,0.2644
55953,15,0.2807
55954,7,0.2184
55956,7,0.1389
55959,25,0.1318
55960,5,0.1518
55961,19,0.1339
55962,19,0.1776
55963,15,0.1859
55964,19,0.1471
55965,28,0.1667
55966,7,0.1191
55967,7,0.2290
55968,24,0.2092
55969,24,0.1761
55970,21,0.1919
55971,7,0.2376
55972,7,0.1771
55973,7,0.2167
55974,7,0.1726
55975,7,0.1499
55976,24,0.3037
55977,7,0.1466
55978,14,0.1236
55979,25,0.1112
55984,4,0.2937
55985,12,0.1429
55986,4,0.1094
55987,0,0.1127
55988,13,0.1546
55989,13,0.1904
55990,16,0.1277
55991,0,0.1753
55997,0,0.1306
55998,30,0.1100
56000,2,0.1874
56001,0,0.1032
56002,7,0.1462
56003,21,0.1624
56004,22,0.1093
56008,18,0.1075
56009,7,0.1025
56010,21,0.1171
56011,7,0.1505
56012,14,0.1734
56013,0,0.1625
56014,0,0.2020
56015,7,0.1113
56016,7,0.1110
56017,21,0.1911
56018,11,0.1059
56022,18,0.1035
56023,15,0.2766
56024,15,0.1901
56025,15,0.2056
56026,0,0.1800
56027,25,0.1202
56029,25,0.1572
56030,32,0.1445
56031,4,0.2165
56032,12,0.1198
56033,32,0.2178
56034,32,0.1412
56035,2,0.1139
56036,25,0.1226
56037,32,0.1253
56038,18,0.1254
56039,7,0.1768
56041,6,0.1514
56042,19,0.2563
56043,8,0.5205
56044,8,0.5276
56047,18,0.1270
56051,12,0.1291
56052,4,0.2521
56053,4,0.2620
56056,1,0.1414
56058,3,0.1163
56059,0,0.1338
56060,21,0.1054
56061,24,0.1132
56062,24,0.1138
56063,24,0.1188
56064,21,0.1247
56067,6,0.1133
56070,5,0.1144
56071,5,0.1161
56074,21,0.1121
56075,8,0.1261
56076,21,0.1310
56077,7,0.1284
56078,7,0.1684
56080,0,0.1196
56081,21,0.1234
56082,21,0.1262
56083,21,0.1149
56087,18,0.1317
56090,24,0.1104
56092,0,0.1106
56094,5,0.1028
56095,22,0.1180
56096,8,0.2100
56097,7,0.1654
56098,5,0.1427
56099,5,0.1249
56100,21,0.1172
56101,21,0.1231
56102,7,0.1350
56103,7,0.1461
56104,7,0.1382
56105,5,0.1121
56107,0,0.2209
56108,0,0.1098
56109,5,0.1089
56110,7,0.1064
56112,16,0.1428
56114,1,0.1480
56117,21,0.1568
56119,16,0.1954
56121,7,0.2067
56122,7,0.1324
56123,21,0.1439
56124,21,0.1193
56125,21,0.1274
56126,21,0.1049
56127,24,0.1677
56128,21,0.1162
56129,0,0.1331
56132,1,0.1384
56133,11,0.1630
56134,3,0.2163
56135,4,0.1726
56136,1,0.2299
56137,1,0.1641
56138,4,0.3659
56139,19,0.1204
56140,8,0.3038
56141,7,0.2195
56142,15,0.1964
56143,7,0.1796
56144,7,0.1368
56145,32,0.1099
56147,18,0.1052
56148,18,0.2249
56149,18,0.1240
56150,24,0.2113
56151,11,0.1083
56152,32,0.1282
56153,32,0.1678
56155,15,0.1446
56156,32,0.1332
56159,7,0.2111
56160,0,0.1112
56161,32,0.1840
56162,4,0.1162
56164,7,0.1654
56165,7,0.1627
56166,19,0.1231
56167,7,0.2205
56168,7,0.1391
56169,7,0.1708
56170,7,0.1436
56171,21,0.1688
56172,32,0.1137
56173,11,0.1948
56174,21,0.1385
56175,21,0.1208
56176,7,0.1094
56177,7,0.1738
56178,23,0.1144
56181,7,0.2170
56182,15,0.1296
56184,4,0.1654
56185,4,0.2291
56186,0,0.1262
56188,25,0.1254
56189,25,0.1272
56191,6,0.1164
56192,21,0.1833
56194,21,0.1162
56195,5,0.1968
56197,7,0.1105
56199,18,0.1186
56200,24,0.1844
56201,19,0.1820
56202,24,0.1958
56203,19,0.2376
56204,19,0.1298
56205,7,0.1246
56207,19,0.1341
56208,23,0.1096
56210,16,0.1155
56211,21,0.1350
56212,0,0.2449
56213,30,0.1647
56214,20,0.1813
56215,24,0.1357
56216,23,0.1057
56217,9,0.1815
56218,8,0.4369
56219,7,0.3142
56220,9,0.1507
56221,7,0.2720
56222,21,0.1475
56223,8,0.5337
56224,7,0.2912
56225,19,0.1498
56226,9,0.2151
56227,9,0.1943
56228,5,0.1510
56229,19,0.2174
56230,19,0.1820
56231,21,0.1569
56232,13,0.2308
56233,7,0.2404
56234,19,0.1516
56235,9,0.1866
56236,9,0.1448
56237,19,0.1276
56238,21,0.2097
56239,21,0.1640
56240,9,0.2584
56241,7,0.2059
56242,5,0.2040
56243,19,0.2375
56244,7,0.2242
56245,21,0.1658
56246,19,0.1364
56247,9,0.1767
56248,5,0.1357
56249,9,0.1768
56250,8,0.1950
56251,21,0.2319
56252,21,0.1454
56253,9,0.2680
56254,9,0.5113
56255,9,0.3665
56256,9,0.1979
56257,0,0.1398
56258,9,0.2600
56259,9,0.2913
56260,21,0.2541
56261,21,0.2226
56262,8,0.2940
56263,9,0.2522
56264,8,0.4478
56265,8,0.6186
56266,8,0.4763
56267,8,0.2612
56268,7,0.1750
56269,21,0.1750
56270,8,0.4033
56271,8,0.1628
56272,8,0.1180
56273,19,0.1334
56274,19,0.1165
56275,7,0.1627
56276,21,0.1439
56277,8,0.1414
56278,8,0.4864
56279,8,0.6043
56280,8,0.2201
56281,8,0.5403
56282,9,0.5361
56283,9,0.2952
56284,21,0.2054
56285,21,0.1931
56286,9,0.2080
56287,11,0.1435
56288,21,0.1445
56289,8,0.3464
56290,9,0.1733
56291,7,0.1804
56292,19,0.1924
56293,16,0.2232
56294,16,0.3769
56295,21,0.1874
56296,9,0.2437
56297,9,0.2319
56298,9,0.2753
56299,9,0.1848
56300,8,0.2366
56301,8,0.3178
56302,19,0.1300
56303,11,0.1280
56304,5,0.1139
56305,11,0.1261
56306,21,0.1461
56307,8,0.2323
56308,21,0.1625
56309,8,0.1577
56310,21,0.2112
56311,21,0.1534
56312,7,0.1927
56313,5,0.1409
56314,7,0.2262
56315,7,0.1336
56316,7,0.1334
56317,13,0.1069
56318,24,0.1039
56321,7,0.1113
56322,0,0.1770
56323,0,0.1230
56324,7,0.1329
56325,7,0.1124
56326,21,0.1790
56327,7,0.1894
56328,7,0.1665
56329,7,0.1799
56330,21,0.1238
56331,21,0.1283
56332,7,0.1304
56333,0,0.1265
56334,21,0.1688
56335,21,0.1458
56336,21,0.1570
56337,0,0.2146
56338,7,0.2568
56339,7,0.1691
56340,7,0.1172
56341,7,0.1787
56342,7,0.1418
56343,7,0.1621
56344,7,0.1366
56345,21,0.1479
56346,11,0.1139
56347,0,0.2096
56348,11,0.1467
56349,7,0.1430
56350,0,0.2500
56351,21,0.1516
56352,21,0.1270
56353,8,0.1620
56354,0,0.1810
56355,0,0.1860
56356,21,0.1363
56357,21,0.2237
56358,21,0.2993
56359,21,0.1737
56360,21,0.1900
56361,21,0.2333
56362,11,0.1505
56363,7,0.1635
56364,21,0.1706
56365,21,0.1402
56366,7,0.1324
56367,7,0.1902
56368,0,0.1192
56369,7,0.1918
56370,7,0.1362
56371,7,0.1108
56372,7,0.1052
56373,7,0.1210
56374,7,0.1980
56375,19,0.1118
56377,21,0.1452
56379,0,0.1312
56380,0,0.1182
56382,21,0.1844
56383,7,0.2016
56384,7,0.2415
56385,7,0.1340
56386,0,0.1546
56387,0,0.1488
56388,21,0.1702
56389,21,0.1749
56390,21,0.1071
56391,7,0.1095
56392,21,0.1341
56393,7,0.1380
56394,7,0.1481
56395,7,0.1817
56396,21,0.1537
56397,21,0.1755
56398,0,0.2428
56399,21,0.1923
56400,21,0.1168
56401,21,0.1338
56402,7,0.1629
56404,21,0.1082
56405,19,0.1448
56406,19,0.2577
56407,23,0.1601
56408,19,0.1943
56409,23,0.1954
56410,23,0.2002
56411,9,0.1560
56412,9,0.4753
56413,8,0.2831
56414,23,0.1577
56415,19,0.1816
56416,23,0.1821
56417,23,0.1814
56418,19,0.2133
56419,23,0.1813
56420,19,0.2248
56421,19,0.1488
56422,14,0.1129
56423,23,0.1626
56424,19,0.1635
56425,19,0.2720
56426,19,0.2081
56427,19,0.2181
56428,19,0.2203
56429,19,0.1836
56430,19,0.2698
56431,19,0.2279
56432,19,0.2580
56433,19,0.2250
56434,5,0.3417
56435,9,0.3561
56436,19,0.1754
56437,19,0.1666
56438,4,0.5049
56439,16,0.1790
56440,19,0.2000
56441,9,0.1969
56442,19,0.2072
56443,19,0.1640
56444,19,0.1910
56445,23,0.2106
56446,19,0.1768
56447,19,0.1912
56448,19,0.1543
56449,19,0.1695
56450,19,0.2383
56451,23,0.1626
56452,23,0.1714
56453,31,0.1171
56454,23,0.1471
56455,28,0.1295
56456,16,0.1170
56457,13,0.1644
56458,2,0.1796
56459,12,0.1416
56461,14,0.1549
56462,19,0.1135
56463,5,0.1658
56464,23,0.1478
56465,4,0.1733
56466,31,0.1176
56468,23,0.1123
56469,23,0.1538
56470,5,0.1944
56471,19,0.1740
56472,19,0.1622
56473,23,0.1215
56474,23,0.1748
56475,19,0.2536
56476,19,0.2037
56477,16,0.1840
56478,8,0.1908
56479,23,0.1665
56480,23,0.1886
56481,19,0.2624
56482,23,0.2049
56483,23,0.1785
56484,9,0.1485
56485,19,0.1842
56486,19,0.2348
56487,19,0.1875
56488,19,0.2333
56489,19,0.1920
56490,5,0.1732
56491,19,0.1918
56492,9,0.1450
56493,9,0.2216
56494,19,0.1904
56495,9,0.2236
56496,9,0.2236
56497,9,0.1879
56498,9,0.1926
56499,23,0.1412
56500,9,0.2466
56501,5,0.1911
56503,5,0.1615
56504,19,0.1277
56505,19,0.1286
56506,16,0.1601
56507,23,0.1518
56508,19,0.1361
56509,9,0.1639
56510,0,0.1664
56511,19,0.1306
56512,19,0.1171
56513,9,0.1625
56514,19,0.1280
56515,19,0.1921
56516,9,0.1438
56517,9,0.2070
56518,19,0.2283
56519,19,0.1794
56520,19,0.2049
56521,8,0.1597
56522,22,0.1621
56523,19,0.2650
56524,19,0.1494
56525,9,0.1526
56526,19,0.2128
56527,19,0.1198
56528,16,0.2097
56529,23,0.2034
56530,19,0.1751
56531,4,0.1143
56533,23,0.1330
56535,5,0.2305
56536,9,0.2155
56537,19,0.1753
56538,5,0.1910
56539,19,0.1391
56540,9,0.2194
56542,23,0.1540
56543,4,0.1276
56544,5,0.1685
56545,1,0.1123
56546,19,0.2313
56547,23,0.1426
56548,19,0.1526
56549,23,0.1402
56550,9,0.2476
56551,9,0.2089
56552,9,0.1901
56553,9,0.1257
56554,8,0.1649
56555,5,0.1749
56556,23,0.1529
56557,9,0.1886
56558,23,0.1819
56559,23,0.1314
56560,23,0.1141
56561,19,0.2007
56562,23,0.1775
56563,16,0.1625
56564,8,0.4325
56565,16,0.1586
56566,16,0.2628
56567,9,0.1936
56568,23,0.1396
56569,8,0.2062
56570,9,0.2581
56571,19,0.1694
56573,9,0.1837
56574,9,0.1614
56575,9,0.2652
56576,23,0.1371
56577,19,0.1830
56578,19,0.1396
56579,9,0.1239
56580,23,0.1435
56581,19,0.1203
56582,23,0.1452
56583,23,0.1063
56584,23,0.1190
56585,19,0.1678
56586,5,0.2824
56587,19,0.1364
56588,5,0.2246
56589,23,0.1110
56590,19,0.1401
56591,23,0.1590
56592,23,0.1500
56593,8,0.4223
56594,19,0.1372
56595,19,0.1690
56596,7,0.1302
56597,5,0.1462
56598,7,0.1463
56599,5,0.1521
56600,7,0.1320
56601,5,0.1644
56602,7,0.1496
56603,5,0.2183
56604,5,0.1669
56605,5,0.2480
56606,5,0.2247
56607,5,0.2661
56608,5,0.2541
56609,5,0.1874
56610,5,0.1530
56611,5,0.1738
56612,5,0.1220
56613,5,0.1854
56615,5,0.1463
56616,5,0.2356
56617,7,0.1929
56618,7,0.2323
56619,5,0.2284
56620,5,0.1412
56621,5,0.1427
56622,7,0.2132
56623,7,0.1924
56624,5,0.1940
56625,7,0.1631
56626,7,0.1199
56627,7,0.1149
56628,7,0.1585
56629,5,0.1385
56630,5,0.1207
56631,5,0.1107
56632,5,0.1659
56633,5,0.2593
56634,5,0.2387
56635,5,0.1987
56636,5,0.1137
56638,5,0.2264
56639,5,0.2579
56640,7,0.1665
56641,5,0.1680
56642,6,0.1026
56643,5,0.1271
56644,5,0.1425
56645,5,0.1845
56646,5,0.1615
56647,5,0.1991
56648,5,0.1574
56649,5,0.3910
56650,5,0.2738
56651,5,0.1865
56652,5,0.2643
56653,5,0.1964
56654,5,0.2484
56655,5,0.1852
56656,5,0.1193
56657,7,0.1872
56658,7,0.2376
56659,5,0.1893
56660,6,0.1068
56661,5,0.1196
56662,5,0.1673
56664,7,0.1400
56665,5,0.2145
56666,5,0.1989
56667,5,0.2395
56668,5,0.1979
56669,5,0.1589
56670,5,0.1744
56672,7,0.1694
56673,1,0.1193
56674,5,0.1257
56675,7,0.2002
56676,7,0.1316
56677,7,0.1193
56678,5,0.1681
56679,0,0.1445
56680,0,0.1888
56681,5,0.1203
56682,5,0.1249
56683,5,0.1434
56684,5,0.2361
56685,5,0.1750
56686,5,0.2806
56687,5,0.2010
56688,7,0.1386
56689,5,0.2010
56690,5,0.3030
56691,5,0.1395
56692,5,0.1969
56693,7,0.1369
56694,5,0.1410
56695,7,0.1190
56696,7,0.1151
56697,5,0.1627
56698,5,0.1991
56699,7,0.1195
56700,7,0.1348
56701,5,0.1702
56702,5,0.1277
56704,7,0.1263
56705,5,0.1267
56707,5,0.1197
56708,21,0.1208
56709,6,0.1071
56710,21,0.1227
56711,7,0.1445
56712,5,0.2386
56713,5,0.1452
56714,5,0.1256
56715,7,0.1444
56717,6,0.1327
56718,8,0.9690
56719,8,1.0000
56720,8,0.9992
56721,8,0.9768
56722,8,0.1900
56723,5,0.1671
56725,19,0.1440
56726,24,0.1527
56727,5,0.1958
56728,5,0.1406
56729,7,0.1333
56730,6,0.1168
56731,6,0.1243
56732,5,0.1649
56733,5,0.1876
56734,5,0.1751
56735,5,0.1117
56736,7,0.1883
56737,7,0.2207
56738,7,0.1454
56739,21,0.1140
56741,7,0.1287
56742,7,0.1681
56743,7,0.2156
56744,19,0.1043
56745,7,0.1300
56746,7,0.1462
56748,7,0.1460
56749,7,0.1417
56750,1,0.1255
56751,7,0.1485
56752,24,0.1415
56754,0,0.4414
56755,5,0.1995
56756,7,0.1387
56757,5,0.2057
56758,5,0.2493
56759,5,0.1671
56760,5,0.2289
56761,19,0.1570
56762,19,0.1964
56763,19,0.1987
56764,21,0.2014
56765,5,0.2266
56766,21,0.1170
56767,7,0.1547
56768,7,0.1576
56769,5,0.2416
56770,5,0.1515
56771,7,0.1759
56772,5,0.1492
56773,5,0.1594
56774,5,0.3183
56775,7,0.1419
56776,7,0.1527
56777,7,0.1426
56778,5,0.1480
56779,5,0.1992
56780,7,0.1123
56781,5,0.1682
56782,7,0.1074
56783,5,0.1792
56784,7,0.1303
56785,7,0.1620
56786,5,0.1176
56787,7,0.1210
56788,21,0.1646
56789,21,0.2322
56790,21,0.1956
56791,21,0.1827
56792,1,0.1270
56793,1,0.1497
56794,21,0.1826
56795,21,0.1666
56796,21,0.1841
56797,7,0.1680
56798,9,0.1590
56799,8,0.1963
56800,5,0.1215
56801,16,0.1234
56802,8,0.1243
56803,7,0.1267
56804,24,0.1813
56805,7,0.1338
56806,9,0.1513
56807,19,0.2497
56810,23,0.1105
56812,32,0.1492
56813,33,0.1950
56815,16,0.1084
56816,16,0.1656
56819,23,0.1316
56820,1,0.1444
56821,28,0.1100
56822,28,0.1392
56823,12,0.1228
56824,4,0.2197
56825,4,0.1496
56827,19,0.1906
56828,19,0.1137
56830,0,0.1222
56831,0,0.1203
56832,9,0.1858
56833,0,0.1876
56834,21,0.2005
56835,19,0.1431
56836,23,0.1464
56837,6,0.1026
56838,8,0.1212
56839,8,0.1721
56840,4,0.2476
56841,1,0.1040
56843,8,0.2126
56844,16,0.1244
56845,5,0.2532
56846,7,0.2102
56847,7,0.1518
56848,0,0.1292
56850,7,0.1840
56851,7,0.1398
56852,16,0.1077
56853,19,0.1638
56854,21,0.1416
56855,20,0.1371
56857,24,0.1862
56858,7,0.1064
56860,0,0.1297
56862,1,0.1248
56865,19,0.1744
56866,19,0.1771
56867,7,0.1565
56868,11,0.1626
56870,19,0.1434
56871,7,0.1653
56872,7,0.1973
56873,1,0.2609
56874,0,0.1930
56877,33,0.1789
56878,4,0.2373
56880,7,0.1501
56882,7,0.1256
56886,0,0.1580
56887,1,0.1558
56888,7,0.1458
56889,7,0.2042
56890,7,0.1950
56891,7,0.1802
56892,7,0.1324
56893,7,0.1423
56895,11,0.1361
56896,21,0.1632
56897,16,0.1151
56898,21,0.1501
56900,7,0.1805
56901,7,0.2227
56902,7,0.1851
56903,7,0.1809
56904,24,0.1451
56905,19,0.1561
56906,24,0.1327
56907,16,0.2431
56908,8,0.8447
56909,8,0.5032
56910,21,0.1167
56911,16,0.4319
56912,8,0.9023
56913,1,0.1232
56915,21,0.1235
56916,21,0.1348
56917,7,0.2247
56918,7,0.2788
56919,7,0.2061
56920,7,0.1344
56922,21,0.1559
56923,7,0.1579
56924,15,0.2082
56925,19,0.1054
56926,0,0.1289
56927,21,0.1923
56928,7,0.1437
56929,7,0.2284
56930,21,0.2396
56931,21,0.1601
56932,24,0.1390
56933,24,0.1614
56934,21,0.1635
56935,7,0.2081
56936,7,0.1626
56937,21,0.1221
56938,18,0.1054
56939,24,0.1181
56940,0,0.1160
56941,21,0.1289
56942,21,0.1731
56943,21,0.2052
56944,21,0.1813
56945,21,0.1119
56946,24,0.1670
56947,21,0.2126
56948,21,0.1766
56949,0,0.2617
56950,11,0.1470
56951,21,0.1928
56952,21,0.1268
56954,21,0.1555
56955,21,0.2072
56956,7,0.1893
56957,21,0.1159
56958,11,0.2143
56959,21,0.2638
56960,7,0.2578
56961,7,0.1680
56962,7,0.1716
56963,7,0.2179
56964,21,0.1707
56965,21,0.1908
56966,7,0.1966
56967,24,0.1770
56968,21,0.1964
56969,21,0.2196
56970,21,0.2299
56971,24,0.2526
56972,21,0.2135
56974,24,0.1041
56975,5,0.1573
56976,5,0.1947
56977,21,0.1706
56978,19,0.1615
56979,19,0.1602
56980,21,0.2055
56981,5,0.2193
56982,15,0.1659
56983,16,0.1912
56984,8,0.1697
56985,7,0.1271
56986,24,0.3181
56987,9,0.1774
56988,7,0.1426
56989,19,0.1411
56990,19,0.2274
56991,7,0.1670
56992,15,0.1221
56993,7,0.2232
56994,7,0.1248
56995,19,0.1076
56996,19,0.2159
56997,18,0.1103
56999,15,0.1158
57000,32,0.2052
57002,15,0.1842
57003,15,0.1936
57004,19,0.2310
57005,15,0.1455
57006,15,0.1883
57007,8,0.4003
57008,16,0.1133
57009,8,0.5589
57010,4,0.5330
57011,16,0.2049
57012,16,0.2152
57013,19,0.1828
57014,7,0.1860
57015,7,0.1701
57017,16,0.3818
57018,9,0.4331
57019,7,0.1587
57020,7,0.1614
57021,7,0.1485
57022,7,0.1301
57023,7,0.1822
57024,7,0.2046
57025,9,0.1924
57026,21,0.1112
57027,7,0.1600
57028,7,0.1125
57029,7,0.1300
57030,19,0.1739
57031,19,0.1060
57032,7,0.1406
57033,7,0.1377
57036,8,0.2467
57037,16,0.1961
57038,25,0.1471
57039,13,0.1532
57040,0,0.1247
57041,23,0.1261
57042,19,0.2686
57043,0,0.2967
57044,0,0.1608
57045,8,0.1581
57046,16,0.3315
57047,16,0.1452
57048,18,0.1358
57049,19,0.1331
57050,19,0.2023
57051,19,0.1517
57052,7,0.2504
57053,18,0.1219
57056,24,0.1032
57057,24,0.1882
57058,21,0.1343
57059,24,0.1325
57060,19,0.1173
57061,7,0.1857
57062,5,0.1789
57063,8,0.2613
57064,8,0.2024
57065,7,0.2862
57066,21,0.2086
57067,7,0.1676
57068,7,0.1807
57069,7,0.1513
57070,24,0.1186
57071,21,0.1145
57072,19,0.1525
57073,7,0.1642
57074,19,0.1561
57075,16,0.3690
57076,31,0.1371
57077,15,0.1099
57078,11,0.2273
57079,5,0.2901
57080,13,0.1282
57081,0,0.1660
57082,21,0.1461
57083,19,0.1328
57084,7,0.1578
57085,7,0.1127
57086,7,0.1481
57087,7,0.2218
57088,21,0.1959
57089,19,0.1875
57090,5,0.2170
57091,7,0.2035
57092,7,0.1500
57093,32,0.1572
57095,5,0.2059
57096,7,0.1264
57097,7,0.1562
57098,19,0.1696
57099,19,0.1413
57100,21,0.1628
57101,7,0.3392
57102,19,0.1171
57103,16,0.3645
57104,18,0.1788
57105,7,0.2073
57106,33,0.1612
57107,33,0.1641
57108,30,0.1109
57109,15,0.1208
57111,21,0.1349
57112,7,0.1780
57113,7,0.1782
57114,7,0.1271
57115,7,0.1396
57116,7,0.1469
57117,21,0.1928
57118,21,0.1904
57119,7,0.1996
57120,7,0.1310
57121,7,0.1794
57122,7,0.1422
57123,7,0.1033
57124,7,0.1224
57125,7,0.1362
57127,24,0.1057
57128,24,0.1111
57130,13,0.1347
57131,15,0.1046
57132,21,0.1054
57133,21,0.1376
57135,21,0.1106
57136,21,0.1380
57138,5,0.1206
57139,5,0.1834
57140,4,0.1301
57141,0,0.1702
57142,0,0.1224
57143,7,0.2350
57144,7,0.1436
57145,7,0.1573
57146,7,0.1723
57147,7,0.1618
57148,5,0.1299
57149,1,0.3480
57150,1,0.1888
57152,1,0.1568
57153,5,0.1085
57154,5,0.1306
57155,21,0.1421
57158,16,0.1956
57159,4,0.1796
57160,0,0.1527
57161,15,0.1343
57162,0,0.3168
57163,15,0.2164
57164,15,0.1419
57165,15,0.1391
57167,32,0.1472
57168,31,0.1485
57169,21,0.1058
57171,15,0.1893
57172,15,0.1369
57175,25,0.1720
57177,5,0.1290
57178,7,0.1194
57179,7,0.1072
57182,7,0.1042
57183,7,0.1103
57184,7,0.1327
57186,24,0.1091
57187,24,0.1026
57191,24,0.1139
57193,24,0.1043
57195,7,0.1473
57196,7,0.1448
57197,7,0.1100
57205,5,0.1088
57207,5,0.1337
57208,6,0.1123
57210,8,0.1105
57211,1,0.2244
57213,8,0.8915
57214,8,0.8072
57215,9,0.1228
57216,1,0.1251
57221,6,0.1212
57222,19,0.1474
57224,8,0.1553
57225,19,0.1216
57226,0,0.2509
57227,4,0.4997
57228,16,0.1673
57229,19,0.1241
57230,23,0.1189
57232,23,0.1097
57233,9,0.1675
57235,7,0.1029
57236,1,0.2785
57237,1,0.1984
57238,8,0.8383
57239,16,0.5469
57240,16,0.1207
57241,19,0.1734
57242,8,0.1615
57243,30,0.1326
57244,30,0.1494
57245,19,0.2233
57246,19,0.1748
57249,0,0.2426
57250,0,0.2523
57251,23,0.1659
57252,19,0.1637
57253,28,0.1175
57254,5,0.2151
57255,5,0.2763
57256,9,0.1308
57257,4,0.7884
57258,4,0.8978
57259,4,0.1199
57260,1,0.1620
57261,5,0.2152
57262,6,0.1394
57263,6,0.1078
57265,1,0.1081
57266,8,0.6372
57267,8,0.3857
57269,8,0.6514
57270,0,0.1135
57271,8,0.2006
57272,8,0.6258
57273,8,0.9384
57274,8,0.1848
57275,23,0.1601
57277,5,0.1456
57280,9,0.1586
57281,5,0.1176
57282,9,0.2300
57283,1,0.1197
57284,23,0.1053
57285,19,0.1376
57286,19,0.1346
57287,19,0.1440
57288,5,0.1581
57290,1,0.1537
57291,19,0.1449
57293,19,0.1420
57294,19,0.1371
57295,5,0.1472
57296,1,0.1241
57298,8,0.4752
57299,8,0.7154
57300,19,0.1124
57301,1,0.1198
57302,1,0.2195
57303,4,0.1954
57304,4,0.1872
57305,4,0.3475
57306,19,0.1190
57310,4,0.1100
57312,5,0.2387
57313,5,0.3456
57318,9,0.1482
57319,19,0.1205
57320,8,0.1507
57321,5,0.1432
57322,5,0.1359
57323,5,0.1400
57324,8,0.2418
57325,28,0.2192
57326,9,0.1302
57328,23,0.1195
57329,28,0.1629
57331,27,0.1096
57332,6,0.1263
57333,5,0.1760
57334,9,0.1788
57336,9,0.1808
57339,9,0.1707
57340,5,0.1510
57341,5,0.1746
57342,5,0.2913
57343,5,0.1106
57344,19,0.1255
57345,19,0.1199
57347,5,0.1512
57348,5,0.2847
57349,9,0.1698
57350,5,0.1066
57351,5,0.1036
57352,9,0.1625
57353,5,0.1917
57354,5,0.2015
57355,9,0.2259
57356,19,0.1029
57357,5,0.1618
57358,5,0.1738
57360,1,0.1427
57361,9,0.2418
57362,5,0.2338
57363,5,0.3415
57364,5,0.1685
57365,4,0.1232
57368,9,0.1919
57369,5,0.1444
57370,28,0.1196
57371,5,0.1196
57372,23,0.1163
57373,19,0.1259
57375,5,0.1421
57376,9,0.1819
57377,1,0.1506
57378,5,0.1253
57379,5,0.1719
57380,5,0.1577
57381,5,0.1950
57382,6,0.1037
57383,5,0.2110
57384,19,0.1270
57385,6,0.1223
57386,9,0.1824
57387,19,0.1226
57388,5,0.1349
57389,9,0.1571
57390,5,0.2236
57391,5,0.2696
57392,5,0.1592
57393,5,0.1296
57394,9,0.2042
57395,5,0.1532
57396,5,0.1684
57398,4,0.1130
57399,22,0.1923
57400,6,0.1075
57401,19,0.1111
57402,23,0.1099
57403,5,0.2418
57404,5,0.1743
57405,23,0.1307
57406,5,0.2777
57407,5,0.1949
57409,5,0.1179
57410,9,0.1660
57411,9,0.1449
57412,5,0.2327
57413,5,0.1332
57414,6,0.1123
57415,5,0.1446
57416,9,0.1183
57417,5,0.1446
57418,5,0.2047
57419,5,0.1545
57420,5,0.1491
57421,5,0.2846
57422,6,0.1717
57423,6,0.1276
57424,5,0.2963
57425,5,0.1772
57427,5,0.1841
57428,5,0.2983
57429,9,0.1921
57430,5,0.2537
57431,5,0.1546
57432,8,0.8065
57433,8,0.8095
57434,21,0.1848
57435,1,0.1070
57436,8,0.9038
57437,8,0.8074
57438,8,0.2500
57439,8,0.9774
57440,8,0.9731
57441,8,0.5763
57442,8,0.8734
57443,8,0.8099
57444,8,0.2157
57445,5,0.2102
57447,5,0.1969
57448,7,0.1822
57449,8,0.4782
57450,8,0.7003
57451,9,0.2113
57452,9,0.4146
57453,9,0.4461
57454,9,0.4256
57455,7,0.2031
57456,19,0.2031
57457,7,0.1511
57458,7,0.1599
57459,7,0.1683
57460,7,0.1835
57461,5,0.3103
57462,5,0.2915
57463,5,0.1703
57464,5,0.1286
57465,5,0.2605
57466,5,0.1195
57468,5,0.2905
57469,8,0.5502
57470,8,0.4509
57471,9,0.1927
57472,19,0.1826
57473,19,0.1373
57474,5,0.1746
57475,7,0.1320
57476,5,0.2218
57478,23,0.1316
57479,8,0.5791
57480,0,0.2655
57481,7,0.2471
57482,19,0.2440
57483,9,0.2273
57484,9,0.2183
57485,5,0.2775
57486,5,0.1917
57487,5,0.2070
57488,5,0.2767
57489,5,0.2909
57490,5,0.2316
57491,9,0.1524
57492,5,0.2442
57493,5,0.2719
57494,7,0.1261
57495,5,0.1625
57496,7,0.1285
57497,19,0.1268
57498,19,0.1055
57499,5,0.1105
57500,5,0.1526
57501,5,0.1184
57502,19,0.1207
57503,19,0.1097
57504,5,0.1300
57505,7,0.1910
57506,7,0.2096
57507,5,0.1724
57508,5,0.1327
57509,5,0.1605
57510,5,0.2766
57511,7,0.1700
57512,5,0.1869
57513,8,0.1447
57514,5,0.1881
57515,5,0.1326
57516,5,0.2382
57517,5,0.2369
57518,7,0.1575
57519,5,0.1870
57520,5,0.1166
57521,5,0.1079
57522,5,0.1988
57523,7,0.1049
57525,5,0.1456
57526,5,0.1437
57527,5,0.1326
57528,1,0.1391
57529,5,0.1966
57530,1,0.2510
57531,1,0.1438
57532,5,0.3041
57533,5,0.3874
57534,5,0.2054
57535,5,0.1851
57536,5,0.1405
57537,5,0.1510
57538,5,0.1340
57539,5,0.1656
57540,5,0.2487
57541,5,0.1499
57542,5,0.1403
57543,5,0.1369
57544,5,0.2046
57545,5,0.1514
57546,5,0.1329
57547,7,0.1925
57548,5,0.1613
57549,5,0.2540
57550,5,0.2134
57551,5,0.2563
57552,7,0.1521
57553,7,0.1738
57554,5,0.1785
57555,5,0.2668
57556,5,0.2121
57557,5,0.2495
57558,7,0.1597
57559,5,0.2474
57560,5,0.1860
57562,1,0.1604
57563,5,0.2162
57564,5,0.2626
57565,5,0.1882
57566,5,0.2630
57567,5,0.2300
57568,5,0.2569
57569,5,0.2359
57570,5,0.2985
57571,5,0.2274
57572,5,0.1486
57573,5,0.1506
57574,5,0.2223
57575,5,0.1361
57576,5,0.1461
57577,5,0.1709
57578,5,0.2268
57579,5,0.2996
57580,8,0.2313
57581,8,0.3019
57582,5,0.1175
57583,19,0.1465
57584,19,0.2187
57585,19,0.1588
57586,19,0.1588
57587,5,0.2757
57588,12,0.1815
57589,19,0.1387
57590,19,0.2379
57591,9,0.4005
57592,9,0.4510
57593,9,0.3488
57594,19,0.2014
57595,9,0.2793
57596,9,0.2076
57597,9,0.2435
57598,8,0.1291
57599,3,0.2425
57600,7,0.1504
57601,5,0.1481
57602,5,0.1333
57603,5,0.1043
57604,5,0.1261
57605,5,0.1426
57606,7,0.1078
57607,7,0.1742
57608,5,0.3201
57609,5,0.2670
57610,5,0.1159
57611,5,0.2895
57612,1,0.1433
57613,5,0.1409
57614,5,0.3435
57615,9,0.1980
57616,5,0.1957
57617,5,0.2424
57618,5,0.2834
57619,5,0.2035
57620,8,0.4082
57621,8,0.1714
57622,10,0.2214
57623,21,0.1643
57624,24,0.1585
57625,19,0.1490
57627,2,0.1037
57628,19,0.1190
57629,7,0.1189
57630,3,0.1103
57634,27,0.1060
57637,22,0.1465
57638,19,0.1391
57639,15,0.1428
57641,19,0.1277
57642,19,0.1408
57643,19,0.1455
57645,18,0.1130
57646,33,0.1583
57648,19,0.1204
57650,32,0.1113
57651,14,0.1448
57652,31,0.1612
57653,19,0.1202
57655,15,0.1464
57656,15,0.1964
57657,14,0.1249
57658,19,0.1036
57659,7,0.1327
57660,19,0.1207
57661,19,0.1561
57662,32,0.1032
57663,2,0.1069
57664,19,0.1590
57665,19,0.1520
57667,19,0.1540
57668,19,0.1053
57670,32,0.1792
57671,32,0.1365
57672,31,0.1959
57673,21,0.1134
57674,30,0.1202
57675,21,0.1537
57676,24,0.1524
57678,25,0.1347
57679,15,0.1882
57680,16,0.2134
57681,16,0.1743
57682,14,0.1206
57683,7,0.1812
57684,7,0.1355
57685,14,0.1115
57686,16,0.1182
57687,15,0.1361
57689,16,0.1052
57690,5,0.1746
57691,19,0.1046
57692,32,0.1110
57693,13,0.1051
57694,18,0.1194
57695,5,0.1669
57696,5,0.1612
57697,23,0.1304
57698,16,0.1622
57699,18,0.1254
57701,16,0.1839
57704,15,0.1625
57705,24,0.1670
57706,24,0.1732
57707,19,0.1217
57708,19,0.1416
57709,13,0.1211
57711,21,0.1115
57712,21,0.1251
57713,21,0.1335
57714,7,0.1422
57715,21,0.1347
57716,21,0.1614
57717,21,0.2200
57718,21,0.1956
57719,21,0.1129
57720,15,0.1111
57722,12,0.1032
57723,2,0.1777
57724,32,0.1518
57725,21,0.1083
57726,7,0.1765
57727,5,0.1070
57728,32,0.1135
57729,7,0.1381
57730,7,0.1789
57731,7,0.1821
57732,19,0.1309
57734,19,0.1659
57735,24,0.1336
57736,5,0.1655
57737,5,0.1806
57738,5,0.1528
57739,7,0.1087
57740,24,0.2627
57741,21,0.1319
57742,7,0.1254
57743,19,0.1654
57744,19,0.1379
57745,21,0.1803
57746,21,0.1618
57748,7,0.1243
57749,24,0.2168
57750,21,0.2903
57751,19,0.1542
57752,19,0.1451
57754,29,0.1032
57755,21,0.1303
57756,7,0.1447
57757,21,0.1706
57758,24,0.2274
57759,30,0.2881
57761,7,0.1762
57762,30,0.1834
57763,21,0.1610
57764,7,0.3097
57765,24,0.2258
57766,24,0.1990
57767,7,0.1892
57768,11,0.1234
57769,7,0.1480
57770,24,0.1404
57771,11,0.1402
57772,7,0.1513
57773,11,0.1290
57774,11,0.1414
57775,19,0.1222
57776,7,0.1664
57777,11,0.1433
57778,19,0.1221
57779,7,0.1043
57780,7,0.1754
57781,21,0.2121
57782,0,0.1607
57783,15,0.1078
57784,31,0.1238
57785,7,0.1781
57786,7,0.1189
57787,15,0.1076
57788,7,0.1255
57789,0,0.1329
57790,31,0.1602
57791,32,0.1693
57793,25,0.1188
57794,33,0.1060
57795,32,0.1030
57796,19,0.1654
57797,19,0.1510
57798,32,0.1871
57799,33,0.1673
57800,32,0.2352
57801,32,0.1405
57802,19,0.1523
57803,21,0.2186
57804,21,0.1294
57805,15,0.1129
57806,32,0.1953
57807,15,0.1680
57808,7,0.2571
57809,15,0.1304
57810,15,0.2067
57811,7,0.1981
57814,18,0.1761
57816,24,0.1057
57817,5,0.1257
57818,5,0.1147
57819,7,0.1409
57820,0,0.1865
57824,25,0.1133
57825,29,0.1432
57826,32,0.1485
57827,25,0.1115
57828,7,0.1761
57829,21,0.1410
57832,30,0.1235
57833,4,0.1443
57836,33,0.1452
57837,4,0.3695
57838,25,0.1175
57842,5,0.1309
57845,7,0.1165
57846,7,0.1060
57849,4,0.2042
57850,33,0.1503
57851,15,0.1312
57852,7,0.1288
57856,19,0.1545
57857,5,0.1488
57858,7,0.1169
57861,29,0.1247
57863,32,0.1367
57864,1,0.1792
57865,4,0.2709
57866,4,0.5319
57867,27,0.1218
57868,4,0.2203
57869,3,0.1424
57872,3,0.3338
57873,28,0.1225
57874,4,0.2923
57875,4,0.3697
57876,1,0.1209
57877,4,0.3189
57878,33,0.1176
57880,8,0.7100
57881,16,0.4481
57883,7,0.1697
57884,32,0.1488
57885,31,0.1229
57887,33,0.3171
57888,32,0.1032
57890,4,0.3362
57891,33,0.4067
57892,32,0.2343
57893,25,0.1301
57894,13,0.2363
57895,7,0.1238
57896,25,0.1292
57898,7,0.1203
57900,4,0.3631
57902,18,0.2139
57903,18,0.1175
57904,27,0.2157
57905,4,0.2713
57907,32,0.1453
57909,7,0.1097
57911,7,0.1146
57912,7,0.2025
57913,7,0.2451
57914,7,0.1668
57915,7,0.1159
57916,7,0.1246
57917,7,0.1230
57918,7,0.1396
57919,0,0.1248
57920,33,0.1268
57921,0,0.1167
57922,7,0.1399
57923,21,0.1253
57924,24,0.1557
57925,21,0.1535
57926,21,0.1789
57927,21,0.1583
57930,0,0.1255
57931,7,0.1309
57932,0,0.1041
57933,32,0.1119
57934,7,0.1160
57935,16,0.1540
57937,32,0.1030
57938,7,0.1576
57939,7,0.1157
57943,21,0.1445
57944,21,0.1462
57946,4,0.1734
57947,4,0.6104
57948,0,0.1266
57949,7,0.1274
57950,18,0.1088
57951,5,0.1437
57952,19,0.1374
57956,0,0.1054
57957,8,0.4280
57958,0,0.1029
57960,16,0.2560
57961,16,0.2270
57964,18,0.2314
57965,16,0.4291
57966,8,0.3434
57967,7,0.2118
57968,7,0.1887
57969,21,0.1474
57970,7,0.1353
57971,21,0.1256
57972,21,0.1089
57973,7,0.1270
57974,9,0.2120
57975,5,0.1277
57977,21,0.1031
57978,0,0.1494
57979,21,0.1412
57980,21,0.1434
57981,21,0.1955
57982,21,0.1585
57985,7,0.1075
57986,7,0.1419
57987,7,0.1369
57988,24,0.2288
57989,24,0.1561
57990,21,0.1454
57991,8,0.1645
57992,19,0.1367
57993,7,0.1235
57994,7,0.1150
57995,7,0.1675
57996,21,0.1210
57997,23,0.1310
57998,19,0.2012
57999,7,0.1761
58000,21,0.1240
58001,5,0.1921
58002,4,0.1745
58003,8,0.3074
58004,7,0.1242
58005,8,0.5958
58006,4,0.4269
58007,7,0.1469
58008,7,0.2170
58009,7,0.1256
58010,21,0.1250
58011,7,0.1432
58012,7,0.1142
58013,7,0.1466
58014,7,0.1488
58015,21,0.1535
58016,21,0.1619
58017,7,0.1179
58018,7,0.1319
58019,24,0.1311
58020,24,0.1999
58021,24,0.1687
58022,7,0.1706
58023,24,0.1104
58024,1,0.1302
58025,11,0.1150
58026,7,0.1704
58027,8,0.1768
58028,8,0.4685
58029,21,0.4842
58030,30,0.2169
58031,24,0.2619
58032,19,0.1436
58035,19,0.1026
58036,7,0.1093
58037,21,0.1489
58038,5,0.1772
58039,7,0.1315
58040,7,0.1586
58041,24,0.1106
58043,4,0.2207
58044,4,0.2805
58046,7,0.1179
58047,7,0.1399
58048,4,0.2282
58049,4,0.2222
58050,7,0.1070
58051,24,0.1057
58052,21,0.1320
58053,21,0.1181
58054,4,0.1706
58055,4,0.2664
58060,32,0.1126
58061,2,0.1934
58062,4,0.6052
58063,4,0.7470
58065,18,0.1053
58066,18,0.1366
58067,5,0.1249
58071,5,0.1204
58072,5,0.1377
58073,5,0.1642
58074,5,0.1694
58075,7,0.1315
58076,2,0.1048
58077,32,0.1490
58078,32,0.1457
58079,32,0.1034
58081,5,0.1636
58082,5,0.2316
58084,32,0.1430
58085,32,0.1538
58086,18,0.1315
58087,18,0.1646
58088,2,0.1621
58089,2,0.2269
58090,4,0.3953
58091,2,0.1531
58092,18,0.1609
58093,5,0.1308
58094,5,0.1132
58095,32,0.1860
58097,28,0.1422
58098,8,0.3369
58099,8,0.7851
58100,23,0.1801
58101,16,0.4668
58102,4,0.2848
58104,5,0.1611
58105,7,0.1543
58106,7,0.1590
58107,5,0.1698
58108,7,0.1128
58109,7,0.1444
58110,5,0.1910
58111,5,0.1562
58112,21,0.1166
58113,7,0.1549
58114,7,0.1235
58115,5,0.1715
58116,5,0.1673
58117,5,0.1298
58118,6,0.1260
58119,6,0.1085
58121,7,0.1175
58123,7,0.1139
58124,5,0.1440
58125,5,0.1237
58126,5,0.1591
58128,19,0.1364
58129,7,0.1475
58130,19,0.2040
58132,4,0.2589
58135,24,0.1964
58136,30,0.1456
58137,16,0.2025
58138,30,0.1624
58139,24,0.2849
58140,20,0.1369
58141,16,0.1542
58145,22,0.1717
58146,7,0.1621
58147,11,0.1249
58148,7,0.1224
58149,7,0.2173
58150,4,0.1997
58151,8,0.5140
58152,8,0.2343
58153,8,0.2620
58154,22,0.1998
58156,8,0.1104
58157,24,0.1241
58159,22,0.1329
58160,24,0.2384
58161,24,0.1177
58162,24,0.1672
58163,24,0.2050
58164,24,0.2681
58167,1,0.1047
58170,23,0.1225
58172,7,0.1237
58174,7,0.1142
58175,7,0.1242
58176,24,0.2313
58177,4,0.3443
58178,8,0.8973
58179,20,0.1589
58180,30,0.1650
58181,24,0.1548
58182,24,0.2115
58183,33,0.1466
58184,24,0.3225
58185,24,0.1727
58186,22,0.1444
58188,19,0.1092
58189,7,0.1475
58190,7,0.1058
58191,24,0.2742
58192,24,0.1696
58193,7,0.1519
58194,7,0.1459
58195,24,0.2290
58196,24,0.3547
58198,7,0.1592
58199,24,0.1486
58200,24,0.1111
58201,7,0.1346
58202,5,0.1284
58204,8,0.1305
58205,8,0.1300
58206,19,0.1216
58211,21,0.1220
58214,5,0.1550
58215,5,0.1878
58216,5,0.2283
58217,5,0.1978
58218,19,0.1616
58219,7,0.1333
58220,7,0.1526
58222,5,0.1549
58223,5,0.1887
58224,5,0.1181
58225,4,0.2229
58226,8,0.8949
58227,8,0.5386
58230,19,0.1106
58231,8,0.7023
58232,8,0.8407
58233,8,0.3726
58234,7,0.2185
58235,7,0.1195
58236,5,0.2907
58237,5,0.2237
58239,5,0.1872
58240,5,0.2385
58241,18,0.2321
58242,2,0.1692
58244,5,0.1415
58245,5,0.1188
58246,5,0.2934
58247,5,0.1560
58248,5,0.1196
58249,12,0.1267
58250,5,0.1380
58251,4,0.6360
58252,4,0.4752
58254,5,0.1186
58255,5,0.1050
58256,5,0.1029
58257,7,0.1406
58258,19,0.2627
58259,19,0.1861
58260,5,0.1854
58261,5,0.1235
58262,9,0.1853
58263,5,0.2272
58265,0,0.2412
58266,0,0.1523
58267,7,0.2344
58268,19,0.1351
58269,1,0.1370
58270,1,0.1472
58271,5,0.1362
58272,8,0.3816
58273,8,0.2060
58274,5,0.1576
58275,5,0.2285
58276,5,0.1638
58280,19,0.2352
58281,8,0.2211
58282,8,0.1634
58283,19,0.1274
58284,5,0.1904
58285,5,0.2172
58286,5,0.2959
58287,19,0.2326
58288,19,0.1910
58289,5,0.1541
58290,5,0.1301
58291,5,0.1496
58292,5,0.1318
58293,8,0.2503
58294,8,0.7060
58295,7,0.2302
58296,7,0.2244
58297,5,0.1092
58298,19,0.1101
58299,6,0.1197
58300,5,0.1093
58301,6,0.1448
58302,3,0.3106
58303,12,0.1509
58304,5,0.1312
58305,19,0.1051
58306,2,0.1203
58307,5,0.1672
58308,18,0.1222
58309,4,0.1966
58310,4,0.3117
58311,5,0.1180
58312,5,0.1331
58313,5,0.1570
58314,5,0.2048
58315,5,0.2579
58316,5,0.1539
58317,5,0.1401
58318,5,0.1733
58319,5,0.1886
58320,5,0.2107
58321,5,0.1912
58322,5,0.2221
58323,5,0.2918
58324,5,0.2012
58325,5,0.1056
58326,5,0.1578
58327,5,0.1499
58328,5,0.1092
58329,5,0.2126
58330,5,0.1491
58331,6,0.1298
58332,5,0.1735
58333,5,0.1424
58335,5,0.1829
58336,5,0.1168
58337,5,0.1770
58338,5,0.1522
58339,5,0.1708
58340,9,0.1696
58341,19,0.1525
58343,5,0.1579
58344,5,0.1484
58345,5,0.1320
58347,5,0.1806
58348,5,0.1108
58349,5,0.1896
58350,5,0.1893
58351,5,0.1838
58352,5,0.1129
58353,5,0.1130
58354,5,0.2222
58355,5,0.1938
58356,5,0.1473
58358,5,0.1683
58359,5,0.1571
58360,5,0.1813
58361,5,0.1352
58362,5,0.1033
58365,19,0.1714
58366,19,0.1434
58368,4,0.2969
58369,4,0.2914
58370,5,0.2071
58371,5,0.3008
58372,8,0.8791
58373,8,0.9285
58374,28,0.2229
58375,5,0.1352
58376,5,0.1312
58377,5,0.2115
58378,5,0.1191
58380,5,0.1478
58381,5,0.1776
58382,5,0.2766
58383,5,0.2800
58384,7,0.1851
58385,6,0.1123
58387,6,0.1107
58388,5,0.1551
58389,5,0.1613
58390,5,0.1744
58391,5,0.2009
58392,5,0.1511
58393,21,0.1027
58395,5,0.1214
58396,8,0.6326
58397,28,0.1830
58398,13,0.1050
58399,5,0.1116
58400,24,0.1180
58401,8,0.7313
58402,8,0.5907
58405,32,0.1682
58406,18,0.1552
58408,16,0.2898
58409,4,0.5241
58411,0,0.1342
58412,0,0.1255
58413,29,0.1385
58414,13,0.1169
58415,2,0.1168
58417,7,0.1063
58418,0,0.2132
58419,0,0.2889
58421,16,0.1092
58422,25,0.1315
58423,32,0.1714
58424,18,0.1683
58425,2,0.2351
58426,4,0.1254
58427,23,0.1089
58428,22,0.2391
58429,33,0.1552
58430,18,0.1161
58431,18,0.1361
58432,18,0.1080
58435,32,0.1636
58436,4,0.2926
58437,2,0.2369
58438,32,0.1810
58439,29,0.2011
58441,0,0.4731
58442,0,0.6280
58443,5,0.1058
58444,18,0.1653
58445,18,0.1042
58447,23,0.1641
58448,28,0.1386
58450,7,0.1140
58451,18,0.1195
58452,19,0.1456
58453,24,0.2484
58454,24,0.2088
58455,19,0.1412
58456,19,0.1433
58457,23,0.1192
58458,16,0.2871
58462,5,0.1199
58466,7,0.1156
58467,7,0.1162
58468,6,0.1207
58469,19,0.1242
58471,5,0.1037
58472,24,0.1099
58473,19,0.1886
58474,7,0.1065
58475,5,0.1280
58476,5,0.1528
58477,7,0.1029
58479,19,0.1922
58483,23,0.1452
58485,7,0.1571
58487,8,0.2918
58488,8,0.1737
58491,7,0.1877
58492,7,0.2282
58493,7,0.2186
58494,7,0.1728
58496,7,0.1169
58501,8,0.7291
58502,8,0.2806
58503,19,0.1941
58504,7,0.1537
58505,7,0.1469
58508,7,0.1106
58512,0,0.1451
58514,21,0.1418
58515,21,0.1192
58516,7,0.1249
58518,3,0.1827
58519,25,0.1534
58520,21,0.1282
58521,24,0.1387
58522,5,0.1350
58523,0,0.1884
58524,0,0.2347
58525,25,0.1137
58527,5,0.1132
58529,8,0.4297
58530,28,0.1722
58531,7,0.1310
58534,3,0.1608
58537,5,0.1046
58539,25,0.1077
58540,0,0.1575
58542,7,0.1267
58543,7,0.1226
58546,16,0.2175
58547,25,0.1228
58548,21,0.1079
58550,3,0.1501
58551,11,0.1049
58552,1,0.1172
58553,7,0.1429
58555,0,0.2667
58556,7,0.1109
58557,8,0.1198
58559,7,0.1505
58561,18,0.1513
58562,32,0.1097
58563,32,0.1576
58566,32,0.1487
58567,3,0.1082
58569,25,0.1131
58570,3,0.1269
58572,11,0.3817
58573,11,0.4564
58574,7,0.1573
58575,7,0.1926
58576,8,0.1870
58580,3,0.3290
58581,25,0.2077
58582,7,0.1329
58583,32,0.1396
58584,18,0.1126
58588,21,0.1741
58589,11,0.1074
58591,7,0.1145
58592,24,0.1966
58593,7,0.1773
58594,21,0.2280
58595,8,0.2349
58596,16,0.3122
58597,21,0.4229
58598,21,0.3453
58599,21,0.2598
58600,7,0.1583
58601,24,0.2367
58602,21,0.2058
58603,7,0.2676
58604,7,0.1767
58605,7,0.1639
58606,7,0.2128
58607,21,0.2076
58608,7,0.2080
58609,7,0.1671
58610,7,0.1583
58611,21,0.1552
58612,21,0.1475
58613,7,0.1391
58614,8,0.4997
58615,9,0.4323
58616,9,0.4017
58617,9,0.5020
58618,8,0.2951
58619,9,0.4415
58620,8,0.4939
58621,8,0.6658
58622,9,0.4874
58623,8,0.5376
58624,8,0.4689
58625,9,0.2101
58626,9,0.2339
58627,21,0.2064
58628,21,0.3337
58629,19,0.1912
58630,21,0.2068
58631,7,0.2217
58632,7,0.2271
58633,7,0.2712
58634,7,0.2516
58635,5,0.2129
58636,7,0.1943
58637,7,0.2277
58638,5,0.2597
58639,7,0.2561
58640,7,0.2394
58641,21,0.1936
58642,21,0.1687
58643,7,0.1912
58644,7,0.1936
58645,7,0.1981
58646,21,0.1991
58647,7,0.1816
58648,7,0.2564
58649,7,0.1993
58650,7,0.1811
58651,7,0.1597
58652,21,0.1398
58653,7,0.1605
58654,21,0.1683
58655,8,0.1880
58656,8,0.1540
58657,21,0.1825
58658,21,0.1612
58659,21,0.1970
58660,9,0.1788
58661,9,0.2026
58662,8,0.4158
58663,9,0.4618
58664,8,0.3287
58665,9,0.4052
58666,9,0.4543
58667,8,0.2647
58668,8,0.3808
58669,9,0.5680
58670,9,0.3974
58671,9,0.3402
58672,9,0.2227
58673,9,0.3770
58674,9,0.2926
58675,21,0.2449
58676,9,0.3936
58677,9,0.2406
58678,8,0.5392
58679,8,0.3367
58680,9,0.4602
58681,7,0.2090
58682,9,0.3349
58683,9,0.2495
58684,9,0.4291
58685,8,0.1515
58686,11,0.3108
58687,9,0.3404
58688,21,0.1626
58689,8,0.2263
58690,9,0.3303
58691,9,0.3456
58692,9,0.3886
58693,9,0.3920
58694,9,0.4758
58695,9,0.2273
58696,9,0.2723
58697,9,0.3271
58698,8,0.4453
58699,8,0.2761
58700,9,0.4804
58701,21,0.2361
58702,9,0.3248
58703,9,0.3123
58704,9,0.3839
58705,9,0.6064
58706,9,0.3723
58707,9,0.4539
58708,9,0.6144
58709,9,0.7163
58710,9,0.4983
58711,9,0.7461
58712,9,0.4170
58713,9,0.7363
58714,9,0.4844
58715,9,0.1962
58716,9,0.2154
58717,11,0.2544
58718,9,0.2123
58719,9,0.2370
58720,9,0.1654
58721,9,0.5318
58722,9,0.4754
58723,9,0.5136
58724,9,0.4097
58725,7,0.1132
58726,21,0.2434
58727,7,0.2597
58728,7,0.1924
58729,21,0.4039
58730,9,0.3287
58731,9,0.4669
58732,9,0.2413
58733,8,0.8582
58734,8,0.6164
58735,7,0.1190
58736,21,0.1751
58737,5,0.3658
58738,5,0.2512
58739,7,0.1760
58740,7,0.2074
58741,16,0.1183
58742,16,0.1175
58744,5,0.1544
58745,9,0.1507
58747,9,0.2845
58748,9,0.1770
58749,9,0.3177
58750,7,0.2191
58751,5,0.2609
58752,5,0.3873
58753,5,0.2442
58754,7,0.1719
58755,11,0.2557
58756,11,0.1391
58757,21,0.1524
58758,7,0.1258
58759,7,0.1627
58760,9,0.3637
58761,9,0.2262
58762,9,0.3610
58763,9,0.2613
58764,8,0.5391
58765,8,0.5130
58766,8,0.2785
58767,9,0.3785
58768,9,0.3366
58769,7,0.1301
58770,7,0.1179
58771,8,0.1177
58772,8,0.1133
58773,5,0.1372
58774,9,0.1192
58775,8,0.1789
58776,8,0.1788
58777,8,0.5240
58778,8,0.2174
58779,8,0.3203
58780,9,0.5497
58781,21,0.1651
58782,8,0.3386
58783,9,0.2030
58784,8,0.1072
58785,5,0.1681
58786,5,0.1530
58788,8,0.1575
58789,8,0.6886
58790,4,0.6468
58791,28,0.2079
58792,8,0.1407
58793,0,0.1727
58794,4,0.4755
58795,4,0.2605
58796,1,0.1188
58797,21,0.1420
58798,7,0.1504
58799,9,0.1576
58800,9,0.1684
58801,8,0.3862
58802,16,0.2116
58803,0,0.2832
58804,1,0.2346
58805,5,0.1647
58806,9,0.1201
58807,9,0.2482
58808,17,0.1362
58809,9,0.3732
58810,9,0.2558
58811,9,0.1263
58812,9,0.1650
58813,9,0.2915
58814,9,0.4220
58815,9,0.4862
58816,2,0.5591
58817,2,0.3229
58818,2,0.3128
58819,4,0.1496
58820,0,0.1554
58821,7,0.2094
58822,5,0.1875
58823,9,0.2738
58824,9,0.3746
58825,5,0.2531
58826,5,0.2715
58827,0,0.2140
58828,4,0.2540
58829,5,0.1565
58830,5,0.2522
58831,5,0.1961
58832,5,0.1515
58833,9,0.2036
58834,9,0.2145
58835,5,0.1143
58836,5,0.2444
58837,9,0.3678
58838,8,0.8451
58839,16,0.4064
58840,16,0.4153
58841,21,0.2628
58842,21,0.2654
58843,8,0.1710
58844,21,0.1822
58845,24,0.3515
58846,21,0.2001
58847,21,0.2785
58848,21,0.2784
58849,21,0.1979
58850,21,0.2442
58851,24,0.2611
58852,24,0.1827
58853,7,0.2096
58854,21,0.2781
58855,8,0.3242
58856,9,0.2073
58857,7,0.1703
58858,7,0.1777
58859,8,0.2942
58860,7,0.1954
58861,21,0.2005
58862,8,0.2599
58863,8,0.2662
58864,8,0.2740
58865,21,0.1959
58866,9,0.1540
58867,9,0.1898
58868,8,0.1585
58869,21,0.1353
58870,21,0.2940
58871,7,0.2700
58872,7,0.2557
58873,7,0.2307
58874,7,0.1526
58875,21,0.2102
58876,21,0.2107
58877,21,0.2269
58878,21,0.1637
58879,7,0.1939
58880,5,0.1912
58881,5,0.2346
58882,7,0.1818
58883,7,0.1880
58884,7,0.2091
58885,7,0.2222
58886,7,0.2065
58887,7,0.2001
58888,7,0.2829
58889,7,0.2265
58890,21,0.1971
58891,7,0.1411
58892,9,0.1355
58893,7,0.1654
58894,21,0.1884
58895,21,0.2011
58896,21,0.2009
58897,21,0.2127
58898,21,0.1435
58899,21,0.2403
58900,7,0.1930
58901,7,0.2082
58902,21,0.2216
58903,7,0.1620
58904,7,0.1821
58905,9,0.3026
58906,8,0.5027
58907,9,0.3906
58908,21,0.1871
58909,21,0.1650
58910,9,0.1627
58911,7,0.1525
58912,8,0.3083
58913,9,0.2675
58914,9,0.5021
58915,9,0.1758
58916,9,0.1313
58917,8,0.2449
58918,21,0.1958
58919,7,0.2150
58920,8,0.4476
58921,8,0.2221
58922,7,0.1825
58923,7,0.1263
58924,21,0.1497
58925,21,0.1323
58926,8,0.2064
58927,8,0.4063
58928,8,0.6527
58929,8,0.4626
58930,9,0.3027
58931,8,0.3759
58932,8,0.2581
58933,8,0.1844
58934,24,0.2493
58935,7,0.2645
58936,21,0.1429
58937,21,0.2300
58938,8,0.2300
58939,8,0.2228
58940,9,0.2291
58941,7,0.2178
58942,7,0.1801
58943,7,0.1812
58944,7,0.1787
58945,7,0.1423
58946,7,0.1930
58947,5,0.1780
58948,7,0.1735
58949,7,0.2244
58950,8,0.3142
58951,9,0.2158
58952,9,0.3410
58953,8,0.3985
58954,9,0.2516
58955,8,0.3026
58956,11,0.1519
58957,8,0.1788
58958,7,0.2011
58959,7,0.1899
58960,7,0.2081
58961,5,0.2364
58962,7,0.2007
58963,7,0.2320
58964,7,0.2278
58965,7,0.2260
58966,7,0.2854
58967,9,0.2276
58968,7,0.1713
58969,11,0.1749
58970,7,0.2253
58971,7,0.2299
58972,7,0.2261
58973,7,0.2106
58974,21,0.1742
58975,10,0.1201
58976,7,0.1486
58977,8,0.2237
58978,21,0.1942
58979,21,0.2010
58980,21,0.1980
58981,7,0.2401
58982,7,0.3042
58983,7,0.1758
58984,7,0.1812
58985,22,0.2564
58986,23,0.2998
58987,8,0.2981
58988,23,0.2457
58989,16,0.2722
58990,8,0.3096
58991,21,0.2318
58992,22,0.2111
58993,20,0.1461
58994,23,0.2379
58995,23,0.2322
58996,8,0.4449
58997,28,0.1769
58998,22,0.1504
58999,22,0.1575
59000,22,0.1051
59001,31,0.1324
59002,28,0.1410
59003,20,0.1504
59005,23,0.1505
59006,23,0.2080
59007,22,0.1305
59008,27,0.1293
59009,27,0.1767
59010,4,0.1944
59011,22,0.1894
59012,27,0.1367
59013,23,0.1547
59014,22,0.1481
59015,23,0.1213
59016,6,0.1318
59017,23,0.1488
59018,27,0.1279
59019,27,0.1474
59020,4,0.2231
59021,28,0.2040
59022,26,0.1063
59025,22,0.1451
59026,22,0.2637
59027,22,0.2220
59028,23,0.1070
59030,23,0.1254
59031,22,0.1584
59032,27,0.1576
59033,22,0.2122
59034,4,0.1433
59035,28,0.1540
59036,22,0.2786
59037,23,0.1061
59038,23,0.1397
59039,23,0.1652
59041,14,0.1060
59042,23,0.1350
59043,23,0.1113
59044,23,0.1651
59045,23,0.1579
59046,19,0.1142
59049,22,0.1280
59050,23,0.1149
59051,4,0.2091
59052,16,0.1326
59053,31,0.1789
59054,19,0.1849
59055,8,0.3297
59056,9,0.3828
59057,8,0.3932
59058,8,0.3535
59059,7,0.1849
59061,28,0.1615
59062,4,0.8761
59063,4,0.5957
59064,22,0.2101
59065,24,0.2043
59066,24,0.1887
59067,22,0.1184
59068,24,0.1871
59069,24,0.1571
59070,24,0.1757
59071,10,0.1294
59072,24,0.1445
59073,11,0.1851
59074,0,0.1581
59075,11,0.2283
59076,7,0.1940
59077,21,0.1692
59079,11,0.1396
59080,7,0.1654
59083,21,0.2533
59084,21,0.2048
59085,19,0.1781
59086,19,0.1084
59087,21,0.1605
59088,7,0.2032
59089,21,0.2124
59090,7,0.2321
59091,7,0.2844
59092,21,0.3072
59093,7,0.2264
59094,15,0.1387
59095,21,0.1382
59096,21,0.1463
59097,15,0.2473
59098,7,0.2565
59099,21,0.1920
59100,11,0.1489
59101,13,0.1649
59102,15,0.1217
59104,15,0.3043
59105,15,0.2439
59106,13,0.2368
59107,13,0.1815
59108,13,0.1819
59109,0,0.2395
59110,16,0.1931
59111,0,0.1955
59112,9,0.1807
59113,21,0.1816
59114,15,0.2118
59115,5,0.2271
59116,15,0.2451
59117,15,0.2396
59118,15,0.3201
59119,15,0.2152
59120,15,0.1401
59121,21,0.2889
59122,15,0.1867
59123,15,0.1933
59124,0,0.1669
59125,8,0.2242
59126,21,0.2670
59127,19,0.1762
59128,9,0.1938
59129,19,0.1645
59130,9,0.1417
59131,13,0.1423
59132,13,0.2994
59133,9,0.1670
59134,9,0.2324
59135,9,0.1768
59136,7,0.1981
59137,5,0.1784
59138,5,0.1852
59139,5,0.2039
59140,15,0.1434
59141,16,0.3215
59142,16,0.2115
59143,16,0.3174
59144,19,0.2275
59145,16,0.1698
59146,21,0.1951
59147,19,0.1288
59148,15,0.3096
59149,15,0.2414
59150,15,0.2779
59151,21,0.2978
59152,15,0.1911
59153,7,0.3033
59154,21,0.2212
59155,21,0.2044
59156,19,0.2099
59157,19,0.2596
59158,15,0.2106
59159,15,0.1900
59160,13,0.2558
59161,13,0.2084
59162,15,0.1983
59163,15,0.2313
59164,19,0.1774
59165,16,0.1924
59166,13,0.2197
59167,16,0.1450
59168,13,0.2116
59169,15,0.1982
59170,7,0.1694
59171,15,0.2178
59172,21,0.2188
59173,15,0.1985
59174,7,0.2332
59175,5,0.2113
59176,15,0.1489
59177,13,0.1672
59178,5,0.1939
59179,13,0.1915
59180,13,0.1893
59181,5,0.1094
59182,13,0.1881
59183,13,0.2377
59184,7,0.1877
59185,11,0.1934
59186,15,0.1444
59187,13,0.1632
59188,13,0.2753
59189,5,0.1720
59190,7,0.2225
59191,7,0.1832
59192,5,0.1436
59193,7,0.1071
59194,7,0.1454
59195,7,0.1397
59196,0,0.1387
59198,7,0.1703
59199,21,0.3598
59200,16,0.1959
59201,21,0.2362
59202,15,0.1678
59203,16,0.1701
59204,19,0.2031
59205,19,0.1176
59206,16,0.4497
59207,16,0.5792
59208,16,0.1745
59209,19,0.1551
59210,21,0.2153
59211,21,0.3475
59212,21,0.2468
59213,13,0.1824
59214,13,0.2203
59215,16,0.2626
59216,16,0.2433
59217,16,0.2493
59218,21,0.3097
59219,16,0.2641
59220,8,0.1813
59221,16,0.1584
59222,21,0.1767
59223,7,0.1191
59224,21,0.2382
59225,21,0.2894
59226,5,0.2133
59227,1,0.1103
59228,19,0.1265
59229,5,0.1211
59230,5,0.1430
59231,21,0.2996
59232,16,0.1646
59233,13,0.1143
59234,7,0.1111
59235,5,0.1412
59236,15,0.1137
59237,21,0.1595
59238,19,0.1503
59239,19,0.1770
59240,5,0.1546
59241,19,0.1465
59242,15,0.1764
59243,15,0.1577
59244,15,0.1145
59245,15,0.2062
59246,7,0.1931
59247,19,0.1155
59248,8,0.3768
59249,16,0.2480
59250,15,0.1096
59251,19,0.1808
59253,0,0.1154
59255,5,0.1239
59256,9,0.1387
59257,7,0.1089
59258,8,0.1576
59259,21,0.1565
59260,15,0.1719
59261,5,0.1740
59262,21,0.1900
59263,0,0.1362
59264,17,0.1039
59265,15,0.1198
59266,5,0.1411
59267,9,0.2671
59268,5,0.1331
59269,7,0.1163
59270,21,0.1925
59271,21,0.2151
59273,15,0.1476
59274,11,0.1228
59275,7,0.2126
59276,21,0.2883
59277,7,0.2088
59278,16,0.1517
59279,21,0.2243
59280,21,0.1345
59281,21,0.2735
59282,21,0.2036
59283,21,0.2011
59284,7,0.2754
59285,7,0.1996
59286,7,0.1964
59287,1,0.1104
59288,5,0.1389
59289,5,0.1394
59290,5,0.1710
59291,5,0.3049
59292,5,0.1987
59293,5,0.1549
59294,5,0.1810
59295,5,0.2764
59296,5,0.2842
59297,19,0.1440
59298,19,0.1708
59299,5,0.1152
59302,5,0.2061
59303,4,0.8462
59304,4,0.9883
59305,4,0.2718
59306,5,0.1412
59307,5,0.1429
59308,5,0.1470
59309,5,0.1924
59310,5,0.2703
59311,5,0.2677
59312,5,0.3638
59313,5,0.1954
59314,6,0.1205
59315,6,0.1525
59316,6,0.1216
59317,9,0.1199
59318,5,0.1873
59319,5,0.1551
59320,5,0.1285
59321,19,0.1184
59322,5,0.1621
59323,5,0.1300
59324,5,0.4161
59325,5,0.1606
59326,5,0.3540
59327,19,0.1242
59328,5,0.2514
59329,5,0.2629
59330,5,0.3377
59331,5,0.3500
59332,5,0.3181
59333,5,0.2301
59334,6,0.1230
59335,10,0.1442
59336,9,0.2446
59337,9,0.2226
59339,7,0.2390
59340,5,0.1807
59341,5,0.1852
59342,5,0.1287
59343,9,0.2477
59344,5,0.4006
59345,19,0.1670
59346,19,0.1696
59347,19,0.1665
59348,19,0.1797
59349,5,0.1681
59350,5,0.2868
59351,9,0.2366
59352,5,0.1934
59353,5,0.2437
59354,5,0.1916
59355,19,0.1906
59356,23,0.1432
59357,19,0.2024
59358,19,0.2017
59359,21,0.1842
59360,19,0.1699
59361,19,0.2008
59362,9,0.1370
59363,19,0.1904
59364,8,0.7246
59365,8,0.6102
59366,16,0.5584
59367,16,0.4545
59368,19,0.2233
59369,16,0.2933
59370,19,0.2462
59371,16,0.3306
59372,19,0.2594
59373,16,0.2272
59374,19,0.2013
59375,19,0.2196
59376,16,0.5777
59377,16,0.5649
59378,8,0.6498
59379,21,0.2513
59380,19,0.1826
59381,19,0.2298
59382,19,0.3554
59383,8,0.6923
59384,16,0.4907
59385,9,0.2381
59386,21,0.3144
59387,16,0.2950
59388,21,0.2583
59389,21,0.2011
59390,16,0.2573
59391,19,0.2239
59392,9,0.2315
59393,9,0.2439
59394,9,0.2531
59395,8,0.3364
59396,21,0.1900
59397,16,0.2416
59398,19,0.1825
59399,19,0.1546
59400,5,0.1562
59401,5,0.4355
59402,5,0.1937
59403,5,0.2206
59404,5,0.1478
59405,5,0.1764
59406,5,0.1893
59407,5,0.2050
59408,5,0.1127
59409,5,0.1640
59410,5,0.4447
59411,5,0.2388
59412,5,0.3257
59413,19,0.1607
59414,19,0.1590
59415,5,0.1980
59416,5,0.2431
59417,5,0.2468
59418,5,0.1380
59419,5,0.2856
59420,5,0.1728
59421,19,0.1506
59422,5,0.1591
59423,5,0.1492
59424,5,0.1136
59425,5,0.1799
59426,9,0.1682
59427,5,0.2084
59428,16,0.1324
59429,16,0.1567
59430,5,0.1275
59431,19,0.1169
59432,5,0.1668
59433,5,0.2065
59434,5,0.1290
59435,5,0.1188
59436,5,0.1402
59437,6,0.1085
59438,9,0.1378
59439,5,0.1377
59440,7,0.1212
59441,6,0.1216
59443,5,0.2668
59444,5,0.1317
59445,5,0.2362
59446,7,0.1272
59447,8,0.2029
59448,8,0.2502
59450,5,0.1566
59451,5,0.2136
59452,8,0.2959
59453,8,0.2500
59454,19,0.1247
59455,5,0.3040
59456,19,0.1188
59457,6,0.1219
59458,24,0.1309
59459,23,0.1069
59460,19,0.1379
59461,5,0.1389
59462,5,0.2725
59463,5,0.1472
59464,5,0.1842
59465,5,0.1750
59467,5,0.2201
59469,5,0.2014
59470,5,0.1737
59471,6,0.1132
59472,6,0.1359
59473,5,0.1157
59474,5,0.1421
59476,7,0.1466
59477,5,0.1868
59478,5,0.3337
59479,9,0.1472
59480,19,0.1312
59482,5,0.1646
59483,5,0.1747
59484,5,0.1469
59485,5,0.1852
59486,6,0.1287
59488,1,0.1789
59489,5,0.1231
59490,5,0.4077
59491,7,0.1092
59492,7,0.1506
59493,21,0.1381
59494,0,0.1350
59495,21,0.2841
59496,21,0.1950
59497,19,0.1490
59498,7,0.3123
59499,21,0.1637
59500,9,0.5525
59501,21,0.2525
59502,7,0.2806
59503,9,0.3046
59504,9,0.2957
59505,21,0.3079
59506,21,0.2238
59507,5,0.1948
59508,7,0.1987
59509,21,0.2003
59510,21,0.2557
59511,7,0.2173
59512,21,0.3184
59513,9,0.2073
59514,16,0.2211
59515,21,0.3276
59516,21,0.2037
59517,21,0.1756
59518,7,0.2545
59519,7,0.2320
59520,7,0.1703
59521,7,0.2198
59522,7,0.3190
59523,7,0.2843
59524,7,0.1925
59525,7,0.2227
59526,7,0.1960
59527,7,0.2072
59528,5,0.1809
59529,21,0.1309
59530,21,0.1967
59531,21,0.1709
59532,9,0.2353
59533,9,0.4225
59534,9,0.3589
59535,21,0.2119
59536,21,0.3010
59537,21,0.2878
59538,9,0.3086
59539,21,0.3467
59540,9,0.1832
59541,5,0.1583
59542,9,0.2193
59543,21,0.2200
59544,21,0.3592
59545,21,0.3932
59546,21,0.3023
59547,7,0.2578
59548,7,0.2087
59549,21,0.2099
59550,8,0.2668
59551,21,0.2995
59552,15,0.2212
59553,7,0.1657
59554,9,0.2728
59555,21,0.2585
59556,5,0.1863
59557,11,0.1748
59558,15,0.1583
59559,16,0.1583
59560,7,0.2465
59561,9,0.3025
59562,21,0.2116
59563,8,0.2268
59564,9,0.2241
59565,9,0.3780
59566,9,0.4113
59567,9,0.2718
59568,7,0.3159
59569,7,0.2041
59570,21,0.1967
59571,19,0.1726
59572,9,0.2223
59573,7,0.1711
59574,21,0.3002
59575,15,0.2584
59576,7,0.1927
59577,9,0.2681
59578,9,0.2586
59579,9,0.2044
59580,21,0.3688
59581,21,0.2437
59582,21,0.2326
59583,21,0.2116
59584,21,0.2994
59585,9,0.5854
59586,16,0.5597
59587,16,0.2217
59588,24,0.3043
59589,7,0.3180
59590,21,0.3777
59591,21,0.2151
59592,7,0.2185
59593,11,0.2710
59594,21,0.1897
59595,21,0.2061
59596,21,0.1858
59597,7,0.2216
59598,7,0.2560
59599,21,0.1594
59600,21,0.2039
59601,21,0.1335
59602,7,0.2188
59603,7,0.2484
59604,7,0.2193
59605,1,0.1218
59606,7,0.1186
59607,21,0.1520
59608,7,0.1457
59610,16,0.1283
59611,4,0.6395
59612,0,0.4856
59613,21,0.1559
59614,19,0.1552
59615,31,0.1640
59616,31,0.1381
59617,8,0.2714
59618,8,0.7906
59619,8,0.2048
59620,7,0.1676
59621,21,0.1343
59622,1,0.1092
59623,7,0.1686
59624,21,0.1430
59625,21,0.1744
59626,1,0.1041
59627,1,0.1955
59628,12,0.2367
59629,32,0.1436
59630,21,0.1445
59633,30,0.1530
59634,19,0.2097
59635,19,0.1789
59636,7,0.2075
59637,21,0.1813
59638,21,0.2033
59639,21,0.1523
59640,5,0.1483
59641,7,0.1632
59642,21,0.2083
59643,1,0.1707
59644,1,0.1781
59645,11,0.1633
59646,21,0.1988
59647,21,0.1705
59648,7,0.1984
59649,7,0.2559
59650,9,0.2448
59651,21,0.2164
59652,21,0.1821
59653,9,0.1865
59654,16,0.3806
59655,8,0.4517
59656,9,0.3915
59657,9,0.2252
59658,8,0.4526
59659,21,0.2651
59660,7,0.2037
59661,21,0.2169
59662,0,0.2683
59663,8,0.2276
59664,9,0.2104
59665,8,0.4201
59666,21,0.2172
59667,7,0.1747
59668,7,0.2185
59669,21,0.2012
59670,15,0.2355
59671,21,0.2617
59672,21,0.2691
59673,21,0.3545
59674,7,0.2544
59675,21,0.2020
59676,21,0.2264
59677,7,0.2240
59678,21,0.2450
59679,21,0.1393
59680,1,0.1770
59681,11,0.2197
59683,19,0.1230
59684,7,0.2167
59685,7,0.2385
59686,1,0.1875
59687,1,0.4012
59688,0,0.2028
59689,7,0.2586
59690,19,0.2370
59691,19,0.2704
59692,21,0.1989
59693,9,0.2384
59694,9,0.3378
59695,5,0.1671
59696,21,0.2464
59697,21,0.1650
59698,5,0.1708
59699,7,0.2509
59700,21,0.2690
59701,0,0.3350
59702,0,0.1092
59703,0,0.3946
59704,11,0.2201
59705,21,0.2137
59706,21,0.2627
59707,21,0.2173
59708,21,0.2275
59709,21,0.2482
59710,7,0.2425
59711,21,0.2156
59712,16,0.2458
59713,21,0.2292
59714,9,0.1963
59715,9,0.5879
59716,21,0.3308
59717,7,0.2486
59718,7,0.1487
59719,7,0.2200
59720,7,0.2189
59721,21,0.2159
59722,21,0.2189
59723,7,0.1708
59724,7,0.1539
59725,5,0.1330
59726,7,0.1748
59727,7,0.1313
59728,7,0.1812
59729,7,0.1693
59730,7,0.1576
59731,21,0.1451
59732,7,0.1962
59733,21,0.1987
59734,21,0.1675
59735,7,0.2018
59736,21,0.2479
59737,7,0.2134
59738,7,0.2638
59739,21,0.1742
59740,21,0.2447
59741,21,0.1946
59742,7,0.2533
59743,7,0.2177
59744,7,0.2136
59745,8,0.1699
59746,7,0.1468
59747,21,0.1414
59748,21,0.1409
59749,7,0.2138
59750,7,0.3123
59751,7,0.2377
59752,7,0.2238
59753,7,0.1933
59754,7,0.1645
59755,7,0.2132
59756,7,0.1390
59757,7,0.1512
59758,7,0.1767
59759,7,0.2180
59760,7,0.2041
59761,19,0.1646
59762,7,0.2197
59763,0,0.2042
59764,21,0.1926
59765,21,0.1755
59766,7,0.2054
59767,11,0.1762
59768,21,0.1649
59769,21,0.2631
59770,21,0.1681
59771,21,0.1688
59772,21,0.2843
59773,9,0.2115
59774,7,0.2534
59775,7,0.1643
59776,7,0.2041
59777,9,0.1446
59778,5,0.1554
59779,7,0.1569
59780,21,0.1855
59781,0,0.1525
59782,7,0.2010
59783,9,0.1869
59784,9,0.2423
59785,16,0.4566
59786,9,0.5650
59787,9,0.2669
59788,9,0.2313
59789,9,0.3681
59790,9,0.4832
59791,9,0.5938
59792,9,0.4208
59793,9,0.2833
59794,9,0.1760
59795,21,0.1565
59796,7,0.1825
59797,7,0.1919
59798,21,0.2759
59799,21,0.1959
59800,7,0.1863
59801,21,0.1056
59802,21,0.1831
59803,7,0.2085
59804,21,0.1410
59805,19,0.1271
59806,21,0.1216
59807,9,0.2160
59808,21,0.1625
59809,21,0.1519
59810,7,0.1343
59811,8,0.1905
59812,0,0.1614
59813,7,0.2746
59814,21,0.1990
59815,21,0.2530
59816,21,0.3757
59817,7,0.2148
59818,7,0.2125
59819,16,0.1048
59820,19,0.1272
59821,7,0.1537
59822,7,0.2179
59823,8,0.1358
59824,21,0.1209
59825,24,0.2025
59826,21,0.2531
59827,8,0.3405
59828,8,0.2122
59829,22,0.1162
59830,19,0.1212
59831,5,0.2094
59832,8,0.1470
59833,24,0.1514
59834,21,0.1771
59835,7,0.1619
59836,21,0.1153
59837,24,0.2301
59838,24,0.3279
59839,21,0.2341
59840,21,0.2647
59841,7,0.1992
59842,7,0.2608
59843,21,0.2165
59844,0,0.3142
59845,0,0.1876
59846,21,0.2551
59847,21,0.2302
59848,8,0.2671
59849,21,0.2545
59850,21,0.2611
59851,9,0.2011
59852,9,0.3339
59853,9,0.2067
59854,21,0.2453
59855,8,0.1596
59856,16,0.2052
59857,23,0.1268
59858,8,0.5189
59859,9,0.3937
59860,9,0.4230
59861,21,0.1192
59863,21,0.1088
59864,21,0.1315
59865,7,0.1540
59866,7,0.1611
59867,7,0.1944
59868,7,0.1476
59869,21,0.2442
59870,8,0.2080
59871,8,0.4377
59872,9,0.3796
59873,9,0.2679
59874,21,0.1719
59875,8,0.4253
59876,5,0.1602
59877,15,0.1133
59878,21,0.1375
59879,9,0.2021
59880,9,0.3531
59881,7,0.1712
59882,9,0.2902
59883,9,0.2880
59884,9,0.2094
59885,7,0.1063
59886,21,0.1279
59887,21,0.1139
59888,7,0.1415
59889,21,0.1723
59890,21,0.1658
59891,7,0.1773
59892,7,0.2050
59893,21,0.1634
59894,19,0.1223
59895,8,0.4062
59896,8,0.2086
59897,19,0.1713
59898,24,0.2236
59899,24,0.1586
59900,19,0.1993
59901,19,0.1386
59902,0,0.1032
59903,21,0.1696
59904,0,0.1571
59905,7,0.1612
59906,7,0.2220
59907,7,0.2216
59908,7,0.1485
59909,22,0.1322
59910,19,0.2558
59911,7,0.1540
59912,7,0.1578
59913,5,0.1271
59914,19,0.2635
59915,19,0.1638
59917,7,0.1312
59918,12,0.1403
59919,16,0.1650
59920,8,0.2857
59921,22,0.2744
59922,23,0.1518
59923,23,0.2245
59924,22,0.1620
59926,16,0.1748
59927,12,0.2232
59928,12,0.2693
59930,7,0.1249
59931,19,0.1920
59932,24,0.1728
59933,19,0.1494
59935,7,0.1699
59936,28,0.1573
59937,12,0.1604
59938,0,0.1416
59939,8,0.1625
59940,16,0.1264
59942,23,0.1038
59943,21,0.1799
59944,21,0.1286
59945,0,0.1402
59946,7,0.1792
59947,7,0.1243
59948,5,0.1131
59949,5,0.1310
59950,7,0.1733
59951,7,0.2027
59954,7,0.1089
59955,21,0.1378
59957,2,0.1943
59958,29,0.1059
59959,8,0.1572
59960,16,0.3900
59961,8,0.3427
59962,8,0.6295
59963,23,0.1862
59964,9,0.1751
59965,8,0.3784
59966,23,0.1329
59967,16,0.3585
59968,8,0.7060
59969,8,0.2393
59970,21,0.1815
59971,16,0.3111
59972,8,0.4181
59973,21,0.1473
59974,8,0.1774
59975,19,0.1582
59976,24,0.1803
59977,16,0.1551
59978,22,0.2132
59979,21,0.1997
59980,24,0.2593
59981,19,0.1663
59982,8,0.2380
59983,8,0.2145
59984,7,0.1841
59985,19,0.1593
59986,21,0.2039
59987,21,0.2851
59988,21,0.1668
59989,21,0.3274
59990,21,0.2410
59991,24,0.2427
59992,19,0.1544
59993,21,0.1316
59994,7,0.1084
59995,21,0.1209
59996,19,0.1355
59997,7,0.1181
59998,8,0.2873
59999,16,0.2786
